-- Generated by Craft v2.6.2796 on Aug 3, 2016, 5:47:33 PM.

--
-- Disable foreign key checks and autocommit.
--

SET FOREIGN_KEY_CHECKS = 0;
SET SQL_MODE = "NO_AUTO_VALUE_ON_ZERO";
SET AUTOCOMMIT = 0;
SET NAMES utf8;


DROP TABLE IF EXISTS `craft_assetfiles`;


--
-- Schema for table `craft_assetfiles`
--
CREATE TABLE `craft_assetfiles` (
  `id` int(11) NOT NULL,
  `sourceId` int(11) DEFAULT NULL,
  `folderId` int(11) NOT NULL,
  `filename` varchar(255) COLLATE utf8_unicode_ci NOT NULL,
  `kind` varchar(50) COLLATE utf8_unicode_ci NOT NULL DEFAULT 'unknown',
  `width` int(11) unsigned DEFAULT NULL,
  `height` int(11) unsigned DEFAULT NULL,
  `size` bigint(20) unsigned DEFAULT NULL,
  `dateModified` datetime DEFAULT NULL,
  `dateCreated` datetime NOT NULL,
  `dateUpdated` datetime NOT NULL,
  `uid` char(36) COLLATE utf8_unicode_ci NOT NULL DEFAULT '0',
  PRIMARY KEY (`id`),
  UNIQUE KEY `craft_assetfiles_filename_folderId_unq_idx` (`filename`,`folderId`),
  KEY `craft_assetfiles_sourceId_fk` (`sourceId`),
  KEY `craft_assetfiles_folderId_fk` (`folderId`)
) ENGINE=InnoDB DEFAULT CHARSET=utf8 COLLATE=utf8_unicode_ci;

--
-- Data for table `craft_assetfiles`
--

INSERT INTO `craft_assetfiles` (`id`, `sourceId`, `folderId`, `filename`, `kind`, `width`, `height`, `size`, `dateModified`, `dateCreated`, `dateUpdated`, `uid`) VALUES
 ('4', '1', '1', 'BLM_7.7.16.jpg', 'image', '575', '766', '148796', '2016-07-11 16:47:09', '2016-07-11 16:47:09', '2016-07-11 16:47:09', '05ea75af-e91c-437a-95d0-74bca8b920ef'),
 ('6', '1', '1', 'BLM_say_their_names_7.7.16.jpg', 'image', '575', '825', '121390', '2016-07-11 21:27:02', '2016-07-11 17:16:48', '2016-07-11 21:27:06', '581f6247-2512-4801-9787-cf197c94c201'),
 ('11', '1', '1', 'AIDS_Free_USA_2025_date_graphic.jpg', 'image', '1252', '506', '86172', '2016-07-11 18:33:54', '2016-07-11 18:33:54', '2016-07-11 18:33:54', 'a23c99a3-ac1f-475d-9a80-56c7aa3e3b29'),
 ('12', '1', '1', 'HIV_crim_2.jpg', 'image', '860', '350', '284007', '2016-07-11 19:04:07', '2016-07-11 19:04:08', '2016-07-11 19:04:08', '09e6d3eb-e29e-42f7-a1a4-c13320f74e5e'),
 ('15', '1', '1', 'HAR10_Map_Haiti_small.jpg', 'image', '383', '377', '34013', '2016-07-11 19:45:37', '2016-07-11 19:45:37', '2016-07-11 19:45:37', '44d72470-b077-4c52-9824-8d8b04fa9d91'),
 ('17', '1', '1', 'HIV_continuum_NYS_red_ribbon_style_August_2014.jpg', 'image', '577', '416', '40520', '2016-07-11 20:12:37', '2016-07-11 20:12:37', '2016-07-11 20:12:37', '93c7af20-fa84-490a-8c08-0cea0416bf5c'),
 ('21', '1', '1', 'Knowing_your_Epidemic.jpg', 'image', '546', '466', '31398', '2016-07-11 20:14:26', '2016-07-11 20:14:27', '2016-07-11 20:14:27', '3ad86f62-b9ad-4ab9-8ce3-eadb402cc436'),
 ('26', '1', '1', 'truvada.jpg', 'image', '605', '305', '102007', '2016-07-11 22:04:57', '2016-07-11 22:04:57', '2016-07-11 22:04:57', '5fd11f11-df44-498b-aa36-aa5e48d26066'),
 ('28', '1', '1', 'Martus-Graduates-Nov-2013-300x225.jpg', 'image', '353', '328', '43126', '2016-07-11 22:40:39', '2016-07-11 22:40:39', '2016-07-11 22:40:39', '021e0fc3-be80-40e0-bf0b-8800c0a14c0b'),
 ('35', '2', '2', 'ORG_PressPages_F4A2013_2_Glamour_Magazine.png', 'image', '775', '1543', '1251329', '2016-07-12 15:58:08', '2016-07-12 15:58:08', '2016-07-12 15:58:08', 'cf8b096f-914e-469a-8c47-25c597fe2b70'),
 ('37', '2', '2', 'website.png', 'image', '1011', '777', '603497', '2016-07-12 16:03:53', '2016-07-12 16:03:53', '2016-07-12 16:03:53', '8df05ecd-1815-4931-b01b-ad83ecb0c57b'),
 ('43', '2', '2', '2-editortv.jpg', 'image', '1015', '623', '101915', '2016-07-12 17:06:40', '2016-07-12 17:06:40', '2016-07-12 17:06:40', '4a65263d-6d41-4a2c-9013-1daeea3a930d'),
 ('45', '2', '2', 'ORG_PressPages_F4A2013_5_NY_MAG-1.jpg', 'image', '776', '2000', '247027', '2016-07-12 17:09:24', '2016-07-12 17:09:25', '2016-07-12 17:09:25', '3c412ab8-dd14-4063-91a7-7f1bda945008'),
 ('48', '2', '2', 'housing_is_healthcare.jpg', 'image', '992', '842', '94016', '2016-07-12 18:52:50', '2016-07-12 18:52:50', '2016-07-12 18:52:50', 'bfb8f694-32fa-4f47-973a-d7f7d453597e'),
 ('50', '2', '2', 'unaids-logo.png', 'image', '808', '384', '98921', '2016-07-12 19:06:37', '2016-07-12 19:06:37', '2016-07-12 19:06:37', '9a9b9d5d-6b3c-42e0-9296-4051b2faca00'),
 ('63', '2', '2', 'BKS_SummerFictionSale.jpeg', 'image', '760', '300', '170119', '2016-07-13 15:26:00', '2016-07-13 15:26:00', '2016-07-13 15:26:00', '27c25c07-20aa-4206-93a3-27ed3cab5016'),
 ('64', '1', '1', 'BKS_SummerFictionSale.jpeg', 'image', '760', '300', '170119', '2016-07-13 15:27:13', '2016-07-13 15:27:13', '2016-07-13 15:27:13', '9b42674b-3292-4337-9c91-027df67caea8'),
 ('65', '1', '1', 'ORG_EventAd_Storytime.jpeg', 'image', '760', '300', '111394', '2016-07-13 15:32:45', '2016-07-13 15:32:45', '2016-07-13 15:32:45', 'fc90c8fe-d2c9-42d0-a6eb-c0be530bf8a6'),
 ('76', '3', '3', '1-train.svg', 'image', '24', '24', '1070', '2016-07-19 14:40:06', '2016-07-19 14:40:07', '2016-07-19 14:40:07', 'bd6b0e91-567c-4fd7-ac44-c26f07c931d6'),
 ('77', '3', '3', '2-train.svg', 'image', '24', '24', '1038', '2016-07-19 14:40:07', '2016-07-19 14:40:07', '2016-07-19 14:40:07', '6e949f00-a6b8-4547-9fff-3661a3616b5a'),
 ('78', '3', '3', '3-train.svg', 'image', '24', '24', '1054', '2016-07-19 14:40:07', '2016-07-19 14:40:07', '2016-07-19 14:40:07', 'e572e250-ca38-4d3c-9cd2-1f20366b7ec6'),
 ('79', '3', '3', '4-train.svg', 'image', '24', '24', '964', '2016-07-19 14:40:07', '2016-07-19 14:40:07', '2016-07-19 14:40:07', '0ab035d6-28ec-4dde-bf0a-31f21aa1927c'),
 ('80', '3', '3', '5-train.svg', 'image', '24', '24', '1038', '2016-07-19 14:40:07', '2016-07-19 14:40:08', '2016-07-19 14:40:08', '7483e63c-2285-4293-9a38-5d49164e8883'),
 ('81', '3', '3', '6-train.svg', 'image', '24', '24', '1038', '2016-07-19 14:40:08', '2016-07-19 14:40:08', '2016-07-19 14:40:08', '2ee0eda2-9bdd-4c40-9eca-2a3e0510c4ad'),
 ('82', '3', '3', '7-train.svg', 'image', '24', '24', '1011', '2016-07-19 14:40:08', '2016-07-19 14:40:08', '2016-07-19 14:40:08', '62102216-41fd-4faf-bd3e-37b91f5ad995'),
 ('83', '3', '3', 'A-train.svg', 'image', '24', '24', '1049', '2016-07-19 14:40:08', '2016-07-19 14:40:09', '2016-07-19 14:40:09', '7ae30690-f50d-47ed-a4c1-bdf357016526'),
 ('84', '3', '3', 'B-train.svg', 'image', '24', '24', '1049', '2016-07-19 14:40:09', '2016-07-19 14:40:09', '2016-07-19 14:40:09', '6faf249d-1068-4c9a-8868-412cc0896d87'),
 ('85', '3', '3', 'C-train.svg', 'image', '24', '24', '1027', '2016-07-19 14:40:09', '2016-07-19 14:40:09', '2016-07-19 14:40:09', '08802622-1392-4546-bcc9-55b6d7113479'),
 ('86', '3', '3', 'D-train.svg', 'image', '24', '24', '1049', '2016-07-19 14:40:09', '2016-07-19 14:40:09', '2016-07-19 14:40:09', '38a317e8-c1eb-413a-afa3-1d3e92f0cbfd'),
 ('87', '3', '3', 'E-train.svg', 'image', '24', '24', '1030', '2016-07-19 14:40:09', '2016-07-19 14:40:10', '2016-07-19 14:40:10', 'bae080c2-3afb-4baf-b5b4-e338986f1bc8'),
 ('88', '3', '3', 'F-train.svg', 'image', '24', '24', '1051', '2016-07-19 14:40:10', '2016-07-19 14:40:10', '2016-07-19 14:40:10', 'c4c1fc13-4df4-43ad-8857-548634a291c9'),
 ('89', '3', '3', 'G-train.svg', 'image', '24', '24', '962', '2016-07-19 14:40:10', '2016-07-19 14:40:10', '2016-07-19 14:40:10', '6b441c01-db0c-4635-b574-e7bacdb04cbc'),
 ('90', '3', '3', 'J-train.svg', 'image', '24', '24', '1034', '2016-07-19 14:40:10', '2016-07-19 14:40:10', '2016-07-19 14:40:10', '7ffeee2c-7b19-48cc-adfa-ffdfb179989e'),
 ('91', '3', '3', 'L-train.svg', 'image', '24', '24', '1096', '2016-07-19 14:40:10', '2016-07-19 14:40:11', '2016-07-19 14:40:11', '8e2a6ae7-4fc0-4f31-a3ed-08113ae86159'),
 ('92', '3', '3', 'M-train.svg', 'image', '24', '24', '1051', '2016-07-19 14:40:11', '2016-07-19 14:40:11', '2016-07-19 14:40:11', '4bad9915-a939-4b88-9960-66d706809928'),
 ('93', '3', '3', 'N-train.svg', 'image', '24', '24', '1103', '2016-07-19 14:40:11', '2016-07-19 14:40:11', '2016-07-19 14:40:11', '668fa944-13b2-40b4-8c4d-85fc4b2716fa'),
 ('94', '3', '3', 'Q-train.svg', 'image', '24', '24', '1105', '2016-07-19 14:40:11', '2016-07-19 14:40:12', '2016-07-19 14:40:12', 'c2d36c36-448e-498c-95c1-3e80e55d72e6'),
 ('95', '3', '3', 'R-train.svg', 'image', '24', '24', '1105', '2016-07-19 14:40:12', '2016-07-19 14:40:12', '2016-07-19 14:40:12', 'c88f8de3-4bc4-45d1-b93d-d61d28f9982b'),
 ('96', '3', '3', 'S-train.svg', 'image', '24', '24', '1172', '2016-07-19 14:40:12', '2016-07-19 14:40:12', '2016-07-19 14:40:12', '7f6af045-0b21-4c54-9529-7b56a5e51590'),
 ('97', '3', '3', 'Z-train.svg', 'image', '24', '24', '940', '2016-07-19 14:40:12', '2016-07-19 14:40:12', '2016-07-19 14:40:12', 'fc5095a0-0276-4d19-b984-04e235195909'),
 ('120', '4', '4', 'books_by_the_foot.jpg', 'image', '425', '176', '46337', '2016-07-20 15:45:36', '2016-07-20 15:45:36', '2016-07-20 15:45:36', 'a0b8826a-331a-40cc-a1fe-6282bf4fc692'),
 ('122', '4', '4', 'page_Volunteer-Thrift_l.jpg', 'image', '860', '320', '115455', '2016-07-20 16:19:19', '2016-07-20 16:19:19', '2016-07-20 16:19:19', '524b85f6-316f-44c8-bd82-675f513a7477'),
 ('124', '4', '4', 'btb.jpeg', 'image', '1200', '440', '505973', '2016-07-20 16:20:16', '2016-07-20 16:20:16', '2016-07-20 16:20:16', '89a7d6ff-d0aa-4ee1-a0db-8a8e3de5bfda'),
 ('126', '4', '4', 'group_volunteer.jpg', 'image', '860', '320', '134380', '2016-07-20 16:24:26', '2016-07-20 16:24:26', '2016-07-20 16:24:26', 'f7bbb665-5db6-40a5-a103-4eda7edeb46f'),
 ('128', '4', '4', 'page_Internship2_l1.jpg', 'image', '860', '320', '105167', '2016-07-20 16:36:15', '2016-07-20 16:36:15', '2016-07-20 16:36:15', 'b493290c-c360-47fa-bd74-5f91df37abb1'),
 ('140', '4', '4', 'page_medical_dental_l.jpg', 'image', '860', '320', '63308', '2016-07-20 19:25:58', '2016-07-20 19:25:58', '2016-07-20 19:25:58', '9269d74e-90d4-4e2e-82a2-48a8c71a0a6b');



DROP TABLE IF EXISTS `craft_assetfolders`;


--
-- Schema for table `craft_assetfolders`
--
CREATE TABLE `craft_assetfolders` (
  `id` int(11) NOT NULL AUTO_INCREMENT,
  `parentId` int(11) DEFAULT NULL,
  `sourceId` int(11) DEFAULT NULL,
  `name` varchar(255) COLLATE utf8_unicode_ci NOT NULL,
  `path` varchar(255) COLLATE utf8_unicode_ci DEFAULT NULL,
  `dateCreated` datetime NOT NULL,
  `dateUpdated` datetime NOT NULL,
  `uid` char(36) COLLATE utf8_unicode_ci NOT NULL DEFAULT '0',
  PRIMARY KEY (`id`),
  UNIQUE KEY `craft_assetfolders_name_parentId_sourceId_unq_idx` (`name`,`parentId`,`sourceId`),
  KEY `craft_assetfolders_parentId_fk` (`parentId`),
  KEY `craft_assetfolders_sourceId_fk` (`sourceId`)
) ENGINE=InnoDB AUTO_INCREMENT=5 DEFAULT CHARSET=utf8 COLLATE=utf8_unicode_ci;

--
-- Data for table `craft_assetfolders`
--

INSERT INTO `craft_assetfolders` (`id`, `parentId`, `sourceId`, `name`, `path`, `dateCreated`, `dateUpdated`, `uid`) VALUES
 ('1', NULL, '1', 'AIDS Issues Update Blog', '', '2016-07-11 16:37:22', '2016-07-11 16:37:22', 'e6975948-87c6-4eb5-997c-69122a88db5f'),
 ('2', NULL, '2', 'Press', '', '2016-07-12 14:54:46', '2016-07-12 14:54:46', '771ccb40-03f6-4e26-81ec-6b9a81811b98'),
 ('3', NULL, '3', 'Location', '', '2016-07-19 14:20:35', '2016-07-19 14:20:35', 'b727f3b2-11d6-43da-9108-6066029fd919'),
 ('4', NULL, '4', 'Volunteer', '', '2016-07-20 15:34:20', '2016-07-20 15:34:20', '2ce9d956-9f0b-4e54-b5ad-fb7c00981ba9');



DROP TABLE IF EXISTS `craft_assetindexdata`;


--
-- Schema for table `craft_assetindexdata`
--
CREATE TABLE `craft_assetindexdata` (
  `id` int(11) NOT NULL AUTO_INCREMENT,
  `sessionId` varchar(36) COLLATE utf8_unicode_ci NOT NULL DEFAULT '',
  `sourceId` int(10) NOT NULL,
  `offset` int(10) NOT NULL,
  `uri` varchar(255) COLLATE utf8_unicode_ci DEFAULT NULL,
  `size` varchar(255) COLLATE utf8_unicode_ci DEFAULT NULL,
  `recordId` int(10) DEFAULT NULL,
  `dateCreated` datetime NOT NULL,
  `dateUpdated` datetime NOT NULL,
  `uid` char(36) COLLATE utf8_unicode_ci NOT NULL DEFAULT '0',
  PRIMARY KEY (`id`),
  UNIQUE KEY `craft_assetindexdata_sessionId_sourceId_offset_unq_idx` (`sessionId`,`sourceId`,`offset`),
  KEY `craft_assetindexdata_sourceId_fk` (`sourceId`)
) ENGINE=InnoDB DEFAULT CHARSET=utf8 COLLATE=utf8_unicode_ci;

DROP TABLE IF EXISTS `craft_assetsources`;


--
-- Schema for table `craft_assetsources`
--
CREATE TABLE `craft_assetsources` (
  `id` int(11) NOT NULL AUTO_INCREMENT,
  `name` varchar(255) COLLATE utf8_unicode_ci NOT NULL,
  `handle` varchar(255) COLLATE utf8_unicode_ci NOT NULL,
  `type` varchar(150) COLLATE utf8_unicode_ci NOT NULL,
  `settings` text COLLATE utf8_unicode_ci,
  `sortOrder` smallint(6) unsigned DEFAULT NULL,
  `fieldLayoutId` int(10) DEFAULT NULL,
  `dateCreated` datetime NOT NULL,
  `dateUpdated` datetime NOT NULL,
  `uid` char(36) COLLATE utf8_unicode_ci NOT NULL DEFAULT '0',
  PRIMARY KEY (`id`),
  UNIQUE KEY `craft_assetsources_name_unq_idx` (`name`),
  UNIQUE KEY `craft_assetsources_handle_unq_idx` (`handle`),
  KEY `craft_assetsources_fieldLayoutId_fk` (`fieldLayoutId`)
) ENGINE=InnoDB AUTO_INCREMENT=5 DEFAULT CHARSET=utf8 COLLATE=utf8_unicode_ci;

--
-- Data for table `craft_assetsources`
--

INSERT INTO `craft_assetsources` (`id`, `name`, `handle`, `type`, `settings`, `sortOrder`, `fieldLayoutId`, `dateCreated`, `dateUpdated`, `uid`) VALUES
 ('1', 'AIDS Issues Update Blog', 'aidsIssuesUpdateBlog', 'Local', '{\"path\":\"assets\\/aids-issues-update-blog\\/\",\"publicURLs\":\"1\",\"url\":\"\\/assets\\/aids-issues-update-blog\\/\"}', '1', '129', '2016-07-11 16:37:22', '2016-07-20 15:34:25', '5d20f1d9-619c-4fc2-8d1c-ead47b767980'),
 ('2', 'Press', 'press', 'Local', '{\"path\":\"assets\\/press\\/\",\"publicURLs\":\"1\",\"url\":\"\\/assets\\/press\\/\"}', '2', '130', '2016-07-12 14:54:46', '2016-07-20 15:34:31', 'cab11ea1-6164-4f02-b178-88c95d7e41ce'),
 ('3', 'Location', 'location', 'Local', '{\"path\":\"assets\\/location\\/\",\"publicURLs\":\"1\",\"url\":\"\\/assets\\/location\\/\"}', '3', '106', '2016-07-19 14:20:35', '2016-07-19 14:21:15', '60efc984-8558-466d-8043-9ddf3e0eb3f3'),
 ('4', 'Volunteer', 'volunteer', 'Local', '{\"path\":\"assets\\/volunteer\\/\",\"publicURLs\":\"1\",\"url\":\"\\/assets\\/volunteer\\/\"}', '4', '128', '2016-07-20 15:34:20', '2016-07-20 15:34:20', 'a7ab7ad4-1332-4be0-904b-532d1a8bd159');



DROP TABLE IF EXISTS `craft_assettransformindex`;


--
-- Schema for table `craft_assettransformindex`
--
CREATE TABLE `craft_assettransformindex` (
  `id` int(11) NOT NULL AUTO_INCREMENT,
  `fileId` int(11) NOT NULL,
  `filename` varchar(255) COLLATE utf8_unicode_ci DEFAULT NULL,
  `format` varchar(255) COLLATE utf8_unicode_ci DEFAULT NULL,
  `location` varchar(255) COLLATE utf8_unicode_ci NOT NULL,
  `sourceId` int(11) DEFAULT NULL,
  `fileExists` tinyint(1) DEFAULT NULL,
  `inProgress` tinyint(1) DEFAULT NULL,
  `dateIndexed` datetime DEFAULT NULL,
  `dateCreated` datetime NOT NULL,
  `dateUpdated` datetime NOT NULL,
  `uid` char(36) COLLATE utf8_unicode_ci NOT NULL DEFAULT '0',
  PRIMARY KEY (`id`),
  KEY `craft_assettransformindex_sourceId_fileId_location_idx` (`sourceId`,`fileId`,`location`)
) ENGINE=InnoDB AUTO_INCREMENT=16 DEFAULT CHARSET=utf8 COLLATE=utf8_unicode_ci;

DROP TABLE IF EXISTS `craft_assettransforms`;


--
-- Schema for table `craft_assettransforms`
--
CREATE TABLE `craft_assettransforms` (
  `id` int(11) NOT NULL AUTO_INCREMENT,
  `name` varchar(255) COLLATE utf8_unicode_ci NOT NULL,
  `handle` varchar(255) COLLATE utf8_unicode_ci NOT NULL,
  `mode` enum('stretch','fit','crop') COLLATE utf8_unicode_ci NOT NULL DEFAULT 'crop',
  `position` enum('top-left','top-center','top-right','center-left','center-center','center-right','bottom-left','bottom-center','bottom-right') COLLATE utf8_unicode_ci NOT NULL DEFAULT 'center-center',
  `height` int(10) DEFAULT NULL,
  `width` int(10) DEFAULT NULL,
  `format` varchar(255) COLLATE utf8_unicode_ci DEFAULT NULL,
  `quality` int(10) DEFAULT NULL,
  `dimensionChangeTime` datetime DEFAULT NULL,
  `dateCreated` datetime NOT NULL,
  `dateUpdated` datetime NOT NULL,
  `uid` char(36) COLLATE utf8_unicode_ci NOT NULL DEFAULT '0',
  PRIMARY KEY (`id`),
  UNIQUE KEY `craft_assettransforms_name_unq_idx` (`name`),
  UNIQUE KEY `craft_assettransforms_handle_unq_idx` (`handle`)
) ENGINE=InnoDB AUTO_INCREMENT=3 DEFAULT CHARSET=utf8 COLLATE=utf8_unicode_ci;

--
-- Data for table `craft_assettransforms`
--

INSERT INTO `craft_assettransforms` (`id`, `name`, `handle`, `mode`, `position`, `height`, `width`, `format`, `quality`, `dimensionChangeTime`, `dateCreated`, `dateUpdated`, `uid`) VALUES
 ('1', 'Thumb', 'thumb', 'crop', 'center-center', '200', '200', NULL, NULL, '2016-07-11 21:17:37', '2016-07-11 21:17:37', '2016-07-11 21:17:37', '7f4d7f38-3b8b-42af-9b46-dde1a302fb77'),
 ('2', 'small', 'small', 'crop', 'center-center', '100', '100', NULL, NULL, '2016-07-19 14:26:03', '2016-07-19 14:26:03', '2016-07-19 14:26:03', '1bbf20c5-b90e-4e8c-8197-3040dde80675');



DROP TABLE IF EXISTS `craft_categories`;


--
-- Schema for table `craft_categories`
--
CREATE TABLE `craft_categories` (
  `id` int(11) NOT NULL,
  `groupId` int(11) NOT NULL,
  `dateCreated` datetime NOT NULL,
  `dateUpdated` datetime NOT NULL,
  `uid` char(36) COLLATE utf8_unicode_ci NOT NULL DEFAULT '0',
  PRIMARY KEY (`id`),
  KEY `craft_categories_groupId_fk` (`groupId`)
) ENGINE=InnoDB DEFAULT CHARSET=utf8 COLLATE=utf8_unicode_ci;

--
-- Data for table `craft_categories`
--

INSERT INTO `craft_categories` (`id`, `groupId`, `dateCreated`, `dateUpdated`, `uid`) VALUES
 ('10', '1', '2016-07-11 18:25:49', '2016-07-11 22:23:55', '046f2ae0-a063-400a-b969-f73a8a3be287'),
 ('13', '1', '2016-07-11 19:04:38', '2016-07-11 22:24:33', '15aa645d-be55-4230-83ca-6bf05c761257'),
 ('14', '1', '2016-07-11 19:44:53', '2016-07-11 22:26:32', '866e1880-d309-4e4a-870c-d8e2ae203e6c'),
 ('16', '1', '2016-07-11 19:45:58', '2016-07-11 23:01:13', '527b8520-3cd5-489b-8fbf-3e630f70c361'),
 ('18', '1', '2016-07-11 20:12:44', '2016-07-11 21:54:15', '4fe9a610-ff17-4f2a-9ba3-7def105db317'),
 ('22', '1', '2016-07-11 20:15:04', '2016-07-25 19:49:32', 'c08aa8b6-f0a8-4e41-ba55-23aefb85b967'),
 ('23', '1', '2016-07-11 20:39:21', '2016-07-26 18:40:59', '0e4626a0-8ace-4af3-b10a-4256c7efaf12'),
 ('27', '1', '2016-07-11 22:05:26', '2016-07-11 22:05:26', '916e7bfb-9cf5-45a8-8374-f8053c2006dd'),
 ('31', '2', '2016-07-12 15:53:27', '2016-07-12 15:53:27', '128ce90c-e5bc-49a7-8b6e-2d48633ed7e6'),
 ('32', '2', '2016-07-12 15:54:31', '2016-07-12 15:54:31', 'd3f88603-2986-4bbc-94ff-dca38d529445'),
 ('33', '2', '2016-07-12 15:56:00', '2016-07-12 15:56:00', '66a1268b-7925-471c-8769-a65fe7d057b7'),
 ('34', '2', '2016-07-12 15:56:26', '2016-07-12 15:56:42', '428726b1-695c-4cf1-825f-b905b835386e'),
 ('39', '2', '2016-07-12 16:04:59', '2016-07-12 16:04:59', 'e0359d71-b108-44f6-8a16-d13f35895464'),
 ('40', '2', '2016-07-12 16:44:27', '2016-07-12 16:47:02', '9f537f7e-c034-4141-8b69-25146f0a7021'),
 ('42', '2', '2016-07-12 17:05:49', '2016-07-12 17:05:49', '2fee62ef-ba20-469b-8884-2abcd2d7e9f6'),
 ('55', '3', '2016-07-13 14:29:33', '2016-07-13 14:29:33', 'f74322e1-588c-492f-87f6-8dae4d3c5c21'),
 ('56', '3', '2016-07-13 14:31:17', '2016-07-13 14:31:17', '13e3309d-a515-4508-9d3a-984c39b5dd98'),
 ('57', '3', '2016-07-13 14:31:29', '2016-07-13 14:31:29', 'cb37e098-be61-4cfc-8560-422a3d78ac81'),
 ('58', '3', '2016-07-13 14:31:39', '2016-07-13 14:31:39', '6d566cd0-6ccb-4da8-8afe-e368c1c02ba6'),
 ('59', '3', '2016-07-13 14:31:55', '2016-07-13 14:31:55', 'acefa71f-5c05-4539-a2b0-0e276decb8fc'),
 ('60', '3', '2016-07-13 14:32:05', '2016-07-13 14:32:05', 'f598fdff-6f0d-45c4-b827-e0d4b8f900f6'),
 ('61', '3', '2016-07-13 14:32:16', '2016-07-13 14:32:16', '90974bcc-6090-4b9e-9cdd-06c9c8bf28ea'),
 ('72', '5', '2016-07-19 14:29:13', '2016-07-19 14:29:13', 'a2fef73c-975e-4531-9d25-a0862b7c4e7a'),
 ('73', '5', '2016-07-19 14:29:25', '2016-07-19 14:29:25', 'fd49fa39-fb1d-4288-add1-1c460cd741f6'),
 ('74', '5', '2016-07-19 14:29:43', '2016-07-19 14:29:43', '8787932e-90af-4e03-be67-aec6771a2305'),
 ('75', '5', '2016-07-19 14:34:57', '2016-07-19 14:34:57', '4d6e3f0a-83fa-4378-ba2e-9be0f4236eb6'),
 ('110', '6', '2016-07-19 20:27:44', '2016-07-19 20:27:44', '0a4de0ee-9250-41a3-b8bc-9c64c07a4ec2'),
 ('111', '6', '2016-07-19 20:27:57', '2016-07-19 20:27:57', '148e90c7-8a90-4ddb-aa89-67bc4261e194'),
 ('112', '6', '2016-07-19 20:28:08', '2016-07-19 20:28:08', '532b2133-56b5-4104-bb50-a291e98192fb'),
 ('113', '6', '2016-07-19 20:28:23', '2016-07-19 20:28:23', '2a90508a-ba15-43c5-8a68-647c610011a2'),
 ('119', '6', '2016-07-19 21:24:14', '2016-07-19 21:24:14', '14ebdcf5-9215-47c2-ab8c-debf9970bab9'),
 ('132', '5', '2016-07-20 18:53:39', '2016-07-20 18:53:39', 'b5534e75-f198-4ffd-8587-51e2973efbf8');



DROP TABLE IF EXISTS `craft_categorygroups`;


--
-- Schema for table `craft_categorygroups`
--
CREATE TABLE `craft_categorygroups` (
  `id` int(11) NOT NULL AUTO_INCREMENT,
  `structureId` int(11) NOT NULL,
  `fieldLayoutId` int(11) DEFAULT NULL,
  `name` varchar(255) COLLATE utf8_unicode_ci NOT NULL,
  `handle` varchar(255) COLLATE utf8_unicode_ci NOT NULL,
  `hasUrls` tinyint(1) unsigned NOT NULL DEFAULT '1',
  `template` varchar(500) COLLATE utf8_unicode_ci DEFAULT NULL,
  `dateCreated` datetime NOT NULL,
  `dateUpdated` datetime NOT NULL,
  `uid` char(36) COLLATE utf8_unicode_ci NOT NULL DEFAULT '0',
  PRIMARY KEY (`id`),
  UNIQUE KEY `craft_categorygroups_name_unq_idx` (`name`),
  UNIQUE KEY `craft_categorygroups_handle_unq_idx` (`handle`),
  KEY `craft_categorygroups_structureId_fk` (`structureId`),
  KEY `craft_categorygroups_fieldLayoutId_fk` (`fieldLayoutId`)
) ENGINE=InnoDB AUTO_INCREMENT=7 DEFAULT CHARSET=utf8 COLLATE=utf8_unicode_ci;

--
-- Data for table `craft_categorygroups`
--

INSERT INTO `craft_categorygroups` (`id`, `structureId`, `fieldLayoutId`, `name`, `handle`, `hasUrls`, `template`, `dateCreated`, `dateUpdated`, `uid`) VALUES
 ('1', '1', '94', 'blogs', 'blogs', '1', 'blogs/index.html', '2016-07-11 18:24:55', '2016-07-18 19:54:47', '36b899a1-409b-4ded-9589-74cd239271f0'),
 ('2', '2', '99', 'press', 'press', '1', 'press/index.html', '2016-07-12 15:14:42', '2016-07-18 21:55:43', '1cd0791f-1dc5-4288-ad30-22920600da01'),
 ('3', '4', '90', 'events', 'events', '1', 'events/index.html', '2016-07-13 14:25:23', '2016-07-18 17:24:21', 'b22fd088-6ea1-4acc-b212-4dbfdb12e79a'),
 ('5', '6', '119', 'locations', 'locations', '1', 'locations/index.html', '2016-07-19 14:28:35', '2016-07-19 20:26:43', '52eac503-ddea-4f2e-ba61-bbe83bd1e1b1'),
 ('6', '7', '118', 'career', 'career', '1', 'career/index.html', '2016-07-19 20:19:32', '2016-07-19 20:26:34', 'd5b149d5-e731-498e-8775-e594aba0515a');



DROP TABLE IF EXISTS `craft_categorygroups_i18n`;


--
-- Schema for table `craft_categorygroups_i18n`
--
CREATE TABLE `craft_categorygroups_i18n` (
  `id` int(11) NOT NULL AUTO_INCREMENT,
  `groupId` int(11) NOT NULL,
  `locale` char(12) COLLATE utf8_unicode_ci NOT NULL,
  `urlFormat` text COLLATE utf8_unicode_ci,
  `nestedUrlFormat` text COLLATE utf8_unicode_ci,
  `dateCreated` datetime NOT NULL,
  `dateUpdated` datetime NOT NULL,
  `uid` char(36) COLLATE utf8_unicode_ci NOT NULL DEFAULT '0',
  PRIMARY KEY (`id`),
  UNIQUE KEY `craft_categorygroups_i18n_groupId_locale_unq_idx` (`groupId`,`locale`),
  KEY `craft_categorygroups_i18n_locale_fk` (`locale`)
) ENGINE=InnoDB AUTO_INCREMENT=7 DEFAULT CHARSET=utf8 COLLATE=utf8_unicode_ci;

--
-- Data for table `craft_categorygroups_i18n`
--

INSERT INTO `craft_categorygroups_i18n` (`id`, `groupId`, `locale`, `urlFormat`, `nestedUrlFormat`, `dateCreated`, `dateUpdated`, `uid`) VALUES
 ('1', '1', 'en_us', 'blogs/category/{slug}', '{parent.uri}/{slug}', '2016-07-11 18:24:55', '2016-07-18 19:17:03', '2ba24348-7f92-4ec5-b6b5-deb12fd9e9b8'),
 ('2', '2', 'en_us', 'press/category/{slug}', '{parent.uri}/{slug}', '2016-07-12 15:14:42', '2016-07-18 21:29:10', 'a2ac1201-369d-487e-999d-ff8dec7501f8'),
 ('3', '3', 'en_us', 'events/category/{slug}', '{parent.uri}/{slug}', '2016-07-13 14:25:23', '2016-07-18 17:24:21', 'feebfbf0-1dfb-4f38-abd5-a69ad3b357f2'),
 ('5', '5', 'en_us', 'locations/category/{slug}', '{parent.uri}/{slug}', '2016-07-19 14:28:35', '2016-07-19 14:28:35', '1fa3b8e9-a616-4188-b7a3-0000abbc0095'),
 ('6', '6', 'en_us', 'career/category/{slug}', NULL, '2016-07-19 20:19:32', '2016-07-19 20:19:44', 'bd205c5d-5a45-4f4d-970b-c651674c349f');



DROP TABLE IF EXISTS `craft_charge_accounts`;


--
-- Schema for table `craft_charge_accounts`
--
CREATE TABLE `craft_charge_accounts` (
  `id` int(11) NOT NULL AUTO_INCREMENT,
  `userId` int(10) DEFAULT NULL,
  `accessToken` varchar(255) COLLATE utf8_unicode_ci DEFAULT NULL,
  `livemode` tinyint(1) unsigned NOT NULL DEFAULT '0',
  `refreshToken` varchar(255) COLLATE utf8_unicode_ci DEFAULT NULL,
  `tokenType` varchar(255) COLLATE utf8_unicode_ci DEFAULT NULL,
  `stripePublishableKey` varchar(255) COLLATE utf8_unicode_ci DEFAULT NULL,
  `stripeUserId` varchar(255) COLLATE utf8_unicode_ci DEFAULT NULL,
  `scope` varchar(255) COLLATE utf8_unicode_ci DEFAULT NULL,
  `enabled` tinyint(1) unsigned NOT NULL DEFAULT '0',
  `dateCreated` datetime NOT NULL,
  `dateUpdated` datetime NOT NULL,
  `uid` char(36) COLLATE utf8_unicode_ci NOT NULL DEFAULT '0',
  PRIMARY KEY (`id`)
) ENGINE=InnoDB DEFAULT CHARSET=utf8 COLLATE=utf8_unicode_ci;

DROP TABLE IF EXISTS `craft_charge_coupons`;


--
-- Schema for table `craft_charge_coupons`
--
CREATE TABLE `craft_charge_coupons` (
  `id` int(11) NOT NULL AUTO_INCREMENT,
  `stripeId` varchar(255) COLLATE utf8_unicode_ci DEFAULT NULL,
  `name` varchar(255) COLLATE utf8_unicode_ci NOT NULL,
  `code` varchar(255) COLLATE utf8_unicode_ci NOT NULL,
  `paymentType` varchar(255) COLLATE utf8_unicode_ci NOT NULL,
  `couponType` enum('amount','percentage') COLLATE utf8_unicode_ci NOT NULL,
  `percentageOff` int(10) unsigned DEFAULT NULL,
  `amountOff` int(10) unsigned DEFAULT NULL,
  `currency` varchar(255) COLLATE utf8_unicode_ci DEFAULT NULL,
  `duration` enum('forever','once','repeating') COLLATE utf8_unicode_ci DEFAULT NULL,
  `durationInMonths` int(10) unsigned DEFAULT NULL,
  `maxRedemptions` int(10) unsigned DEFAULT NULL,
  `redeemBy` int(10) DEFAULT NULL,
  `dateCreated` datetime NOT NULL,
  `dateUpdated` datetime NOT NULL,
  `uid` char(36) COLLATE utf8_unicode_ci NOT NULL DEFAULT '0',
  PRIMARY KEY (`id`),
  UNIQUE KEY `craft_charge_coupons_code_unq_idx` (`code`)
) ENGINE=InnoDB DEFAULT CHARSET=utf8 COLLATE=utf8_unicode_ci;

DROP TABLE IF EXISTS `craft_charge_customers`;


--
-- Schema for table `craft_charge_customers`
--
CREATE TABLE `craft_charge_customers` (
  `id` int(11) NOT NULL AUTO_INCREMENT,
  `stripeId` varchar(255) COLLATE utf8_unicode_ci DEFAULT NULL,
  `mode` enum('test','live') COLLATE utf8_unicode_ci NOT NULL DEFAULT 'test',
  `userId` int(10) DEFAULT NULL,
  `email` varchar(255) COLLATE utf8_unicode_ci DEFAULT NULL,
  `name` varchar(255) COLLATE utf8_unicode_ci DEFAULT NULL,
  `dateCreated` datetime NOT NULL,
  `dateUpdated` datetime NOT NULL,
  `uid` char(36) COLLATE utf8_unicode_ci NOT NULL DEFAULT '0',
  PRIMARY KEY (`id`)
) ENGINE=InnoDB AUTO_INCREMENT=2 DEFAULT CHARSET=utf8 COLLATE=utf8_unicode_ci;

--
-- Data for table `craft_charge_customers`
--

INSERT INTO `craft_charge_customers` (`id`, `stripeId`, `mode`, `userId`, `email`, `name`, `dateCreated`, `dateUpdated`, `uid`) VALUES
 ('1', 'cus_8tP9YHp9S0V5Xp', 'test', '1', 'briansbier@gmail.com', 'Brian Bier', '2016-07-26 20:39:49', '2016-07-27 21:27:47', '2cf71505-d5cb-460c-a657-4239facea5b8');



DROP TABLE IF EXISTS `craft_charge_emails`;


--
-- Schema for table `craft_charge_emails`
--
CREATE TABLE `craft_charge_emails` (
  `id` int(11) NOT NULL AUTO_INCREMENT,
  `name` varchar(255) COLLATE utf8_unicode_ci NOT NULL,
  `handle` varchar(255) COLLATE utf8_unicode_ci NOT NULL,
  `subject` varchar(255) COLLATE utf8_unicode_ci NOT NULL,
  `to` varchar(255) COLLATE utf8_unicode_ci NOT NULL,
  `bcc` varchar(255) COLLATE utf8_unicode_ci DEFAULT NULL,
  `enabled` tinyint(1) unsigned NOT NULL DEFAULT '0',
  `templatePath` varchar(255) COLLATE utf8_unicode_ci NOT NULL,
  `dateCreated` datetime NOT NULL,
  `dateUpdated` datetime NOT NULL,
  `uid` char(36) COLLATE utf8_unicode_ci NOT NULL DEFAULT '0',
  PRIMARY KEY (`id`),
  UNIQUE KEY `craft_charge_emails_handle_unq_idx` (`handle`)
) ENGINE=InnoDB DEFAULT CHARSET=utf8 COLLATE=utf8_unicode_ci;

DROP TABLE IF EXISTS `craft_charge_guestregister`;


--
-- Schema for table `craft_charge_guestregister`
--
CREATE TABLE `craft_charge_guestregister` (
  `id` int(11) NOT NULL AUTO_INCREMENT,
  `userId` int(10) DEFAULT NULL,
  `chargeId` int(10) DEFAULT NULL,
  `dateCreated` datetime NOT NULL,
  `dateUpdated` datetime NOT NULL,
  `uid` char(36) COLLATE utf8_unicode_ci NOT NULL DEFAULT '0',
  PRIMARY KEY (`id`)
) ENGINE=InnoDB DEFAULT CHARSET=utf8 COLLATE=utf8_unicode_ci;

DROP TABLE IF EXISTS `craft_charge_logs`;


--
-- Schema for table `craft_charge_logs`
--
CREATE TABLE `craft_charge_logs` (
  `id` int(11) NOT NULL AUTO_INCREMENT,
  `mode` enum('test','live','unset') COLLATE utf8_unicode_ci NOT NULL DEFAULT 'test',
  `level` varchar(255) COLLATE utf8_unicode_ci DEFAULT NULL,
  `requestKey` varchar(255) COLLATE utf8_unicode_ci DEFAULT NULL,
  `type` varchar(255) COLLATE utf8_unicode_ci DEFAULT NULL,
  `source` varchar(255) COLLATE utf8_unicode_ci DEFAULT NULL,
  `extra` text COLLATE utf8_unicode_ci,
  `dateCreated` datetime NOT NULL,
  `dateUpdated` datetime NOT NULL,
  `uid` char(36) COLLATE utf8_unicode_ci NOT NULL DEFAULT '0',
  PRIMARY KEY (`id`)
) ENGINE=InnoDB AUTO_INCREMENT=415 DEFAULT CHARSET=utf8 COLLATE=utf8_unicode_ci;

--
-- Data for table `craft_charge_logs`
--

INSERT INTO `craft_charge_logs` (`id`, `mode`, `level`, `requestKey`, `type`, `source`, `extra`, `dateCreated`, `dateUpdated`, `uid`) VALUES
 ('1', 'unset', 'info', '6sQ1jX5rL12uvEZTVqpL18aSleIMqxyH2Sic', 'Validating connection details.', NULL, '[]', '2016-07-26 19:47:00', '2016-07-26 19:47:00', 'f69e2064-c3b9-4e8f-97d0-51cd7e13c0b0'),
 ('2', 'unset', 'info', '6sQ1jX5rL12uvEZTVqpL18aSleIMqxyH2Sic', 'Validating connection details.', NULL, '[]', '2016-07-26 19:47:00', '2016-07-26 19:47:00', '611350b0-019d-47ac-9f0e-271f5582c246'),
 ('3', 'unset', 'info', '6sQ1jX5rL12uvEZTVqpL18aSleIMqxyH2Sic', 'Validating connection details.', NULL, '[]', '2016-07-26 19:47:01', '2016-07-26 19:47:01', '2ed63dc6-019b-493d-8da4-22b1f648ad91'),
 ('4', 'test', 'request', 'KPYutwZGVPw1bAKzel67NpGpiWafUs1azmgK', 'Charge request started ', NULL, '[]', '2016-07-26 20:06:21', '2016-07-26 20:06:21', '63de0a95-a9be-423e-9bc4-be1b7b11cb24'),
 ('5', 'test', 'note', 'KPYutwZGVPw1bAKzel67NpGpiWafUs1azmgK', 'Returned to user with error', NULL, '{\"extra\":{\"errors\":[\"Your payment form is missing the required payment options input. You need to use the {{ craft.charge.setPaymentOptions() }} tag within your payment form. Please consult the Charge documentation for details on properly configuring your payment form.\"]}}', '2016-07-26 20:06:21', '2016-07-26 20:06:21', 'a9ef4120-8705-44da-bb1d-bc9de1a471b3'),
 ('6', 'test', 'request', '954PxVDRmg6QDdQFcgKsEHsUtdEL1XuLQMXY', 'Charge request started ', NULL, '[]', '2016-07-26 20:06:44', '2016-07-26 20:06:44', '1b9a3935-5924-46f7-acad-f7b37ace307e'),
 ('7', 'test', 'note', '954PxVDRmg6QDdQFcgKsEHsUtdEL1XuLQMXY', 'Returned to user with error', NULL, '{\"extra\":{\"errors\":[\"Your payment form is missing the required payment options input. You need to use the {{ craft.charge.setPaymentOptions() }} tag within your payment form. Please consult the Charge documentation for details on properly configuring your payment form.\"]}}', '2016-07-26 20:06:44', '2016-07-26 20:06:44', '950885ec-c60a-45b4-be56-1378b8b770f5'),
 ('8', 'test', 'request', 'xcqaF5bRzJAwkZDDu2eQvjseBecPtOU3UoqW', 'Charge request started ', NULL, '[]', '2016-07-26 20:06:51', '2016-07-26 20:06:51', '0f874128-586c-4d57-aa29-e96a073a56b7'),
 ('9', 'test', 'note', 'xcqaF5bRzJAwkZDDu2eQvjseBecPtOU3UoqW', 'Returned to user with error', NULL, '{\"extra\":{\"errors\":[\"Your payment form is missing the required payment options input. You need to use the {{ craft.charge.setPaymentOptions() }} tag within your payment form. Please consult the Charge documentation for details on properly configuring your payment form.\"]}}', '2016-07-26 20:06:51', '2016-07-26 20:06:51', 'eed1ca19-5e57-47fd-8fc8-154c77eb4e01'),
 ('10', 'test', 'request', 'TXVXJqiZGPDCraJsREdtepO551LMyuufpdO4', 'Charge request started ', NULL, '[]', '2016-07-26 20:10:59', '2016-07-26 20:10:59', 'a250e59d-9f94-40c4-93d4-5f0588633cbf'),
 ('11', 'test', 'note', 'TXVXJqiZGPDCraJsREdtepO551LMyuufpdO4', 'Returned to user with error', NULL, '{\"extra\":{\"errors\":[\"Your payment form is missing the required payment options input. You need to use the {{ craft.charge.setPaymentOptions() }} tag within your payment form. Please consult the Charge documentation for details on properly configuring your payment form.\"]}}', '2016-07-26 20:10:59', '2016-07-26 20:10:59', '6713df90-3f79-4db4-a66e-e206c6ab91a6'),
 ('12', 'test', 'request', 'lacDCt2yHhCd01uCTD9wnkEXTJw6D6LZu2EK', 'Charge request started ', NULL, '[]', '2016-07-26 20:13:05', '2016-07-26 20:13:05', '29587116-bad9-4454-a25b-964ae20d1893'),
 ('13', 'test', 'note', 'lacDCt2yHhCd01uCTD9wnkEXTJw6D6LZu2EK', 'Returned to user with error', NULL, '{\"extra\":{\"errors\":[\"Your payment form is missing the required payment options input. You need to use the {{ craft.charge.setPaymentOptions() }} tag within your payment form. Please consult the Charge documentation for details on properly configuring your payment form.\"]}}', '2016-07-26 20:13:05', '2016-07-26 20:13:05', '3161d184-7348-4512-8451-6db72d80b3b0'),
 ('14', 'test', 'request', 'SC5Cy64J8XxE80ubHjOOy60i4O2p1vqD20V0', 'Charge request started ', NULL, '[]', '2016-07-26 20:24:12', '2016-07-26 20:24:12', '8f7a41c2-78e6-4564-bfca-bda892767db8'),
 ('15', 'test', 'note', 'SC5Cy64J8XxE80ubHjOOy60i4O2p1vqD20V0', 'Returned to user with error', NULL, '{\"extra\":{\"errors\":[\"Your payment form is missing the required payment options input. You need to use the {{ craft.charge.setPaymentOptions() }} tag within your payment form. Please consult the Charge documentation for details on properly configuring your payment form.\"]}}', '2016-07-26 20:24:12', '2016-07-26 20:24:12', 'b7dcaf32-05ce-49a8-9ab5-05e1e797cdac'),
 ('16', 'test', 'request', 'TS3MMOAjRAAE8YHis3TTHsqU3TQBgcwtzach', 'Charge request started ', NULL, '[]', '2016-07-26 20:27:50', '2016-07-26 20:27:50', '318d8622-8ae5-4286-af68-6215cc3a8e59'),
 ('17', 'test', 'note', 'TS3MMOAjRAAE8YHis3TTHsqU3TQBgcwtzach', 'Returned to user with error', NULL, '{\"extra\":{\"errors\":[\"Your payment form is missing the required payment options input. You need to use the {{ craft.charge.setPaymentOptions() }} tag within your payment form. Please consult the Charge documentation for details on properly configuring your payment form.\"]}}', '2016-07-26 20:27:50', '2016-07-26 20:27:50', '1df952ac-9d1a-47f3-b429-a8bfe0fab84b'),
 ('18', 'test', 'request', 'RBBEsxT2Xbo781Ok7RBV7AQjhspclcjk2DH0', 'Charge request started ', NULL, '[]', '2016-07-26 20:28:31', '2016-07-26 20:28:31', '8d3d0eb7-2f09-439c-9967-db9be1c8c0c0'),
 ('19', 'test', 'note', 'RBBEsxT2Xbo781Ok7RBV7AQjhspclcjk2DH0', 'Returned to user with error', NULL, '{\"extra\":{\"errors\":[\"Your payment form is missing the required payment options input. You need to use the {{ craft.charge.setPaymentOptions() }} tag within your payment form. Please consult the Charge documentation for details on properly configuring your payment form.\"]}}', '2016-07-26 20:28:31', '2016-07-26 20:28:31', '4cbd8ae3-a3c3-4dfa-ad47-179a810873e2'),
 ('20', 'test', 'request', 'zFiw81HfNXXUYYuL0lvGxhyxJ566cwXdMXjX', 'Charge request started ', NULL, '[]', '2016-07-26 20:30:11', '2016-07-26 20:30:11', 'f25d63b2-9af7-4bac-8759-9fe67e2fc617'),
 ('21', 'test', 'note', 'zFiw81HfNXXUYYuL0lvGxhyxJ566cwXdMXjX', 'Returned to user with error', NULL, '{\"extra\":{\"errors\":[\"Your payment form is missing the required payment options input. You need to use the {{ craft.charge.setPaymentOptions() }} tag within your payment form. Please consult the Charge documentation for details on properly configuring your payment form.\"]}}', '2016-07-26 20:30:11', '2016-07-26 20:30:11', 'c2d77451-d457-4cc8-a73a-7e0808357c73'),
 ('22', 'test', 'request', 'jiCB5cFmON7I7kBBrs1gTCkvWmGJCGCrUewh', 'Charge request started ', NULL, '[]', '2016-07-26 20:30:28', '2016-07-26 20:30:28', 'cc073626-d4b7-42e7-84d8-16b5ab99aa32'),
 ('23', 'test', 'note', 'jiCB5cFmON7I7kBBrs1gTCkvWmGJCGCrUewh', 'Returned to user with error', NULL, '{\"extra\":{\"errors\":[\"cardToken : Stripe Card Token cannot be blank.\",\"There was a problem with your details, please check the form and try again\"]}}', '2016-07-26 20:30:28', '2016-07-26 20:30:28', 'e50452bf-18c0-473e-ab4e-5b951839db52'),
 ('24', 'test', 'request', '9MtGAFPFQnMeg7mL7pNNDDlGqnvHbsGFsojf', 'Charge request started ', NULL, '[]', '2016-07-26 20:30:49', '2016-07-26 20:30:49', '9b28ca09-e9b7-472d-8a92-ff39d199e02d'),
 ('25', 'test', 'note', '9MtGAFPFQnMeg7mL7pNNDDlGqnvHbsGFsojf', 'Returned to user with error', NULL, '{\"extra\":{\"errors\":[\"cardToken : Stripe Card Token cannot be blank.\",\"There was a problem with your details, please check the form and try again\"]}}', '2016-07-26 20:30:49', '2016-07-26 20:30:49', '07c94ff7-8f70-4aed-97fe-10ad7d64298f'),
 ('26', 'test', 'request', 'KbCekYdFsn8La41TxzS6yRzXF6pAR9aDBbWb', 'Charge request started ', NULL, '[]', '2016-07-26 20:31:19', '2016-07-26 20:31:19', '7eee1483-2921-48e2-b968-4b69774f1b60'),
 ('27', 'test', 'note', 'KbCekYdFsn8La41TxzS6yRzXF6pAR9aDBbWb', 'Returned to user with error', NULL, '{\"extra\":{\"errors\":[\"cardToken : Stripe Card Token cannot be blank.\",\"There was a problem with your details, please check the form and try again\"]}}', '2016-07-26 20:31:19', '2016-07-26 20:31:19', '7a3652f9-3f69-49e6-abc7-834432b66764'),
 ('28', 'test', 'request', '3OqaxF7nliLnkTTmPKmWQXBPi4oouEHR9WXe', 'Charge request started ', NULL, '[]', '2016-07-26 20:32:32', '2016-07-26 20:32:32', '8c8fd03a-b394-4cbb-867a-da7a99dc7a95'),
 ('29', 'test', 'note', '3OqaxF7nliLnkTTmPKmWQXBPi4oouEHR9WXe', 'Returned to user with error', NULL, '{\"extra\":{\"errors\":[\"cardToken : Stripe Card Token cannot be blank.\",\"There was a problem with your details, please check the form and try again\"]}}', '2016-07-26 20:32:32', '2016-07-26 20:32:32', 'f32cc379-981a-4428-b830-c10ca585eb07'),
 ('30', 'test', 'request', 'E2GKTucO7oBFO8CiXugPVLIgKi70c7sGQiKD', 'Charge request started ', NULL, '[]', '2016-07-26 20:32:38', '2016-07-26 20:32:38', '625f6cfb-2b5b-468f-a4d4-25f531b5d3bb'),
 ('31', 'test', 'note', 'E2GKTucO7oBFO8CiXugPVLIgKi70c7sGQiKD', 'Returned to user with error', NULL, '{\"extra\":{\"errors\":[\"cardToken : Stripe Card Token cannot be blank.\",\"There was a problem with your details, please check the form and try again\"]}}', '2016-07-26 20:32:38', '2016-07-26 20:32:38', '0dd234fd-9dc0-48f4-96c1-9040fe7a8588'),
 ('32', 'test', 'request', '3lMSyXoqA75EtnnwAjFOSqGhlqmVLpB8MKSX', 'Charge request started ', NULL, '[]', '2016-07-26 20:34:32', '2016-07-26 20:34:32', 'e85651cf-0cd8-41cc-be6f-7ba972f1308c'),
 ('33', 'test', 'note', '3lMSyXoqA75EtnnwAjFOSqGhlqmVLpB8MKSX', 'Returned to user with error', NULL, '{\"extra\":{\"errors\":[\"cardToken : Stripe Card Token cannot be blank.\",\"There was a problem with your details, please check the form and try again\"]}}', '2016-07-26 20:34:32', '2016-07-26 20:34:32', '2dba931c-2cde-42fd-b862-16ba154be2f5'),
 ('34', 'test', 'request', 'IOhpJMdxRH8U2KzjMuVGxSsyIWIOzBkNWooO', 'Charge request started ', NULL, '[]', '2016-07-26 20:35:13', '2016-07-26 20:35:13', 'd970b63f-dfb1-40b2-bf76-9a10ccab7828'),
 ('35', 'test', 'note', 'IOhpJMdxRH8U2KzjMuVGxSsyIWIOzBkNWooO', 'Returned to user with error', NULL, '{\"extra\":{\"errors\":[\"cardToken : Stripe Card Token cannot be blank.\",\"There was a problem with your details, please check the form and try again\"]}}', '2016-07-26 20:35:13', '2016-07-26 20:35:13', '6b7e44eb-0645-4f85-8d06-9024e27268bc'),
 ('36', 'test', 'request', '10AgLZn3Ks1ruBFQCex3Qnh5oG0SJblLDuhQ', 'Charge request started ', NULL, '[]', '2016-07-26 20:35:33', '2016-07-26 20:35:33', '61fc58a5-d943-4819-85a3-22f2c096abfc'),
 ('37', 'test', 'note', '10AgLZn3Ks1ruBFQCex3Qnh5oG0SJblLDuhQ', 'Returned to user with error', NULL, '{\"extra\":{\"errors\":[\"cardToken : Stripe Card Token cannot be blank.\",\"There was a problem with your details, please check the form and try again\"]}}', '2016-07-26 20:35:33', '2016-07-26 20:35:33', 'dcaf87eb-b53f-40a6-91c0-b70465eb847b'),
 ('38', 'test', 'request', 'aXZj6PTkUKuiCF04M2MRVMBxoBXUG5GcdD8I', 'Charge request started ', NULL, '[]', '2016-07-26 20:37:19', '2016-07-26 20:37:19', 'b459d170-145b-46b0-8601-8ca22e80ed62'),
 ('39', 'test', 'note', 'aXZj6PTkUKuiCF04M2MRVMBxoBXUG5GcdD8I', 'Returned to user with error', NULL, '{\"extra\":{\"errors\":[\"cardToken : Stripe Card Token cannot be blank.\",\"There was a problem with your details, please check the form and try again\"]}}', '2016-07-26 20:37:19', '2016-07-26 20:37:19', '399ab2bb-722e-47b5-97ed-8d7a116b2d98'),
 ('40', 'test', 'request', 'xsbUnjAzBPijTpeE2GMe2ZTxvsSQoLlPW6IY', 'Charge request started ', NULL, '[]', '2016-07-26 20:38:05', '2016-07-26 20:38:05', 'd544c76a-3860-4494-a00b-f6be7c2397dd'),
 ('41', 'test', 'note', 'xsbUnjAzBPijTpeE2GMe2ZTxvsSQoLlPW6IY', 'Returned to user with error', NULL, '{\"extra\":{\"errors\":[\"cardToken : Stripe Card Token cannot be blank.\",\"There was a problem with your details, please check the form and try again\"]}}', '2016-07-26 20:38:05', '2016-07-26 20:38:05', '71a3a6fe-7c46-4776-b084-7772a505b564'),
 ('42', 'test', 'request', 'qsBdBB7S7Xbmsx8RykwPT77z6yycY0a6E6JD', 'Charge request started ', NULL, '[]', '2016-07-26 20:39:11', '2016-07-26 20:39:11', 'c5dff5bc-0eb1-4d4b-a76e-ca97d9687eec'),
 ('43', 'test', 'note', 'qsBdBB7S7Xbmsx8RykwPT77z6yycY0a6E6JD', 'Returned to user with error', NULL, '{\"extra\":{\"errors\":[\"cardToken : Stripe Card Token cannot be blank.\",\"There was a problem with your details, please check the form and try again\"]}}', '2016-07-26 20:39:11', '2016-07-26 20:39:11', '7c283331-fa92-4e84-bd5c-113c2b156389'),
 ('44', 'test', 'request', '3KorMbGjL2ALB0MkAsxfIo4BzZFIyXX3Eb6v', 'Charge request started ', NULL, '[]', '2016-07-26 20:39:19', '2016-07-26 20:39:19', '0a862c65-8bac-465f-ae23-4b8cf0e25548'),
 ('45', 'test', 'note', '3KorMbGjL2ALB0MkAsxfIo4BzZFIyXX3Eb6v', 'Returned to user with error', NULL, '{\"extra\":{\"errors\":[\"cardToken : Stripe Card Token cannot be blank.\",\"There was a problem with your details, please check the form and try again\"]}}', '2016-07-26 20:39:19', '2016-07-26 20:39:19', '67561e7b-f8e4-4bc9-9c43-909abd85c760'),
 ('46', 'test', 'request', 'LoRrkwgTj3LQkpIhh7IeyKI53Zk3t8tVe8z1', 'Charge request started ', NULL, '[]', '2016-07-26 20:39:48', '2016-07-26 20:39:48', 'd75f2ad6-63be-4b2f-9276-bded6ee04c81'),
 ('47', 'test', 'api', 'LoRrkwgTj3LQkpIhh7IeyKI53Zk3t8tVe8z1', 'Created Customer', NULL, '{\"customer\":{\"id\":\"1\",\"stripeId\":\"cus_8tP9YHp9S0V5Xp\",\"mode\":\"test\",\"userId\":\"1\",\"email\":\"briansbier@gmail.com\",\"name\":\"Brian Bier\",\"stripe\":{\"id\":\"cus_8tP9YHp9S0V5Xp\",\"object\":\"customer\",\"account_balance\":0,\"created\":1469565589,\"currency\":null,\"default_source\":null,\"delinquent\":0,\"description\":null,\"discount\":null,\"email\":\"briansbier@gmail.com\",\"livemode\":0,\"metadata\":{\"Craft User Id\":\"1\"},\"shipping\":null,\"sources\":{\"object\":\"list\",\"data\":[],\"has_more\":0,\"total_count\":0,\"url\":\"\\/v1\\/customers\\/cus_8tP9YHp9S0V5Xp\\/sources\"},\"subscriptions\":{\"object\":\"list\",\"data\":[],\"has_more\":0,\"total_count\":0,\"url\":\"\\/v1\\/customers\\/cus_8tP9YHp9S0V5Xp\\/subscriptions\"}},\"dateCreated\":null,\"__model__\":\"Craft\\\\Charge_CustomerModel\"}}', '2016-07-26 20:39:49', '2016-07-26 20:39:49', '379a6a5b-866d-49a9-a33f-774aefdca554'),
 ('48', 'test', 'success', 'LoRrkwgTj3LQkpIhh7IeyKI53Zk3t8tVe8z1', 'Charge Successfully Completed', NULL, '{\"charge\":{\"id\":\"152\",\"enabled\":1,\"archived\":0,\"locale\":\"en_us\",\"localeEnabled\":1,\"slug\":\"3490a71fb3327be30b8bf11faa4ec726\",\"uri\":\"thanks\\/3490a71fb3327be30b8bf11faa4ec726\",\"dateCreated\":\"2016-07-26 20:39:51\",\"dateUpdated\":\"2016-07-26 20:39:51\",\"root\":null,\"lft\":null,\"rgt\":null,\"level\":null,\"searchScore\":null,\"customerId\":\"1\",\"userId\":\"1\",\"type\":\"one-off\",\"mode\":\"test\",\"customerName\":\"Brian Bier\",\"customerEmail\":\"briansbier@gmail.com\",\"description\":null,\"hash\":\"3490a71fb3327be30b8bf11faa4ec726\",\"notes\":null,\"meta\":[],\"sourceUrl\":\"donations\",\"timestamp\":\"2016-07-26 20:39:51\",\"cardId\":null,\"cardToken\":\"tok_18bcLAKk3seM3VXeBeUv0JPh\",\"cardName\":null,\"cardAddressLine1\":null,\"cardAddressLine2\":null,\"cardAddressCity\":null,\"cardAddressState\":null,\"cardAddressZip\":null,\"cardAddressCountry\":null,\"cardLast4\":\"4242\",\"cardType\":\"Visa\",\"cardExpMonth\":\"7\",\"cardExpYear\":\"2016\",\"planAmount\":\"5\",\"planAmountInCents\":500,\"planCurrency\":\"USD\",\"planInterval\":\"\",\"planIntervalCount\":\"0\",\"planName\":null,\"planDiscount\":null,\"planFullAmount\":null,\"planChoice\":null,\"planOpts\":null,\"hasDiscount\":0,\"coupon\":null,\"planCoupon\":null,\"couponStripeId\":null,\"stripeAccountBalance\":null,\"actions\":null,\"content\":null,\"request\":{\"planAmount\":\"5\",\"planCurrency\":\"USD\",\"planAmountInCents\":500,\"planName\":null,\"planDiscount\":null,\"planFullAmount\":null,\"planChoice\":null,\"planOpts\":null,\"planInterval\":\"\",\"planIntervalCount\":\"0\",\"cardName\":null,\"cardAddressLine1\":null,\"cardAddressLine2\":null,\"cardAddressCity\":null,\"cardAddressState\":null,\"cardAddressZip\":null,\"cardAddressCountry\":null,\"cardLast4\":\"4242\",\"cardType\":\"Visa\",\"cardExpMonth\":\"7\",\"cardExpYear\":\"2016\",\"coupon\":null,\"couponStripeId\":null,\"stripeAccountBalance\":null},\"createAccount\":null,\"user\":null,\"__model__\":\"Craft\\\\ChargeModel\"}}', '2016-07-26 20:39:52', '2016-07-26 20:39:52', '19fbd6bc-5a76-4e08-90d0-c6eb1b3351c5'),
 ('49', 'test', 'request', 'DechWmNnTM4q0Iz5j92wtdMVUYhqp9zpNQxc', 'Charge request started ', NULL, '[]', '2016-07-26 20:48:11', '2016-07-26 20:48:11', 'c29f191a-1a4c-4d1d-9ae0-250809996098'),
 ('50', 'test', 'api', 'DechWmNnTM4q0Iz5j92wtdMVUYhqp9zpNQxc', 'Found existing customer', NULL, '{\"customer\":{\"id\":\"1\",\"stripeId\":\"cus_8tP9YHp9S0V5Xp\",\"mode\":\"test\",\"userId\":\"1\",\"email\":\"briansbier@gmail.com\",\"name\":\"Brian Bier\",\"stripe\":null,\"dateCreated\":\"2016-07-26 20:39:49\",\"__model__\":\"Craft\\\\Charge_CustomerModel\"}}', '2016-07-26 20:48:11', '2016-07-26 20:48:11', 'abe44bb6-617a-43fc-a477-e9e89bf432f0'),
 ('51', 'test', 'success', 'DechWmNnTM4q0Iz5j92wtdMVUYhqp9zpNQxc', 'Charge Successfully Completed', NULL, '{\"charge\":{\"id\":\"154\",\"enabled\":1,\"archived\":0,\"locale\":\"en_us\",\"localeEnabled\":1,\"slug\":\"41fec7e1ae41417413d12550e99db117\",\"uri\":\"thanks\\/41fec7e1ae41417413d12550e99db117\",\"dateCreated\":\"2016-07-26 20:48:15\",\"dateUpdated\":\"2016-07-26 20:48:15\",\"root\":null,\"lft\":null,\"rgt\":null,\"level\":null,\"searchScore\":null,\"customerId\":\"1\",\"userId\":\"1\",\"type\":\"one-off\",\"mode\":\"test\",\"customerName\":\"melissa\",\"customerEmail\":\"melissa@gmail.com\",\"description\":null,\"hash\":\"41fec7e1ae41417413d12550e99db117\",\"notes\":null,\"meta\":[],\"sourceUrl\":\"donations\",\"timestamp\":\"2016-07-26 20:48:15\",\"cardId\":null,\"cardToken\":\"tok_18bcTHKk3seM3VXe6Lo9bpLv\",\"cardName\":null,\"cardAddressLine1\":null,\"cardAddressLine2\":null,\"cardAddressCity\":null,\"cardAddressState\":null,\"cardAddressZip\":null,\"cardAddressCountry\":null,\"cardLast4\":\"4242\",\"cardType\":\"Visa\",\"cardExpMonth\":\"7\",\"cardExpYear\":\"2016\",\"planAmount\":\"5\",\"planAmountInCents\":500,\"planCurrency\":\"USD\",\"planInterval\":\"\",\"planIntervalCount\":\"0\",\"planName\":null,\"planDiscount\":null,\"planFullAmount\":null,\"planChoice\":null,\"planOpts\":null,\"hasDiscount\":0,\"coupon\":null,\"planCoupon\":null,\"couponStripeId\":null,\"stripeAccountBalance\":null,\"actions\":null,\"content\":null,\"request\":{\"planAmount\":\"5\",\"planCurrency\":\"USD\",\"planAmountInCents\":500,\"planName\":null,\"planDiscount\":null,\"planFullAmount\":null,\"planChoice\":null,\"planOpts\":null,\"planInterval\":\"\",\"planIntervalCount\":\"0\",\"cardName\":null,\"cardAddressLine1\":null,\"cardAddressLine2\":null,\"cardAddressCity\":null,\"cardAddressState\":null,\"cardAddressZip\":null,\"cardAddressCountry\":null,\"cardLast4\":\"4242\",\"cardType\":\"Visa\",\"cardExpMonth\":\"7\",\"cardExpYear\":\"2016\",\"coupon\":null,\"couponStripeId\":null,\"stripeAccountBalance\":null},\"createAccount\":null,\"user\":null,\"__model__\":\"Craft\\\\ChargeModel\"}}', '2016-07-26 20:48:15', '2016-07-26 20:48:15', '51ea2804-ae2e-40c9-835d-2421815fef61'),
 ('52', 'test', 'request', 'DKR52CHX3Lsd5O7LGQ79FzWWIUuMCFGVGcCr', 'Charge request started ', NULL, '[]', '2016-07-26 20:48:47', '2016-07-26 20:48:47', 'a733871b-41e3-439d-a67d-05bedd252afc'),
 ('53', 'test', 'api', 'DKR52CHX3Lsd5O7LGQ79FzWWIUuMCFGVGcCr', 'Found existing customer', NULL, '{\"customer\":{\"id\":\"1\",\"stripeId\":\"cus_8tP9YHp9S0V5Xp\",\"mode\":\"test\",\"userId\":\"1\",\"email\":\"briansbier@gmail.com\",\"name\":\"melissa\",\"stripe\":null,\"dateCreated\":\"2016-07-26 20:39:49\",\"__model__\":\"Craft\\\\Charge_CustomerModel\"}}', '2016-07-26 20:48:47', '2016-07-26 20:48:47', 'e480c977-d4ac-4c57-82c1-4a4cca029e26'),
 ('54', 'test', 'success', 'DKR52CHX3Lsd5O7LGQ79FzWWIUuMCFGVGcCr', 'Charge Successfully Completed', NULL, '{\"charge\":{\"id\":\"156\",\"enabled\":1,\"archived\":0,\"locale\":\"en_us\",\"localeEnabled\":1,\"slug\":\"06366ebe9e30db045e096c312b7f4167\",\"uri\":\"thanks\\/06366ebe9e30db045e096c312b7f4167\",\"dateCreated\":\"2016-07-26 20:48:50\",\"dateUpdated\":\"2016-07-26 20:48:50\",\"root\":null,\"lft\":null,\"rgt\":null,\"level\":null,\"searchScore\":null,\"customerId\":\"1\",\"userId\":\"1\",\"type\":\"one-off\",\"mode\":\"test\",\"customerName\":\"melissa\",\"customerEmail\":\"melissa@gmail.com\",\"description\":null,\"hash\":\"06366ebe9e30db045e096c312b7f4167\",\"notes\":null,\"meta\":[],\"sourceUrl\":\"donations\",\"timestamp\":\"2016-07-26 20:48:50\",\"cardId\":null,\"cardToken\":\"tok_18bcTrKk3seM3VXexCMPhirQ\",\"cardName\":null,\"cardAddressLine1\":null,\"cardAddressLine2\":null,\"cardAddressCity\":null,\"cardAddressState\":null,\"cardAddressZip\":null,\"cardAddressCountry\":null,\"cardLast4\":\"4242\",\"cardType\":\"Visa\",\"cardExpMonth\":\"7\",\"cardExpYear\":\"2016\",\"planAmount\":\"5\",\"planAmountInCents\":500,\"planCurrency\":\"USD\",\"planInterval\":\"\",\"planIntervalCount\":\"0\",\"planName\":null,\"planDiscount\":null,\"planFullAmount\":null,\"planChoice\":null,\"planOpts\":null,\"hasDiscount\":0,\"coupon\":null,\"planCoupon\":null,\"couponStripeId\":null,\"stripeAccountBalance\":null,\"actions\":null,\"content\":null,\"request\":{\"planAmount\":\"5\",\"planCurrency\":\"USD\",\"planAmountInCents\":500,\"planName\":null,\"planDiscount\":null,\"planFullAmount\":null,\"planChoice\":null,\"planOpts\":null,\"planInterval\":\"\",\"planIntervalCount\":\"0\",\"cardName\":null,\"cardAddressLine1\":null,\"cardAddressLine2\":null,\"cardAddressCity\":null,\"cardAddressState\":null,\"cardAddressZip\":null,\"cardAddressCountry\":null,\"cardLast4\":\"4242\",\"cardType\":\"Visa\",\"cardExpMonth\":\"7\",\"cardExpYear\":\"2016\",\"coupon\":null,\"couponStripeId\":null,\"stripeAccountBalance\":null},\"createAccount\":null,\"user\":null,\"__model__\":\"Craft\\\\ChargeModel\"}}', '2016-07-26 20:48:50', '2016-07-26 20:48:50', '1d7d9932-56cf-4407-960f-b70ae73a592e'),
 ('55', 'test', 'request', 'Q5EN15cZGa4glRYUZKoLdmyO1wQkbSxrOVaP', 'Charge request started ', NULL, '[]', '2016-07-26 20:51:36', '2016-07-26 20:51:36', '1563ef78-735a-4397-969a-034ab106116b'),
 ('56', 'test', 'api', 'Q5EN15cZGa4glRYUZKoLdmyO1wQkbSxrOVaP', 'Found existing customer', NULL, '{\"customer\":{\"id\":\"1\",\"stripeId\":\"cus_8tP9YHp9S0V5Xp\",\"mode\":\"test\",\"userId\":\"1\",\"email\":\"briansbier@gmail.com\",\"name\":\"melissa\",\"stripe\":null,\"dateCreated\":\"2016-07-26 20:39:49\",\"__model__\":\"Craft\\\\Charge_CustomerModel\"}}', '2016-07-26 20:51:36', '2016-07-26 20:51:36', 'f0ebae8a-873a-476e-a8ea-6bb79c284d92'),
 ('57', 'test', 'success', 'Q5EN15cZGa4glRYUZKoLdmyO1wQkbSxrOVaP', 'Charge Successfully Completed', NULL, '{\"charge\":{\"id\":\"158\",\"enabled\":1,\"archived\":0,\"locale\":\"en_us\",\"localeEnabled\":1,\"slug\":\"3e3b34df4a755526dbb85dcd6773b01d\",\"uri\":\"charge\\/success\\/3e3b34df4a755526dbb85dcd6773b01d\",\"dateCreated\":\"2016-07-26 20:51:39\",\"dateUpdated\":\"2016-07-26 20:51:39\",\"root\":null,\"lft\":null,\"rgt\":null,\"level\":null,\"searchScore\":null,\"customerId\":\"1\",\"userId\":\"1\",\"type\":\"one-off\",\"mode\":\"test\",\"customerName\":\"John\",\"customerEmail\":\"melissa@gmail.com\",\"description\":null,\"hash\":\"3e3b34df4a755526dbb85dcd6773b01d\",\"notes\":null,\"meta\":[],\"sourceUrl\":\"donations\",\"timestamp\":\"2016-07-26 20:51:39\",\"cardId\":null,\"cardToken\":\"tok_18bcWaKk3seM3VXe4ldOXBdJ\",\"cardName\":null,\"cardAddressLine1\":null,\"cardAddressLine2\":null,\"cardAddressCity\":null,\"cardAddressState\":null,\"cardAddressZip\":null,\"cardAddressCountry\":null,\"cardLast4\":\"4242\",\"cardType\":\"Visa\",\"cardExpMonth\":\"7\",\"cardExpYear\":\"2016\",\"planAmount\":\"5\",\"planAmountInCents\":500,\"planCurrency\":\"USD\",\"planInterval\":\"\",\"planIntervalCount\":\"0\",\"planName\":null,\"planDiscount\":null,\"planFullAmount\":null,\"planChoice\":null,\"planOpts\":null,\"hasDiscount\":0,\"coupon\":null,\"planCoupon\":null,\"couponStripeId\":null,\"stripeAccountBalance\":null,\"actions\":null,\"content\":null,\"request\":{\"planAmount\":\"5\",\"planCurrency\":\"USD\",\"planAmountInCents\":500,\"planName\":null,\"planDiscount\":null,\"planFullAmount\":null,\"planChoice\":null,\"planOpts\":null,\"planInterval\":\"\",\"planIntervalCount\":\"0\",\"cardName\":null,\"cardAddressLine1\":null,\"cardAddressLine2\":null,\"cardAddressCity\":null,\"cardAddressState\":null,\"cardAddressZip\":null,\"cardAddressCountry\":null,\"cardLast4\":\"4242\",\"cardType\":\"Visa\",\"cardExpMonth\":\"7\",\"cardExpYear\":\"2016\",\"coupon\":null,\"couponStripeId\":null,\"stripeAccountBalance\":null},\"createAccount\":null,\"user\":null,\"__model__\":\"Craft\\\\ChargeModel\"}}', '2016-07-26 20:51:39', '2016-07-26 20:51:39', '5055b6c6-c1b8-4b40-b1be-4f7a0d09b74e'),
 ('58', 'test', 'request', '7d2N7XL5MZV5LxbenWpDo1wv9GnbHauqUrCT', 'Charge request started ', NULL, '[]', '2016-07-26 20:53:42', '2016-07-26 20:53:42', 'd22772df-4693-47d5-b6ee-31101e1a55ef'),
 ('59', 'test', 'api', '7d2N7XL5MZV5LxbenWpDo1wv9GnbHauqUrCT', 'Found existing customer', NULL, '{\"customer\":{\"id\":\"1\",\"stripeId\":\"cus_8tP9YHp9S0V5Xp\",\"mode\":\"test\",\"userId\":\"1\",\"email\":\"briansbier@gmail.com\",\"name\":\"John\",\"stripe\":null,\"dateCreated\":\"2016-07-26 20:39:49\",\"__model__\":\"Craft\\\\Charge_CustomerModel\"}}', '2016-07-26 20:53:42', '2016-07-26 20:53:42', '2fc17eea-aef3-4ad9-9add-617851a1225d'),
 ('60', 'test', 'success', '7d2N7XL5MZV5LxbenWpDo1wv9GnbHauqUrCT', 'Charge Successfully Completed', NULL, '{\"charge\":{\"id\":\"160\",\"enabled\":1,\"archived\":0,\"locale\":\"en_us\",\"localeEnabled\":1,\"slug\":\"186522c27f5dba08cad29be29bd77360\",\"uri\":\"charge\\/success\\/186522c27f5dba08cad29be29bd77360\",\"dateCreated\":\"2016-07-26 20:53:46\",\"dateUpdated\":\"2016-07-26 20:53:46\",\"root\":null,\"lft\":null,\"rgt\":null,\"level\":null,\"searchScore\":null,\"customerId\":\"1\",\"userId\":\"1\",\"type\":\"one-off\",\"mode\":\"test\",\"customerName\":\"bily\",\"customerEmail\":\"briansbier@gmail.com\",\"description\":null,\"hash\":\"186522c27f5dba08cad29be29bd77360\",\"notes\":null,\"meta\":[],\"sourceUrl\":\"donations\",\"timestamp\":\"2016-07-26 20:53:45\",\"cardId\":null,\"cardToken\":\"tok_18bcYcKk3seM3VXeQlHJLowA\",\"cardName\":null,\"cardAddressLine1\":null,\"cardAddressLine2\":null,\"cardAddressCity\":null,\"cardAddressState\":null,\"cardAddressZip\":null,\"cardAddressCountry\":null,\"cardLast4\":\"4242\",\"cardType\":\"Visa\",\"cardExpMonth\":\"7\",\"cardExpYear\":\"2016\",\"planAmount\":\"5\",\"planAmountInCents\":500,\"planCurrency\":\"USD\",\"planInterval\":\"\",\"planIntervalCount\":\"0\",\"planName\":null,\"planDiscount\":null,\"planFullAmount\":null,\"planChoice\":null,\"planOpts\":null,\"hasDiscount\":0,\"coupon\":null,\"planCoupon\":null,\"couponStripeId\":null,\"stripeAccountBalance\":null,\"actions\":null,\"content\":null,\"request\":{\"planAmount\":\"5\",\"planCurrency\":\"USD\",\"planAmountInCents\":500,\"planName\":null,\"planDiscount\":null,\"planFullAmount\":null,\"planChoice\":null,\"planOpts\":null,\"planInterval\":\"\",\"planIntervalCount\":\"0\",\"cardName\":null,\"cardAddressLine1\":null,\"cardAddressLine2\":null,\"cardAddressCity\":null,\"cardAddressState\":null,\"cardAddressZip\":null,\"cardAddressCountry\":null,\"cardLast4\":\"4242\",\"cardType\":\"Visa\",\"cardExpMonth\":\"7\",\"cardExpYear\":\"2016\",\"coupon\":null,\"couponStripeId\":null,\"stripeAccountBalance\":null},\"createAccount\":null,\"user\":null,\"__model__\":\"Craft\\\\ChargeModel\"}}', '2016-07-26 20:53:46', '2016-07-26 20:53:46', '73f1b2f4-fc9f-4dfa-9e58-0150718aeef0'),
 ('61', 'test', 'request', '9m8FQL2F697ZhkAWGr8k2uv7ziJB9GCM3uIw', 'Charge request started ', NULL, '[]', '2016-07-26 21:31:36', '2016-07-26 21:31:36', 'fc26782e-17d7-4f8a-ad4e-0b0334d6c7eb'),
 ('62', 'test', 'api', '9m8FQL2F697ZhkAWGr8k2uv7ziJB9GCM3uIw', 'Found existing customer', NULL, '{\"customer\":{\"id\":\"1\",\"stripeId\":\"cus_8tP9YHp9S0V5Xp\",\"mode\":\"test\",\"userId\":\"1\",\"email\":\"briansbier@gmail.com\",\"name\":\"bily\",\"stripe\":null,\"dateCreated\":\"2016-07-26 20:39:49\",\"__model__\":\"Craft\\\\Charge_CustomerModel\"}}', '2016-07-26 21:31:36', '2016-07-26 21:31:36', '1b0b1898-a2c8-4a0a-b650-8f3bea1355aa'),
 ('63', 'test', 'success', '9m8FQL2F697ZhkAWGr8k2uv7ziJB9GCM3uIw', 'Charge Successfully Completed', NULL, '{\"charge\":{\"id\":\"162\",\"enabled\":1,\"archived\":0,\"locale\":\"en_us\",\"localeEnabled\":1,\"slug\":\"f99108ca4ae63b72a3ff8484228d42f6\",\"uri\":\"charge\\/success\\/f99108ca4ae63b72a3ff8484228d42f6\",\"dateCreated\":\"2016-07-26 21:31:38\",\"dateUpdated\":\"2016-07-26 21:31:38\",\"root\":null,\"lft\":null,\"rgt\":null,\"level\":null,\"searchScore\":null,\"customerId\":\"1\",\"userId\":\"1\",\"type\":\"one-off\",\"mode\":\"test\",\"customerName\":\"bily\",\"customerEmail\":\"briansbier@gmail.com\",\"description\":null,\"hash\":\"f99108ca4ae63b72a3ff8484228d42f6\",\"notes\":null,\"meta\":[],\"sourceUrl\":\"donations\",\"timestamp\":\"2016-07-26 21:31:38\",\"cardId\":null,\"cardToken\":\"tok_18bd9IKk3seM3VXeSvZcrqqm\",\"cardName\":null,\"cardAddressLine1\":null,\"cardAddressLine2\":null,\"cardAddressCity\":null,\"cardAddressState\":null,\"cardAddressZip\":null,\"cardAddressCountry\":null,\"cardLast4\":\"4242\",\"cardType\":\"Visa\",\"cardExpMonth\":\"7\",\"cardExpYear\":\"2016\",\"planAmount\":\"5\",\"planAmountInCents\":500,\"planCurrency\":\"USD\",\"planInterval\":\"\",\"planIntervalCount\":\"0\",\"planName\":null,\"planDiscount\":null,\"planFullAmount\":null,\"planChoice\":null,\"planOpts\":null,\"hasDiscount\":0,\"coupon\":null,\"planCoupon\":null,\"couponStripeId\":null,\"stripeAccountBalance\":null,\"actions\":null,\"content\":null,\"request\":{\"planAmount\":\"5\",\"planCurrency\":\"USD\",\"planAmountInCents\":500,\"planName\":null,\"planDiscount\":null,\"planFullAmount\":null,\"planChoice\":null,\"planOpts\":null,\"planInterval\":\"\",\"planIntervalCount\":\"0\",\"cardName\":null,\"cardAddressLine1\":null,\"cardAddressLine2\":null,\"cardAddressCity\":null,\"cardAddressState\":null,\"cardAddressZip\":null,\"cardAddressCountry\":null,\"cardLast4\":\"4242\",\"cardType\":\"Visa\",\"cardExpMonth\":\"7\",\"cardExpYear\":\"2016\",\"coupon\":null,\"couponStripeId\":null,\"stripeAccountBalance\":null},\"createAccount\":null,\"user\":null,\"__model__\":\"Craft\\\\ChargeModel\"}}', '2016-07-26 21:31:38', '2016-07-26 21:31:38', 'cd826a98-b786-4e06-81ba-7b9cc48d7be0'),
 ('64', 'test', 'request', '6Mz94Y9H11sOjSC1xJj9qmUaWaLgvFj9ROjx', 'Charge request started ', NULL, '[]', '2016-07-26 21:33:27', '2016-07-26 21:33:27', '554c4fdd-8a66-4e20-ab82-84b184d12d6c'),
 ('65', 'test', 'api', '6Mz94Y9H11sOjSC1xJj9qmUaWaLgvFj9ROjx', 'Found existing customer', NULL, '{\"customer\":{\"id\":\"1\",\"stripeId\":\"cus_8tP9YHp9S0V5Xp\",\"mode\":\"test\",\"userId\":\"1\",\"email\":\"briansbier@gmail.com\",\"name\":\"bily\",\"stripe\":null,\"dateCreated\":\"2016-07-26 20:39:49\",\"__model__\":\"Craft\\\\Charge_CustomerModel\"}}', '2016-07-26 21:33:27', '2016-07-26 21:33:27', 'bbb580d5-f565-4d7f-b318-9aabb247f65a'),
 ('66', 'test', 'success', '6Mz94Y9H11sOjSC1xJj9qmUaWaLgvFj9ROjx', 'Charge Successfully Completed', NULL, '{\"charge\":{\"id\":\"164\",\"enabled\":1,\"archived\":0,\"locale\":\"en_us\",\"localeEnabled\":1,\"slug\":\"d320ad4d0de7cbadcdfbc4d211567d57\",\"uri\":\"charge\\/success\\/d320ad4d0de7cbadcdfbc4d211567d57\",\"dateCreated\":\"2016-07-26 21:33:30\",\"dateUpdated\":\"2016-07-26 21:33:30\",\"root\":null,\"lft\":null,\"rgt\":null,\"level\":null,\"searchScore\":null,\"customerId\":\"1\",\"userId\":\"1\",\"type\":\"one-off\",\"mode\":\"test\",\"customerName\":\"john\",\"customerEmail\":\"briansbier@gmail.com\",\"description\":null,\"hash\":\"d320ad4d0de7cbadcdfbc4d211567d57\",\"notes\":null,\"meta\":[],\"sourceUrl\":\"donations\",\"timestamp\":\"2016-07-26 21:33:30\",\"cardId\":null,\"cardToken\":\"tok_18bdB5Kk3seM3VXeJC59b2Aa\",\"cardName\":null,\"cardAddressLine1\":null,\"cardAddressLine2\":null,\"cardAddressCity\":null,\"cardAddressState\":null,\"cardAddressZip\":null,\"cardAddressCountry\":null,\"cardLast4\":\"4242\",\"cardType\":\"Visa\",\"cardExpMonth\":\"7\",\"cardExpYear\":\"2016\",\"planAmount\":\"5\",\"planAmountInCents\":500,\"planCurrency\":\"USD\",\"planInterval\":\"\",\"planIntervalCount\":\"0\",\"planName\":null,\"planDiscount\":null,\"planFullAmount\":null,\"planChoice\":null,\"planOpts\":null,\"hasDiscount\":0,\"coupon\":null,\"planCoupon\":null,\"couponStripeId\":null,\"stripeAccountBalance\":null,\"actions\":null,\"content\":null,\"request\":{\"planAmount\":\"5\",\"planCurrency\":\"USD\",\"planAmountInCents\":500,\"planName\":null,\"planDiscount\":null,\"planFullAmount\":null,\"planChoice\":null,\"planOpts\":null,\"planInterval\":\"\",\"planIntervalCount\":\"0\",\"cardName\":null,\"cardAddressLine1\":null,\"cardAddressLine2\":null,\"cardAddressCity\":null,\"cardAddressState\":null,\"cardAddressZip\":null,\"cardAddressCountry\":null,\"cardLast4\":\"4242\",\"cardType\":\"Visa\",\"cardExpMonth\":\"7\",\"cardExpYear\":\"2016\",\"coupon\":null,\"couponStripeId\":null,\"stripeAccountBalance\":null},\"createAccount\":null,\"user\":null,\"__model__\":\"Craft\\\\ChargeModel\"}}', '2016-07-26 21:33:30', '2016-07-26 21:33:30', 'ac562f1f-6bd3-4806-a1f9-58d8d874fb25'),
 ('67', 'test', 'request', 'E3KG3d2oP5ZX4AQzTdL8ffrELhXZmLqaBu1v', 'Charge request started ', NULL, '[]', '2016-07-26 21:38:42', '2016-07-26 21:38:42', 'db01c1e9-1212-4fa5-9e04-7dba5d873cdf'),
 ('68', 'test', 'api', 'E3KG3d2oP5ZX4AQzTdL8ffrELhXZmLqaBu1v', 'Found existing customer', NULL, '{\"customer\":{\"id\":\"1\",\"stripeId\":\"cus_8tP9YHp9S0V5Xp\",\"mode\":\"test\",\"userId\":\"1\",\"email\":\"briansbier@gmail.com\",\"name\":\"john\",\"stripe\":null,\"dateCreated\":\"2016-07-26 20:39:49\",\"__model__\":\"Craft\\\\Charge_CustomerModel\"}}', '2016-07-26 21:38:42', '2016-07-26 21:38:42', '3ce12293-5466-4e2f-9f9d-ecc289b59de0'),
 ('69', 'test', 'success', 'E3KG3d2oP5ZX4AQzTdL8ffrELhXZmLqaBu1v', 'Charge Successfully Completed', NULL, '{\"charge\":{\"id\":\"166\",\"enabled\":1,\"archived\":0,\"locale\":\"en_us\",\"localeEnabled\":1,\"slug\":\"1b0cd75d51df8737254f4e4d45317d69\",\"uri\":\"charge\\/success\\/1b0cd75d51df8737254f4e4d45317d69\",\"dateCreated\":\"2016-07-26 21:38:45\",\"dateUpdated\":\"2016-07-26 21:38:45\",\"root\":null,\"lft\":null,\"rgt\":null,\"level\":null,\"searchScore\":null,\"customerId\":\"1\",\"userId\":\"1\",\"type\":\"one-off\",\"mode\":\"test\",\"customerName\":\"John\",\"customerEmail\":\"briansbier@gmail.com\",\"description\":null,\"hash\":\"1b0cd75d51df8737254f4e4d45317d69\",\"notes\":null,\"meta\":[],\"sourceUrl\":\"donations\",\"timestamp\":\"2016-07-26 21:38:45\",\"cardId\":null,\"cardToken\":\"tok_18bdGAKk3seM3VXe4F1O2mgt\",\"cardName\":null,\"cardAddressLine1\":null,\"cardAddressLine2\":null,\"cardAddressCity\":null,\"cardAddressState\":null,\"cardAddressZip\":null,\"cardAddressCountry\":null,\"cardLast4\":\"4242\",\"cardType\":\"Visa\",\"cardExpMonth\":\"7\",\"cardExpYear\":\"2016\",\"planAmount\":\"5\",\"planAmountInCents\":500,\"planCurrency\":\"USD\",\"planInterval\":\"\",\"planIntervalCount\":\"0\",\"planName\":null,\"planDiscount\":null,\"planFullAmount\":null,\"planChoice\":null,\"planOpts\":null,\"hasDiscount\":0,\"coupon\":null,\"planCoupon\":null,\"couponStripeId\":null,\"stripeAccountBalance\":null,\"actions\":null,\"content\":null,\"request\":{\"planAmount\":\"5\",\"planCurrency\":\"USD\",\"planAmountInCents\":500,\"planName\":null,\"planDiscount\":null,\"planFullAmount\":null,\"planChoice\":null,\"planOpts\":null,\"planInterval\":\"\",\"planIntervalCount\":\"0\",\"cardName\":null,\"cardAddressLine1\":null,\"cardAddressLine2\":null,\"cardAddressCity\":null,\"cardAddressState\":null,\"cardAddressZip\":null,\"cardAddressCountry\":null,\"cardLast4\":\"4242\",\"cardType\":\"Visa\",\"cardExpMonth\":\"7\",\"cardExpYear\":\"2016\",\"coupon\":null,\"couponStripeId\":null,\"stripeAccountBalance\":null},\"createAccount\":null,\"user\":null,\"__model__\":\"Craft\\\\ChargeModel\"}}', '2016-07-26 21:38:45', '2016-07-26 21:38:45', '94c393e6-8fe4-47e6-856c-6fbd912ef7cd'),
 ('70', 'test', 'request', 'lGE0ODE3L548q4WFiv5mIzXikuEHUvumdPIe', 'Charge request started ', NULL, '[]', '2016-07-26 21:42:59', '2016-07-26 21:42:59', '97d43361-531e-47fc-b92c-ebd1c47566f5'),
 ('71', 'test', 'note', 'lGE0ODE3L548q4WFiv5mIzXikuEHUvumdPIe', 'Returned to user with error', NULL, '{\"extra\":{\"errors\":[\"customerEmail : Email cannot be blank.\",\"There was a problem with your details, please check the form and try again\"]}}', '2016-07-26 21:42:59', '2016-07-26 21:42:59', 'b931de57-98e5-4520-b826-45e29b78919f'),
 ('72', 'test', 'request', 'QTdazGn4KPfpRtNBR9enwlpUBC7lWwzyrc1O', 'Charge request started ', NULL, '[]', '2016-07-26 21:43:17', '2016-07-26 21:43:17', '48e070f3-4b2d-4c5e-aa9b-0bda24c67533'),
 ('73', 'test', 'note', 'QTdazGn4KPfpRtNBR9enwlpUBC7lWwzyrc1O', 'Returned to user with error', NULL, '{\"extra\":{\"errors\":[\"customerEmail : Email cannot be blank.\",\"There was a problem with your details, please check the form and try again\"]}}', '2016-07-26 21:43:17', '2016-07-26 21:43:17', '5f337c61-0118-4036-a622-e83ec171f010'),
 ('74', 'test', 'request', '0G8iiAtFTrkC9A1z3DVq5g4cRHL8MP7AzGKw', 'Charge request started ', NULL, '[]', '2016-07-26 21:54:13', '2016-07-26 21:54:13', 'fee739f0-9940-4237-83e0-edf113b121f7'),
 ('75', 'test', 'api', '0G8iiAtFTrkC9A1z3DVq5g4cRHL8MP7AzGKw', 'Found existing customer', NULL, '{\"customer\":{\"id\":\"1\",\"stripeId\":\"cus_8tP9YHp9S0V5Xp\",\"mode\":\"test\",\"userId\":\"1\",\"email\":\"briansbier@gmail.com\",\"name\":\"John\",\"stripe\":null,\"dateCreated\":\"2016-07-26 20:39:49\",\"__model__\":\"Craft\\\\Charge_CustomerModel\"}}', '2016-07-26 21:54:13', '2016-07-26 21:54:13', '2362be1f-2e2b-4300-846d-776c308f5970'),
 ('76', 'test', 'success', '0G8iiAtFTrkC9A1z3DVq5g4cRHL8MP7AzGKw', 'Charge Successfully Completed', NULL, '{\"charge\":{\"id\":\"168\",\"enabled\":1,\"archived\":0,\"locale\":\"en_us\",\"localeEnabled\":1,\"slug\":\"c045f73ea251ec08166e3f37093e3b50\",\"uri\":\"charge\\/success\\/c045f73ea251ec08166e3f37093e3b50\",\"dateCreated\":\"2016-07-26 21:54:16\",\"dateUpdated\":\"2016-07-26 21:54:16\",\"root\":null,\"lft\":null,\"rgt\":null,\"level\":null,\"searchScore\":null,\"customerId\":\"1\",\"userId\":\"1\",\"type\":\"one-off\",\"mode\":\"test\",\"customerName\":\"fe\",\"customerEmail\":\"defad@fdf.com\",\"description\":null,\"hash\":\"c045f73ea251ec08166e3f37093e3b50\",\"notes\":null,\"meta\":[],\"sourceUrl\":\"donations\",\"timestamp\":\"2016-07-26 21:54:16\",\"cardId\":null,\"cardToken\":\"tok_18bdVBKk3seM3VXeLsOHieoO\",\"cardName\":null,\"cardAddressLine1\":null,\"cardAddressLine2\":null,\"cardAddressCity\":null,\"cardAddressState\":null,\"cardAddressZip\":null,\"cardAddressCountry\":null,\"cardLast4\":\"4242\",\"cardType\":\"Visa\",\"cardExpMonth\":\"7\",\"cardExpYear\":\"2016\",\"planAmount\":\"56\",\"planAmountInCents\":5600,\"planCurrency\":\"USD\",\"planInterval\":\"\",\"planIntervalCount\":\"0\",\"planName\":null,\"planDiscount\":null,\"planFullAmount\":null,\"planChoice\":null,\"planOpts\":null,\"hasDiscount\":0,\"coupon\":null,\"planCoupon\":null,\"couponStripeId\":null,\"stripeAccountBalance\":null,\"actions\":null,\"content\":null,\"request\":{\"planAmount\":\"56\",\"planCurrency\":\"USD\",\"planAmountInCents\":5600,\"planName\":null,\"planDiscount\":null,\"planFullAmount\":null,\"planChoice\":null,\"planOpts\":null,\"planInterval\":\"\",\"planIntervalCount\":\"0\",\"cardName\":null,\"cardAddressLine1\":null,\"cardAddressLine2\":null,\"cardAddressCity\":null,\"cardAddressState\":null,\"cardAddressZip\":null,\"cardAddressCountry\":null,\"cardLast4\":\"4242\",\"cardType\":\"Visa\",\"cardExpMonth\":\"7\",\"cardExpYear\":\"2016\",\"coupon\":null,\"couponStripeId\":null,\"stripeAccountBalance\":null},\"createAccount\":null,\"user\":null,\"__model__\":\"Craft\\\\ChargeModel\"}}', '2016-07-26 21:54:16', '2016-07-26 21:54:16', '3f1d2d90-484e-40cd-bac5-0999055613a2'),
 ('77', 'test', 'request', 'QLdt4nSuzd7aCAE3sDTwPEzWuOl0tSvgtjAf', 'Charge request started ', NULL, '[]', '2016-07-26 21:56:46', '2016-07-26 21:56:46', 'b2e94955-6eec-4bea-b288-712db5a77592'),
 ('78', 'test', 'note', 'QLdt4nSuzd7aCAE3sDTwPEzWuOl0tSvgtjAf', 'Returned to user with error', NULL, '{\"extra\":{\"errors\":[\"planAmount : Amount cannot be blank.\",\"There was a problem with your details, please check the form and try again\"]}}', '2016-07-26 21:56:46', '2016-07-26 21:56:46', '1fb247b9-f7ea-4f1e-84f5-b04c353dae0e'),
 ('79', 'test', 'request', 'jZoRELPp2u9jRrBewoRC49q9XKaU23OwWj7b', 'Charge request started ', NULL, '[]', '2016-07-26 21:57:32', '2016-07-26 21:57:32', 'af9fd9e2-7bed-419c-8cae-64f3665e1410'),
 ('80', 'test', 'api', 'jZoRELPp2u9jRrBewoRC49q9XKaU23OwWj7b', 'Found existing customer', NULL, '{\"customer\":{\"id\":\"1\",\"stripeId\":\"cus_8tP9YHp9S0V5Xp\",\"mode\":\"test\",\"userId\":\"1\",\"email\":\"briansbier@gmail.com\",\"name\":\"fe\",\"stripe\":null,\"dateCreated\":\"2016-07-26 20:39:49\",\"__model__\":\"Craft\\\\Charge_CustomerModel\"}}', '2016-07-26 21:57:33', '2016-07-26 21:57:33', 'dbc33ad4-0874-40e4-bd6a-12c0192e0086'),
 ('81', 'test', 'success', 'jZoRELPp2u9jRrBewoRC49q9XKaU23OwWj7b', 'Charge Successfully Completed', NULL, '{\"charge\":{\"id\":\"170\",\"enabled\":1,\"archived\":0,\"locale\":\"en_us\",\"localeEnabled\":1,\"slug\":\"c148f69c2ef5916b78bb87c21872fc27\",\"uri\":\"charge\\/success\\/c148f69c2ef5916b78bb87c21872fc27\",\"dateCreated\":\"2016-07-26 21:57:36\",\"dateUpdated\":\"2016-07-26 21:57:36\",\"root\":null,\"lft\":null,\"rgt\":null,\"level\":null,\"searchScore\":null,\"customerId\":\"1\",\"userId\":\"1\",\"type\":\"one-off\",\"mode\":\"test\",\"customerName\":\"Brian Bier\",\"customerEmail\":\"briansbier@gmail.com\",\"description\":null,\"hash\":\"c148f69c2ef5916b78bb87c21872fc27\",\"notes\":null,\"meta\":[],\"sourceUrl\":\"donations\",\"timestamp\":\"2016-07-26 21:57:36\",\"cardId\":null,\"cardToken\":\"tok_18bdYOKk3seM3VXeJUyumkOE\",\"cardName\":null,\"cardAddressLine1\":null,\"cardAddressLine2\":null,\"cardAddressCity\":null,\"cardAddressState\":null,\"cardAddressZip\":null,\"cardAddressCountry\":null,\"cardLast4\":\"4242\",\"cardType\":\"Visa\",\"cardExpMonth\":\"7\",\"cardExpYear\":\"2017\",\"planAmount\":\"10\",\"planAmountInCents\":1000,\"planCurrency\":\"USD\",\"planInterval\":\"week\",\"planIntervalCount\":\"0\",\"planName\":null,\"planDiscount\":null,\"planFullAmount\":null,\"planChoice\":null,\"planOpts\":null,\"hasDiscount\":0,\"coupon\":null,\"planCoupon\":null,\"couponStripeId\":null,\"stripeAccountBalance\":null,\"actions\":null,\"content\":null,\"request\":{\"planAmount\":\"10\",\"planCurrency\":\"USD\",\"planAmountInCents\":1000,\"planName\":null,\"planDiscount\":null,\"planFullAmount\":null,\"planChoice\":null,\"planOpts\":null,\"planInterval\":\"week\",\"planIntervalCount\":\"0\",\"cardName\":null,\"cardAddressLine1\":null,\"cardAddressLine2\":null,\"cardAddressCity\":null,\"cardAddressState\":null,\"cardAddressZip\":null,\"cardAddressCountry\":null,\"cardLast4\":\"4242\",\"cardType\":\"Visa\",\"cardExpMonth\":\"7\",\"cardExpYear\":\"2017\",\"coupon\":null,\"couponStripeId\":null,\"stripeAccountBalance\":null},\"createAccount\":null,\"user\":null,\"__model__\":\"Craft\\\\ChargeModel\"}}', '2016-07-26 21:57:36', '2016-07-26 21:57:36', '223eca7c-be0a-4f3c-80d4-4d3fbb61d6da'),
 ('82', 'test', 'request', 'T9EzZBE7wYhtqfQwnZqjSbcuddpCCA9GQVRd', 'Charge request started ', NULL, '[]', '2016-07-26 21:59:09', '2016-07-26 21:59:09', '6f986919-a966-45e3-90b2-23fd90d8be49'),
 ('83', 'test', 'api', 'T9EzZBE7wYhtqfQwnZqjSbcuddpCCA9GQVRd', 'Found existing customer', NULL, '{\"customer\":{\"id\":\"1\",\"stripeId\":\"cus_8tP9YHp9S0V5Xp\",\"mode\":\"test\",\"userId\":\"1\",\"email\":\"briansbier@gmail.com\",\"name\":\"Brian Bier\",\"stripe\":null,\"dateCreated\":\"2016-07-26 20:39:49\",\"__model__\":\"Craft\\\\Charge_CustomerModel\"}}', '2016-07-26 21:59:09', '2016-07-26 21:59:09', '97dcb998-7b9a-4812-9195-ce0a5233459d'),
 ('84', 'test', 'info', 'T9EzZBE7wYhtqfQwnZqjSbcuddpCCA9GQVRd', 'Plan not found on Stripe, creating', NULL, 'Plan named \"10.00 USD Every 3 Weeks\" does\'t exist on Stripe. Will need to create', '2016-07-26 21:59:12', '2016-07-26 21:59:12', '013ffcf2-8366-4d7e-aded-a25c7e4c0369'),
 ('85', 'test', 'api', 'T9EzZBE7wYhtqfQwnZqjSbcuddpCCA9GQVRd', 'Created a new plan', NULL, '{\"plan\":{\"id\":\"10.00 USD Every 3 Weeks\",\"object\":\"plan\",\"amount\":1000,\"created\":1469570352,\"currency\":\"usd\",\"interval\":\"week\",\"interval_count\":3,\"livemode\":0,\"metadata\":[],\"name\":\"10.00 USD Every 3 Weeks\",\"statement_descriptor\":null,\"trial_period_days\":null}}', '2016-07-26 21:59:12', '2016-07-26 21:59:12', 'affe99bd-27ed-423d-b638-fb395c894d0a'),
 ('86', 'test', 'success', 'T9EzZBE7wYhtqfQwnZqjSbcuddpCCA9GQVRd', 'Charge Successfully Completed', NULL, '{\"charge\":{\"id\":\"172\",\"enabled\":1,\"archived\":0,\"locale\":\"en_us\",\"localeEnabled\":1,\"slug\":\"0fe58eb66eac1903aa366c6284b6c737\",\"uri\":\"charge\\/success\\/0fe58eb66eac1903aa366c6284b6c737\",\"dateCreated\":\"2016-07-26 21:59:15\",\"dateUpdated\":\"2016-07-26 21:59:15\",\"root\":null,\"lft\":null,\"rgt\":null,\"level\":null,\"searchScore\":null,\"customerId\":\"1\",\"userId\":\"1\",\"type\":\"recurring\",\"mode\":\"test\",\"customerName\":\"Brian Bier\",\"customerEmail\":\"briansbier@gmail.com\",\"description\":null,\"hash\":\"0fe58eb66eac1903aa366c6284b6c737\",\"notes\":null,\"meta\":[],\"sourceUrl\":\"donations\",\"timestamp\":\"2016-07-26 21:59:15\",\"cardId\":null,\"cardToken\":\"tok_18bdZxKk3seM3VXeRn4pBCRJ\",\"cardName\":null,\"cardAddressLine1\":null,\"cardAddressLine2\":null,\"cardAddressCity\":null,\"cardAddressState\":null,\"cardAddressZip\":null,\"cardAddressCountry\":null,\"cardLast4\":\"4242\",\"cardType\":\"Visa\",\"cardExpMonth\":\"7\",\"cardExpYear\":\"2017\",\"planAmount\":\"10\",\"planAmountInCents\":1000,\"planCurrency\":\"USD\",\"planInterval\":\"week\",\"planIntervalCount\":\"3\",\"planName\":null,\"planDiscount\":null,\"planFullAmount\":null,\"planChoice\":null,\"planOpts\":null,\"hasDiscount\":0,\"coupon\":null,\"planCoupon\":null,\"couponStripeId\":null,\"stripeAccountBalance\":null,\"actions\":null,\"content\":null,\"request\":{\"planAmount\":\"10\",\"planCurrency\":\"USD\",\"planAmountInCents\":1000,\"planName\":null,\"planDiscount\":null,\"planFullAmount\":null,\"planChoice\":null,\"planOpts\":null,\"planInterval\":\"week\",\"planIntervalCount\":\"3\",\"cardName\":null,\"cardAddressLine1\":null,\"cardAddressLine2\":null,\"cardAddressCity\":null,\"cardAddressState\":null,\"cardAddressZip\":null,\"cardAddressCountry\":null,\"cardLast4\":\"4242\",\"cardType\":\"Visa\",\"cardExpMonth\":\"7\",\"cardExpYear\":\"2017\",\"coupon\":null,\"couponStripeId\":null,\"stripeAccountBalance\":null},\"createAccount\":null,\"user\":null,\"__model__\":\"Craft\\\\ChargeModel\"}}', '2016-07-26 21:59:15', '2016-07-26 21:59:15', '1378fcc1-38d5-4dfb-b568-07267ee71391'),
 ('87', 'unset', 'info', 'IUBlC3lCbJ5O6V3cBOVhHYA1UNTmZRPSEUO9', 'Validating connection details.', NULL, '[]', '2016-07-27 14:12:49', '2016-07-27 14:12:49', '19bb609b-4c69-4cdb-a38c-9c0ec514373e'),
 ('88', 'test', 'request', 'YtmE3lI5koB9lO0okkfdTasRvNaScbWNcplp', 'Charge request started ', NULL, '[]', '2016-07-27 14:39:31', '2016-07-27 14:39:31', '764a98b3-7cd2-47b2-8ffd-0e23e8ebab42'),
 ('89', 'test', 'note', 'YtmE3lI5koB9lO0okkfdTasRvNaScbWNcplp', 'Returned to user with error', NULL, '{\"extra\":{\"errors\":[\"planAmount : Amount cannot be blank.\",\"There was a problem with your details, please check the form and try again\"]}}', '2016-07-27 14:39:31', '2016-07-27 14:39:31', 'd0bedf2c-cce7-417d-a538-3dcfd1795b13'),
 ('90', 'test', 'request', '3sbtjSG2T8sR04t9oXAW8mt3hPxDxCu9y5DJ', 'Charge request started ', NULL, '[]', '2016-07-27 14:49:10', '2016-07-27 14:49:10', 'd5930a6f-7c03-4d36-a2c7-3724a96691c3'),
 ('91', 'test', 'note', '3sbtjSG2T8sR04t9oXAW8mt3hPxDxCu9y5DJ', 'Returned to user with error', NULL, '{\"extra\":{\"errors\":[\"planAmount : Amount cannot be blank.\",\"There was a problem with your details, please check the form and try again\"]}}', '2016-07-27 14:49:10', '2016-07-27 14:49:10', 'fa163e67-7d69-410d-9d6f-832001db15b8'),
 ('92', 'test', 'request', 'Z6hdQN4vdmvYCD4jLWNtyNfBtlb68DHgJhum', 'Charge request started ', NULL, '[]', '2016-07-27 14:49:35', '2016-07-27 14:49:35', '8788ab63-be43-40e5-8457-0c6dd558c3e0'),
 ('93', 'test', 'note', 'Z6hdQN4vdmvYCD4jLWNtyNfBtlb68DHgJhum', 'Returned to user with error', NULL, '{\"extra\":{\"errors\":[\"planAmount : Amount cannot be blank.\",\"There was a problem with your details, please check the form and try again\"]}}', '2016-07-27 14:49:35', '2016-07-27 14:49:35', 'b63c21b9-4b40-462b-9f9a-147e61420b5d'),
 ('94', 'test', 'request', '1kLer1aepig4KOVb8uuOnJnV2lHv9S8UNN33', 'Charge request started ', NULL, '[]', '2016-07-27 14:49:56', '2016-07-27 14:49:56', '9dd3d1f9-7ce1-4ce5-8340-2d857b72a02e'),
 ('95', 'test', 'note', '1kLer1aepig4KOVb8uuOnJnV2lHv9S8UNN33', 'Returned to user with error', NULL, '{\"extra\":{\"errors\":[\"planAmount : Amount cannot be blank.\",\"There was a problem with your details, please check the form and try again\"]}}', '2016-07-27 14:49:56', '2016-07-27 14:49:56', '17cde68a-6c2d-43fe-b75e-97b4acf6827e'),
 ('96', 'test', 'request', 'g76E7LKCvZrDyyI4hGdQECAO6S2khYdqICbf', 'Charge request started ', NULL, '[]', '2016-07-27 14:50:33', '2016-07-27 14:50:33', '4089239d-c219-4a4c-aaed-876a2847b835'),
 ('97', 'test', 'note', 'g76E7LKCvZrDyyI4hGdQECAO6S2khYdqICbf', 'Returned to user with error', NULL, '{\"extra\":{\"errors\":[\"planAmount : Amount cannot be blank.\",\"There was a problem with your details, please check the form and try again\"]}}', '2016-07-27 14:50:33', '2016-07-27 14:50:33', 'cfe877ad-61e6-4127-b153-4701c6e7c1e4'),
 ('98', 'test', 'request', 'x7rpKBT0FXtV8huYOZuVDeAL6J15nhDZ25dh', 'Charge request started ', NULL, '[]', '2016-07-27 14:54:31', '2016-07-27 14:54:31', '5b608504-7d92-4567-9b01-af28a9bc2d8f'),
 ('99', 'test', 'note', 'x7rpKBT0FXtV8huYOZuVDeAL6J15nhDZ25dh', 'Returned to user with error', NULL, '{\"extra\":{\"errors\":[\"planAmount : Amount cannot be blank.\",\"There was a problem with your details, please check the form and try again\"]}}', '2016-07-27 14:54:31', '2016-07-27 14:54:31', '140c9bbb-ad33-477d-a199-df043c99326a'),
 ('100', 'test', 'request', 'TEptnmBeMW2tUy6qI6WTcxRQlhGs8nZNAhJj', 'Charge request started ', NULL, '[]', '2016-07-27 14:54:51', '2016-07-27 14:54:51', '4e331783-170d-4816-a68f-66010048f3e7');
INSERT INTO `craft_charge_logs` (`id`, `mode`, `level`, `requestKey`, `type`, `source`, `extra`, `dateCreated`, `dateUpdated`, `uid`) VALUES
 ('101', 'test', 'note', 'TEptnmBeMW2tUy6qI6WTcxRQlhGs8nZNAhJj', 'Returned to user with error', NULL, '{\"extra\":{\"errors\":[\"planAmount : Amount cannot be blank.\",\"There was a problem with your details, please check the form and try again\"]}}', '2016-07-27 14:54:51', '2016-07-27 14:54:51', '98aca6de-886b-47d8-ac25-dfb5f3d1003f'),
 ('102', 'test', 'request', 'HUCk8uBK5ZBkDEJAgtOJaoEsLtSDyv3sp2jy', 'Charge request started ', NULL, '[]', '2016-07-27 14:55:00', '2016-07-27 14:55:00', '3735851e-e106-43e6-97a4-526c37a89b09'),
 ('103', 'test', 'note', 'HUCk8uBK5ZBkDEJAgtOJaoEsLtSDyv3sp2jy', 'Returned to user with error', NULL, '{\"extra\":{\"errors\":[\"planAmount : Amount cannot be blank.\",\"There was a problem with your details, please check the form and try again\"]}}', '2016-07-27 14:55:00', '2016-07-27 14:55:00', 'a06bd9a0-45ca-4dbf-898a-0076233b8ba6'),
 ('104', 'test', 'request', 'iwhLf0Xj0iWAYXCPaOWEK9D5JuFJ2RWG03vs', 'Charge request started ', NULL, '[]', '2016-07-27 14:55:14', '2016-07-27 14:55:14', '8fb07fc4-2855-4184-94ab-dc77a29ad6b4'),
 ('105', 'test', 'note', 'iwhLf0Xj0iWAYXCPaOWEK9D5JuFJ2RWG03vs', 'Returned to user with error', NULL, '{\"extra\":{\"errors\":[\"planAmount : Amount cannot be blank.\",\"There was a problem with your details, please check the form and try again\"]}}', '2016-07-27 14:55:14', '2016-07-27 14:55:14', 'aa87c077-f7cd-4ad7-901e-357ee4518b11'),
 ('106', 'test', 'request', 'orqEDbLdcIkmBf33g6tN9Qp8S9XeAcOVGGCx', 'Charge request started ', NULL, '[]', '2016-07-27 14:55:28', '2016-07-27 14:55:28', 'f45185e1-6744-436a-98cb-a8a713ec9388'),
 ('107', 'test', 'note', 'orqEDbLdcIkmBf33g6tN9Qp8S9XeAcOVGGCx', 'Returned to user with error', NULL, '{\"extra\":{\"errors\":[\"planAmount : Amount cannot be blank.\",\"There was a problem with your details, please check the form and try again\"]}}', '2016-07-27 14:55:28', '2016-07-27 14:55:28', 'f9e08369-6b53-485c-9eda-c84e21cfe992'),
 ('108', 'test', 'request', 'QA1DtZ4RCLg4LHKGaJJZqOzNNpmUGyJGy5QU', 'Charge request started ', NULL, '[]', '2016-07-27 14:55:59', '2016-07-27 14:55:59', '85390817-fc8c-4518-b4f4-bdca44539f47'),
 ('109', 'test', 'note', 'QA1DtZ4RCLg4LHKGaJJZqOzNNpmUGyJGy5QU', 'Returned to user with error', NULL, '{\"extra\":{\"errors\":[\"planAmount : Amount cannot be blank.\",\"There was a problem with your details, please check the form and try again\"]}}', '2016-07-27 14:55:59', '2016-07-27 14:55:59', '512ed304-c1af-44ed-a990-5a91e3e81629'),
 ('110', 'test', 'request', 'DEM0tMUMsDrPnhVPqf3oweaA3vmS0cvETlTO', 'Charge request started ', NULL, '[]', '2016-07-27 14:56:15', '2016-07-27 14:56:15', 'e11472fe-6e9e-4c47-9d87-3abbaba03c0b'),
 ('111', 'test', 'api', 'DEM0tMUMsDrPnhVPqf3oweaA3vmS0cvETlTO', 'Found existing customer', NULL, '{\"customer\":{\"id\":\"1\",\"stripeId\":\"cus_8tP9YHp9S0V5Xp\",\"mode\":\"test\",\"userId\":\"1\",\"email\":\"briansbier@gmail.com\",\"name\":\"Brian Bier\",\"stripe\":null,\"dateCreated\":\"2016-07-26 20:39:49\",\"__model__\":\"Craft\\\\Charge_CustomerModel\"}}', '2016-07-27 14:56:15', '2016-07-27 14:56:15', '7e3ddf8b-3b3e-4ade-b0b6-ad0922e37270'),
 ('112', 'test', 'success', 'DEM0tMUMsDrPnhVPqf3oweaA3vmS0cvETlTO', 'Charge Successfully Completed', NULL, '{\"charge\":{\"id\":\"174\",\"enabled\":1,\"archived\":0,\"locale\":\"en_us\",\"localeEnabled\":1,\"slug\":\"014bfbaec1333c21e036cff1761f9a8d\",\"uri\":\"charge\\/success\\/014bfbaec1333c21e036cff1761f9a8d\",\"dateCreated\":\"2016-07-27 14:56:18\",\"dateUpdated\":\"2016-07-27 14:56:18\",\"root\":null,\"lft\":null,\"rgt\":null,\"level\":null,\"searchScore\":null,\"customerId\":\"1\",\"userId\":\"1\",\"type\":\"one-off\",\"mode\":\"test\",\"customerName\":null,\"customerEmail\":\"briansbier@gmail.com\",\"description\":null,\"hash\":\"014bfbaec1333c21e036cff1761f9a8d\",\"notes\":null,\"meta\":{\"firstName\":\"\",\"lastName\":\"\",\"phone\":\"\"},\"sourceUrl\":\"donations\",\"timestamp\":\"2016-07-27 14:56:18\",\"cardId\":null,\"cardToken\":\"tok_18btRzKk3seM3VXe5Q1NI9HF\",\"cardName\":null,\"cardAddressLine1\":\"310 west 143st\",\"cardAddressLine2\":null,\"cardAddressCity\":\"New York\",\"cardAddressState\":\"AL\",\"cardAddressZip\":null,\"cardAddressCountry\":\"US\",\"cardLast4\":\"4242\",\"cardType\":\"Visa\",\"cardExpMonth\":null,\"cardExpYear\":null,\"planAmount\":\"100\",\"planAmountInCents\":10000,\"planCurrency\":\"USD\",\"planInterval\":\"\",\"planIntervalCount\":\"0\",\"planName\":null,\"planDiscount\":null,\"planFullAmount\":null,\"planChoice\":null,\"planOpts\":null,\"hasDiscount\":0,\"coupon\":null,\"planCoupon\":null,\"couponStripeId\":null,\"stripeAccountBalance\":null,\"actions\":null,\"content\":null,\"request\":{\"planAmount\":\"100\",\"planCurrency\":\"USD\",\"planAmountInCents\":10000,\"planName\":null,\"planDiscount\":null,\"planFullAmount\":null,\"planChoice\":null,\"planOpts\":null,\"planInterval\":\"\",\"planIntervalCount\":\"0\",\"cardName\":null,\"cardAddressLine1\":\"310 west 143st\",\"cardAddressLine2\":null,\"cardAddressCity\":\"New York\",\"cardAddressState\":\"AL\",\"cardAddressZip\":null,\"cardAddressCountry\":\"US\",\"cardLast4\":\"4242\",\"cardType\":\"Visa\",\"cardExpMonth\":null,\"cardExpYear\":null,\"coupon\":null,\"couponStripeId\":null,\"stripeAccountBalance\":null},\"createAccount\":null,\"user\":null,\"__model__\":\"Craft\\\\ChargeModel\"}}', '2016-07-27 14:56:18', '2016-07-27 14:56:18', 'be63678c-1cf8-419b-a1e4-513069643282'),
 ('113', 'test', 'request', 'uQz5UibPRYGEOq6PLgaJ71cfWnuPUGjmFEF6', 'Charge request started ', NULL, '[]', '2016-07-27 15:08:56', '2016-07-27 15:08:56', 'f21abcda-3283-4e6c-b5b2-3515ab108798'),
 ('114', 'test', 'note', 'uQz5UibPRYGEOq6PLgaJ71cfWnuPUGjmFEF6', 'Returned to user with error', NULL, '{\"extra\":{\"errors\":[\"planAmount : Amount cannot be blank.\",\"There was a problem with your details, please check the form and try again\"]}}', '2016-07-27 15:08:56', '2016-07-27 15:08:56', 'de54b5c6-a277-42ec-8b56-6249c96b3cec'),
 ('115', 'test', 'request', 'UpxROCEmn4fMmO2AcIVNJm3o5fL7ldKUjyOU', 'Charge request started ', NULL, '[]', '2016-07-27 15:09:25', '2016-07-27 15:09:25', '61581ad4-0b07-48de-bfbf-b207adbe0b66'),
 ('116', 'test', 'api', 'UpxROCEmn4fMmO2AcIVNJm3o5fL7ldKUjyOU', 'Found existing customer', NULL, '{\"customer\":{\"id\":\"1\",\"stripeId\":\"cus_8tP9YHp9S0V5Xp\",\"mode\":\"test\",\"userId\":\"1\",\"email\":\"briansbier@gmail.com\",\"name\":\"Brian Bier\",\"stripe\":null,\"dateCreated\":\"2016-07-26 20:39:49\",\"__model__\":\"Craft\\\\Charge_CustomerModel\"}}', '2016-07-27 15:09:25', '2016-07-27 15:09:25', 'b464c44e-63d0-4c5e-990b-eb3bb0fe6749'),
 ('117', 'test', 'exception', 'UpxROCEmn4fMmO2AcIVNJm3o5fL7ldKUjyOU', 'Failed to update customer api details', NULL, '[]', '2016-07-27 15:09:25', '2016-07-27 15:09:25', '002e57d6-be84-4632-8830-adc7b9403c8d'),
 ('118', 'test', 'error', 'UpxROCEmn4fMmO2AcIVNJm3o5fL7ldKUjyOU', 'Failed to find payment source', NULL, '{\"customer\":\"1\"}', '2016-07-27 15:09:26', '2016-07-27 15:09:26', '944f26bd-03a9-41d1-a85b-e4b06a5c7f8e'),
 ('119', 'test', 'note', 'UpxROCEmn4fMmO2AcIVNJm3o5fL7ldKUjyOU', 'Returned to user with error', NULL, '{\"extra\":{\"errors\":[\"You cannot use a Stripe token more than once: tok_18btRzKk3seM3VXe5Q1NI9HF.\"]}}', '2016-07-27 15:09:26', '2016-07-27 15:09:26', 'd0344a92-bec0-49c8-9d75-d2f912943aa0'),
 ('120', 'test', 'request', 'crbPlyo1NRIIjVKuZjTeJrbW5cImTEXopwUY', 'Charge request started ', NULL, '[]', '2016-07-27 15:09:59', '2016-07-27 15:09:59', '94d6bb3d-a089-474a-b3d2-7b25773c77b0'),
 ('121', 'test', 'api', 'crbPlyo1NRIIjVKuZjTeJrbW5cImTEXopwUY', 'Found existing customer', NULL, '{\"customer\":{\"id\":\"1\",\"stripeId\":\"cus_8tP9YHp9S0V5Xp\",\"mode\":\"test\",\"userId\":\"1\",\"email\":\"briansbier@gmail.com\",\"name\":\"Brian Bier\",\"stripe\":null,\"dateCreated\":\"2016-07-26 20:39:49\",\"__model__\":\"Craft\\\\Charge_CustomerModel\"}}', '2016-07-27 15:09:59', '2016-07-27 15:09:59', 'c57bd6a2-6640-44fd-824f-18442f212e51'),
 ('122', 'test', 'exception', 'crbPlyo1NRIIjVKuZjTeJrbW5cImTEXopwUY', 'Failed to update customer api details', NULL, '[]', '2016-07-27 15:10:00', '2016-07-27 15:10:00', '9a89e5e7-f49a-47bd-b327-b7d43a1ef5f9'),
 ('123', 'test', 'note', 'crbPlyo1NRIIjVKuZjTeJrbW5cImTEXopwUY', 'Returned to user with error', NULL, '{\"extra\":{\"errors\":[\"There was a problem with payment\"]}}', '2016-07-27 15:10:01', '2016-07-27 15:10:01', 'fef60aa2-e7f2-45ab-b26f-acf000e3eb1d'),
 ('124', 'test', 'request', 'uSVOFGK4S5E1WrjtqCABP0cDpqxmgbr2VK6S', 'Charge request started ', NULL, '[]', '2016-07-27 15:11:03', '2016-07-27 15:11:03', 'c617fe36-82e1-4e95-aed6-478a846224d5'),
 ('125', 'test', 'api', 'uSVOFGK4S5E1WrjtqCABP0cDpqxmgbr2VK6S', 'Found existing customer', NULL, '{\"customer\":{\"id\":\"1\",\"stripeId\":\"cus_8tP9YHp9S0V5Xp\",\"mode\":\"test\",\"userId\":\"1\",\"email\":\"briansbier@gmail.com\",\"name\":\"Brian Bier\",\"stripe\":null,\"dateCreated\":\"2016-07-26 20:39:49\",\"__model__\":\"Craft\\\\Charge_CustomerModel\"}}', '2016-07-27 15:11:03', '2016-07-27 15:11:03', '83cf2679-a92f-44f4-a373-483b14fa16a4'),
 ('126', 'test', 'exception', 'uSVOFGK4S5E1WrjtqCABP0cDpqxmgbr2VK6S', 'Failed to update customer api details', NULL, '[]', '2016-07-27 15:11:04', '2016-07-27 15:11:04', '130490b6-0c25-4577-ae00-4640ab325be7'),
 ('127', 'test', 'note', 'uSVOFGK4S5E1WrjtqCABP0cDpqxmgbr2VK6S', 'Returned to user with error', NULL, '{\"extra\":{\"errors\":[\"There was a problem with payment\"]}}', '2016-07-27 15:11:06', '2016-07-27 15:11:06', 'db871f43-6535-41f6-b90d-c2f5ddba5935'),
 ('128', 'test', 'request', '8qPfycw7HcAu4mV1TcqdTXKFSGyiuGxWir85', 'Charge request started ', NULL, '[]', '2016-07-27 15:11:57', '2016-07-27 15:11:57', '44838d83-f9f9-4dcb-8493-f6c6ed11eaa6'),
 ('129', 'test', 'api', '8qPfycw7HcAu4mV1TcqdTXKFSGyiuGxWir85', 'Found existing customer', NULL, '{\"customer\":{\"id\":\"1\",\"stripeId\":\"cus_8tP9YHp9S0V5Xp\",\"mode\":\"test\",\"userId\":\"1\",\"email\":\"briansbier@gmail.com\",\"name\":\"Brian Bier\",\"stripe\":null,\"dateCreated\":\"2016-07-26 20:39:49\",\"__model__\":\"Craft\\\\Charge_CustomerModel\"}}', '2016-07-27 15:11:57', '2016-07-27 15:11:57', '08065819-4aae-48ea-b40d-faeef0b41033'),
 ('130', 'test', 'exception', '8qPfycw7HcAu4mV1TcqdTXKFSGyiuGxWir85', 'Failed to update customer api details', NULL, '[]', '2016-07-27 15:11:58', '2016-07-27 15:11:58', '8eff738b-8d53-49b3-af3f-ac3a3daccf85'),
 ('131', 'test', 'note', '8qPfycw7HcAu4mV1TcqdTXKFSGyiuGxWir85', 'Returned to user with error', NULL, '{\"extra\":{\"errors\":[\"There was a problem with payment\"]}}', '2016-07-27 15:11:59', '2016-07-27 15:11:59', '62f8c5e5-4463-4dc2-87a2-2860e20325ba'),
 ('132', 'test', 'request', 'NUu8fbew5jkOcHY8HDARvgk2oLU2oRr12yDb', 'Charge request started ', NULL, '[]', '2016-07-27 15:14:29', '2016-07-27 15:14:29', '12a47946-31f8-4243-8bc9-5e11278b46e5'),
 ('133', 'test', 'api', 'NUu8fbew5jkOcHY8HDARvgk2oLU2oRr12yDb', 'Found existing customer', NULL, '{\"customer\":{\"id\":\"1\",\"stripeId\":\"cus_8tP9YHp9S0V5Xp\",\"mode\":\"test\",\"userId\":\"1\",\"email\":\"briansbier@gmail.com\",\"name\":\"Brian Bier\",\"stripe\":null,\"dateCreated\":\"2016-07-26 20:39:49\",\"__model__\":\"Craft\\\\Charge_CustomerModel\"}}', '2016-07-27 15:14:29', '2016-07-27 15:14:29', '98faf5d2-a7ba-4228-a9c6-c9c2620a19a0'),
 ('134', 'test', 'exception', 'NUu8fbew5jkOcHY8HDARvgk2oLU2oRr12yDb', 'Failed to update customer api details', NULL, '[]', '2016-07-27 15:14:29', '2016-07-27 15:14:29', 'a202d4d7-0a5c-40ab-9aae-86ae921cb6ab'),
 ('135', 'test', 'error', 'NUu8fbew5jkOcHY8HDARvgk2oLU2oRr12yDb', 'Failed to find payment source', NULL, '{\"customer\":\"1\"}', '2016-07-27 15:14:30', '2016-07-27 15:14:30', '1b209b07-62e7-44fe-ad2b-26b7af5a2d62'),
 ('136', 'test', 'note', 'NUu8fbew5jkOcHY8HDARvgk2oLU2oRr12yDb', 'Returned to user with error', NULL, '{\"extra\":{\"errors\":[\"You cannot use a Stripe token more than once: tok_18bthQKk3seM3VXedY1cjrfP.\"]}}', '2016-07-27 15:14:30', '2016-07-27 15:14:30', '0c1c222f-31a4-4cec-86ed-2b8fa4568be1'),
 ('137', 'test', 'request', 'xiQufik0ED1skdo7wlGy1CY74OMbspXh7iMJ', 'Charge request started ', NULL, '[]', '2016-07-27 15:14:45', '2016-07-27 15:14:45', '30ae611d-7ed8-414d-a662-ab728a7aa067'),
 ('138', 'test', 'api', 'xiQufik0ED1skdo7wlGy1CY74OMbspXh7iMJ', 'Found existing customer', NULL, '{\"customer\":{\"id\":\"1\",\"stripeId\":\"cus_8tP9YHp9S0V5Xp\",\"mode\":\"test\",\"userId\":\"1\",\"email\":\"briansbier@gmail.com\",\"name\":\"Brian Bier\",\"stripe\":null,\"dateCreated\":\"2016-07-26 20:39:49\",\"__model__\":\"Craft\\\\Charge_CustomerModel\"}}', '2016-07-27 15:14:45', '2016-07-27 15:14:45', 'fa4e4c38-2a7c-4702-8a63-9ba9fe362a3d'),
 ('139', 'test', 'exception', 'xiQufik0ED1skdo7wlGy1CY74OMbspXh7iMJ', 'Failed to update customer api details', NULL, '[]', '2016-07-27 15:14:45', '2016-07-27 15:14:45', '04aa0b2d-9434-4450-9b0d-684c3a758e56'),
 ('140', 'test', 'note', 'xiQufik0ED1skdo7wlGy1CY74OMbspXh7iMJ', 'Returned to user with error', NULL, '{\"extra\":{\"errors\":[\"There was a problem with payment\"]}}', '2016-07-27 15:14:48', '2016-07-27 15:14:48', '26e164b6-5e49-4682-b7f4-7976d5d36537'),
 ('141', 'test', 'request', 'kGn5lJqWVAA9EArK82iLBrMUFPBlvz8gEPaZ', 'Charge request started ', NULL, '[]', '2016-07-27 15:15:10', '2016-07-27 15:15:10', 'a163fe7b-de69-4529-9874-bcd844bf5f8c'),
 ('142', 'test', 'api', 'kGn5lJqWVAA9EArK82iLBrMUFPBlvz8gEPaZ', 'Found existing customer', NULL, '{\"customer\":{\"id\":\"1\",\"stripeId\":\"cus_8tP9YHp9S0V5Xp\",\"mode\":\"test\",\"userId\":\"1\",\"email\":\"briansbier@gmail.com\",\"name\":\"Brian Bier\",\"stripe\":null,\"dateCreated\":\"2016-07-26 20:39:49\",\"__model__\":\"Craft\\\\Charge_CustomerModel\"}}', '2016-07-27 15:15:10', '2016-07-27 15:15:10', '335db304-4095-44fd-a4b4-f1779612ea30'),
 ('143', 'test', 'success', 'kGn5lJqWVAA9EArK82iLBrMUFPBlvz8gEPaZ', 'Charge Successfully Completed', NULL, '{\"charge\":{\"id\":\"176\",\"enabled\":1,\"archived\":0,\"locale\":\"en_us\",\"localeEnabled\":1,\"slug\":\"d0c3400ebe89a7109035d2d884975bb5\",\"uri\":\"charge\\/success\\/d0c3400ebe89a7109035d2d884975bb5\",\"dateCreated\":\"2016-07-27 15:15:12\",\"dateUpdated\":\"2016-07-27 15:15:12\",\"root\":null,\"lft\":null,\"rgt\":null,\"level\":null,\"searchScore\":null,\"customerId\":\"1\",\"userId\":\"1\",\"type\":\"one-off\",\"mode\":\"test\",\"customerName\":null,\"customerEmail\":\"briansbier@gmail.com\",\"description\":null,\"hash\":\"d0c3400ebe89a7109035d2d884975bb5\",\"notes\":null,\"meta\":{\"firstName\":\"Brian\",\"lastName\":\"Bier\",\"phone\":\"\"},\"sourceUrl\":\"donations\",\"timestamp\":\"2016-07-27 15:15:12\",\"cardId\":null,\"cardToken\":\"tok_18btkXKk3seM3VXe69anaFUR\",\"cardName\":null,\"cardAddressLine1\":\"310 west 143st\",\"cardAddressLine2\":null,\"cardAddressCity\":\"New York\",\"cardAddressState\":\"NY\",\"cardAddressZip\":null,\"cardAddressCountry\":\"US\",\"cardLast4\":\"4242\",\"cardType\":\"Visa\",\"cardExpMonth\":\"7\",\"cardExpYear\":\"2016\",\"planAmount\":\"1111\",\"planAmountInCents\":111100,\"planCurrency\":\"USD\",\"planInterval\":\"\",\"planIntervalCount\":\"0\",\"planName\":null,\"planDiscount\":null,\"planFullAmount\":null,\"planChoice\":null,\"planOpts\":null,\"hasDiscount\":0,\"coupon\":null,\"planCoupon\":null,\"couponStripeId\":null,\"stripeAccountBalance\":null,\"actions\":null,\"content\":null,\"request\":{\"planAmount\":\"1111\",\"planCurrency\":\"USD\",\"planAmountInCents\":111100,\"planName\":null,\"planDiscount\":null,\"planFullAmount\":null,\"planChoice\":null,\"planOpts\":null,\"planInterval\":\"\",\"planIntervalCount\":\"0\",\"cardName\":null,\"cardAddressLine1\":\"310 west 143st\",\"cardAddressLine2\":null,\"cardAddressCity\":\"New York\",\"cardAddressState\":\"NY\",\"cardAddressZip\":null,\"cardAddressCountry\":\"US\",\"cardLast4\":\"4242\",\"cardType\":\"Visa\",\"cardExpMonth\":\"7\",\"cardExpYear\":\"2016\",\"coupon\":null,\"couponStripeId\":null,\"stripeAccountBalance\":null},\"createAccount\":null,\"user\":null,\"__model__\":\"Craft\\\\ChargeModel\"}}', '2016-07-27 15:15:12', '2016-07-27 15:15:12', '29bca47e-d1d7-48a7-bdf2-598a549c25f6'),
 ('144', 'test', 'request', '9XjT5YCkZD1mwwasuZMrgCN9XVSD4aqSPbeT', 'Charge request started ', NULL, '[]', '2016-07-27 15:16:06', '2016-07-27 15:16:06', '31677af3-f2d5-4920-91fc-e6a49761e7df'),
 ('145', 'test', 'api', '9XjT5YCkZD1mwwasuZMrgCN9XVSD4aqSPbeT', 'Found existing customer', NULL, '{\"customer\":{\"id\":\"1\",\"stripeId\":\"cus_8tP9YHp9S0V5Xp\",\"mode\":\"test\",\"userId\":\"1\",\"email\":\"briansbier@gmail.com\",\"name\":\"Brian Bier\",\"stripe\":null,\"dateCreated\":\"2016-07-26 20:39:49\",\"__model__\":\"Craft\\\\Charge_CustomerModel\"}}', '2016-07-27 15:16:06', '2016-07-27 15:16:06', '9a4002c0-106e-45e2-8df6-b6cde2722714'),
 ('146', 'test', 'success', '9XjT5YCkZD1mwwasuZMrgCN9XVSD4aqSPbeT', 'Charge Successfully Completed', NULL, '{\"charge\":{\"id\":\"178\",\"enabled\":1,\"archived\":0,\"locale\":\"en_us\",\"localeEnabled\":1,\"slug\":\"e6c43b7be71d0e8d4fbed71cb7aa444e\",\"uri\":\"charge\\/success\\/e6c43b7be71d0e8d4fbed71cb7aa444e\",\"dateCreated\":\"2016-07-27 15:16:09\",\"dateUpdated\":\"2016-07-27 15:16:09\",\"root\":null,\"lft\":null,\"rgt\":null,\"level\":null,\"searchScore\":null,\"customerId\":\"1\",\"userId\":\"1\",\"type\":\"one-off\",\"mode\":\"test\",\"customerName\":null,\"customerEmail\":\"briansbier@gmail.com\",\"description\":null,\"hash\":\"e6c43b7be71d0e8d4fbed71cb7aa444e\",\"notes\":null,\"meta\":{\"firstName\":\"Brian\",\"lastName\":\"Bier\",\"phone\":\"646-548-4363\"},\"sourceUrl\":\"donations\",\"timestamp\":\"2016-07-27 15:16:09\",\"cardId\":null,\"cardToken\":\"tok_18btlSKk3seM3VXecFNA7bVa\",\"cardName\":null,\"cardAddressLine1\":\"310 west 143st\",\"cardAddressLine2\":null,\"cardAddressCity\":\"New York\",\"cardAddressState\":\"NY\",\"cardAddressZip\":null,\"cardAddressCountry\":\"US\",\"cardLast4\":\"4242\",\"cardType\":\"Visa\",\"cardExpMonth\":\"7\",\"cardExpYear\":\"2016\",\"planAmount\":\"200\",\"planAmountInCents\":20000,\"planCurrency\":\"USD\",\"planInterval\":\"\",\"planIntervalCount\":\"0\",\"planName\":null,\"planDiscount\":null,\"planFullAmount\":null,\"planChoice\":null,\"planOpts\":null,\"hasDiscount\":0,\"coupon\":null,\"planCoupon\":null,\"couponStripeId\":null,\"stripeAccountBalance\":null,\"actions\":null,\"content\":null,\"request\":{\"planAmount\":\"200\",\"planCurrency\":\"USD\",\"planAmountInCents\":20000,\"planName\":null,\"planDiscount\":null,\"planFullAmount\":null,\"planChoice\":null,\"planOpts\":null,\"planInterval\":\"\",\"planIntervalCount\":\"0\",\"cardName\":null,\"cardAddressLine1\":\"310 west 143st\",\"cardAddressLine2\":null,\"cardAddressCity\":\"New York\",\"cardAddressState\":\"NY\",\"cardAddressZip\":null,\"cardAddressCountry\":\"US\",\"cardLast4\":\"4242\",\"cardType\":\"Visa\",\"cardExpMonth\":\"7\",\"cardExpYear\":\"2016\",\"coupon\":null,\"couponStripeId\":null,\"stripeAccountBalance\":null},\"createAccount\":null,\"user\":null,\"__model__\":\"Craft\\\\ChargeModel\"}}', '2016-07-27 15:16:09', '2016-07-27 15:16:09', 'fd96d767-c054-408c-8c4b-9b42c1cb4367'),
 ('147', 'test', 'request', '94LJCxkSAIgKxloV5xjiRYjnmsztg1I2zw2A', 'Charge request started ', NULL, '[]', '2016-07-27 15:19:20', '2016-07-27 15:19:20', '8b6cacfa-225a-4cfe-9832-045801f083db'),
 ('148', 'test', 'api', '94LJCxkSAIgKxloV5xjiRYjnmsztg1I2zw2A', 'Found existing customer', NULL, '{\"customer\":{\"id\":\"1\",\"stripeId\":\"cus_8tP9YHp9S0V5Xp\",\"mode\":\"test\",\"userId\":\"1\",\"email\":\"briansbier@gmail.com\",\"name\":\"Brian Bier\",\"stripe\":null,\"dateCreated\":\"2016-07-26 20:39:49\",\"__model__\":\"Craft\\\\Charge_CustomerModel\"}}', '2016-07-27 15:19:20', '2016-07-27 15:19:20', '192266de-a6b0-4c8e-beb8-b989a3f3da19'),
 ('149', 'test', 'info', '94LJCxkSAIgKxloV5xjiRYjnmsztg1I2zw2A', 'Plan not found on Stripe, creating', NULL, 'Plan named \"122.00 USD Every 12 Years\" does\'t exist on Stripe. Will need to create', '2016-07-27 15:19:23', '2016-07-27 15:19:23', '32740509-a08e-4cbb-802a-45d641579fae'),
 ('150', 'test', 'exception', '94LJCxkSAIgKxloV5xjiRYjnmsztg1I2zw2A', 'Failed creating new plan', NULL, '{\"apiError\":\"Interval_count for yearly plans can\'t be greater than 1\",\"plan\":{\"id\":null,\"stripeId\":null,\"amount\":\"122\",\"amountInCents\":12200,\"currency\":\"USD\",\"interval\":\"year\",\"intervalCount\":\"12\",\"name\":\"122.00 USD Every 12 Years\",\"__model__\":\"Craft\\\\Charge_PlanModel\"}}', '2016-07-27 15:19:24', '2016-07-27 15:19:24', 'd065d75b-915e-4187-b76f-110bdce3fe99'),
 ('151', 'test', 'error', '94LJCxkSAIgKxloV5xjiRYjnmsztg1I2zw2A', 'Failed to find a plan for recurring payment', NULL, '{\"model\":{\"id\":null,\"enabled\":1,\"archived\":0,\"locale\":\"en_us\",\"localeEnabled\":1,\"slug\":null,\"uri\":null,\"dateCreated\":null,\"dateUpdated\":null,\"root\":null,\"lft\":null,\"rgt\":null,\"level\":null,\"searchScore\":null,\"customerId\":\"1\",\"userId\":null,\"type\":null,\"mode\":null,\"customerName\":null,\"customerEmail\":\"briansbier@gmail.com\",\"description\":null,\"hash\":null,\"notes\":null,\"meta\":{\"firstName\":\"Brian\",\"lastName\":\"Bier\",\"phone\":\"123123123\"},\"sourceUrl\":null,\"timestamp\":null,\"cardId\":null,\"cardToken\":\"tok_18btoaKk3seM3VXepqAuWQ9P\",\"cardName\":null,\"cardAddressLine1\":\"310 west 143st\",\"cardAddressLine2\":null,\"cardAddressCity\":\"New York\",\"cardAddressState\":\"NY\",\"cardAddressZip\":null,\"cardAddressCountry\":\"US\",\"cardLast4\":\"4242\",\"cardType\":\"Visa\",\"cardExpMonth\":\"7\",\"cardExpYear\":\"2016\",\"planAmount\":\"122\",\"planAmountInCents\":12200,\"planCurrency\":\"USD\",\"planInterval\":\"year\",\"planIntervalCount\":\"12\",\"planName\":null,\"planDiscount\":null,\"planFullAmount\":null,\"planChoice\":null,\"planOpts\":null,\"hasDiscount\":0,\"coupon\":null,\"planCoupon\":null,\"couponStripeId\":null,\"stripeAccountBalance\":null,\"actions\":null,\"content\":null,\"request\":null,\"createAccount\":null,\"user\":null,\"__model__\":\"Craft\\\\ChargeModel\"}}', '2016-07-27 15:19:24', '2016-07-27 15:19:24', 'd546e0c6-ca33-4417-960d-ba22d5884bf0'),
 ('152', 'test', 'note', '94LJCxkSAIgKxloV5xjiRYjnmsztg1I2zw2A', 'Returned to user with error', NULL, '{\"extra\":{\"errors\":[\"Interval_count for yearly plans can\'t be greater than 1\"]}}', '2016-07-27 15:19:24', '2016-07-27 15:19:24', '0e3d6dcd-94b3-4179-87e0-9d594e646f77'),
 ('153', 'test', 'request', '347X6gkoUGBv3z5vgIdK7ausmyadjXEmyJLa', 'Charge request started ', NULL, '[]', '2016-07-27 15:19:40', '2016-07-27 15:19:40', '0de2a57c-377b-48e6-a9bb-2e26edf8c5df'),
 ('154', 'test', 'note', '347X6gkoUGBv3z5vgIdK7ausmyadjXEmyJLa', 'Returned to user with error', NULL, '{\"extra\":{\"errors\":[\"planAmount : Amount cannot be blank.\",\"There was a problem with your details, please check the form and try again\"]}}', '2016-07-27 15:19:40', '2016-07-27 15:19:40', '7a19a539-f662-469e-a127-dddf517eb393'),
 ('155', 'test', 'request', 'hYCuzypcBSFeeRaG7CJeu9jtZDnqe6mrmbwo', 'Charge request started ', NULL, '[]', '2016-07-27 15:19:50', '2016-07-27 15:19:50', '2de23011-8968-4cb8-9070-f9208d955da9'),
 ('156', 'test', 'note', 'hYCuzypcBSFeeRaG7CJeu9jtZDnqe6mrmbwo', 'Returned to user with error', NULL, '{\"extra\":{\"errors\":[\"planAmount : Amount cannot be blank.\",\"There was a problem with your details, please check the form and try again\"]}}', '2016-07-27 15:19:50', '2016-07-27 15:19:50', '32d5129d-024d-4ae9-82a3-8f79ca25b457'),
 ('157', 'test', 'request', 'xlc9eIFG7H2kHMCMmzz3Myyf687UUkVUEmuJ', 'Charge request started ', NULL, '[]', '2016-07-27 15:19:55', '2016-07-27 15:19:55', 'daa814f1-dd65-4907-aa04-8c4e77a1c06d'),
 ('158', 'test', 'note', 'xlc9eIFG7H2kHMCMmzz3Myyf687UUkVUEmuJ', 'Returned to user with error', NULL, '{\"extra\":{\"errors\":[\"planAmount : Amount cannot be blank.\",\"There was a problem with your details, please check the form and try again\"]}}', '2016-07-27 15:19:55', '2016-07-27 15:19:55', '81e98abb-dc79-455c-b1a8-6e8597590161'),
 ('159', 'test', 'request', 'imL85dKdbWGhDwQVSz9B7OuQnisWO7K4uM54', 'Charge request started ', NULL, '[]', '2016-07-27 15:20:02', '2016-07-27 15:20:02', '9ca65b5d-d8eb-4144-be3c-1d62b2dbb50c'),
 ('160', 'test', 'note', 'imL85dKdbWGhDwQVSz9B7OuQnisWO7K4uM54', 'Returned to user with error', NULL, '{\"extra\":{\"errors\":[\"planAmount : Amount cannot be blank.\",\"There was a problem with your details, please check the form and try again\"]}}', '2016-07-27 15:20:02', '2016-07-27 15:20:02', 'a8f73b7c-ad79-4412-a140-b383a6c72b2f'),
 ('161', 'test', 'request', 'akIC1msXVhP8BP6X0fio64tpI5z0GfLkuRUT', 'Charge request started ', NULL, '[]', '2016-07-27 15:20:04', '2016-07-27 15:20:04', '01752b70-b970-41a9-b696-ccbf7d970cc9'),
 ('162', 'test', 'note', 'akIC1msXVhP8BP6X0fio64tpI5z0GfLkuRUT', 'Returned to user with error', NULL, '{\"extra\":{\"errors\":[\"planAmount : Amount cannot be blank.\",\"There was a problem with your details, please check the form and try again\"]}}', '2016-07-27 15:20:04', '2016-07-27 15:20:04', '603a3d1f-ed7c-455a-b117-1777af8d81ce'),
 ('163', 'test', 'request', 'ZB1Zc5VLzG1fGHANFqIjMjiV9KS0kSvC3Ke6', 'Charge request started ', NULL, '[]', '2016-07-27 15:20:27', '2016-07-27 15:20:27', 'f83747eb-3c55-4a44-8dda-55c6136fa92c'),
 ('164', 'test', 'api', 'ZB1Zc5VLzG1fGHANFqIjMjiV9KS0kSvC3Ke6', 'Found existing customer', NULL, '{\"customer\":{\"id\":\"1\",\"stripeId\":\"cus_8tP9YHp9S0V5Xp\",\"mode\":\"test\",\"userId\":\"1\",\"email\":\"briansbier@gmail.com\",\"name\":\"Brian Bier\",\"stripe\":null,\"dateCreated\":\"2016-07-26 20:39:49\",\"__model__\":\"Craft\\\\Charge_CustomerModel\"}}', '2016-07-27 15:20:27', '2016-07-27 15:20:27', 'ffc5fca7-cb0f-406e-b9f7-6318514c2053'),
 ('165', 'test', 'info', 'ZB1Zc5VLzG1fGHANFqIjMjiV9KS0kSvC3Ke6', 'Plan not found on Stripe, creating', NULL, 'Plan named \"134.00 USD Every 12 Months\" does\'t exist on Stripe. Will need to create', '2016-07-27 15:20:30', '2016-07-27 15:20:30', 'ab082c2f-d122-4723-83e0-0b8c35ec1539'),
 ('166', 'test', 'api', 'ZB1Zc5VLzG1fGHANFqIjMjiV9KS0kSvC3Ke6', 'Created a new plan', NULL, '{\"plan\":{\"id\":\"134.00 USD Every 12 Months\",\"object\":\"plan\",\"amount\":13400,\"created\":1469632830,\"currency\":\"usd\",\"interval\":\"month\",\"interval_count\":12,\"livemode\":0,\"metadata\":[],\"name\":\"134.00 USD Every 12 Months\",\"statement_descriptor\":null,\"trial_period_days\":null}}', '2016-07-27 15:20:30', '2016-07-27 15:20:30', 'e4a431f6-ad93-48f4-b743-a55f4258502f'),
 ('167', 'test', 'success', 'ZB1Zc5VLzG1fGHANFqIjMjiV9KS0kSvC3Ke6', 'Charge Successfully Completed', NULL, '{\"charge\":{\"id\":\"180\",\"enabled\":1,\"archived\":0,\"locale\":\"en_us\",\"localeEnabled\":1,\"slug\":\"d1543b40d791b1079b64b9328fa28e6b\",\"uri\":\"charge\\/success\\/d1543b40d791b1079b64b9328fa28e6b\",\"dateCreated\":\"2016-07-27 15:20:32\",\"dateUpdated\":\"2016-07-27 15:20:32\",\"root\":null,\"lft\":null,\"rgt\":null,\"level\":null,\"searchScore\":null,\"customerId\":\"1\",\"userId\":\"1\",\"type\":\"recurring\",\"mode\":\"test\",\"customerName\":null,\"customerEmail\":\"briansbier@gmail.com\",\"description\":null,\"hash\":\"d1543b40d791b1079b64b9328fa28e6b\",\"notes\":null,\"meta\":{\"firstName\":\"Brian\",\"lastName\":\"Bier\",\"phone\":\"123456342\"},\"sourceUrl\":\"donations\",\"timestamp\":\"2016-07-27 15:20:32\",\"cardId\":null,\"cardToken\":\"tok_18btpfKk3seM3VXe89b90UMl\",\"cardName\":null,\"cardAddressLine1\":\"310 west 143st\",\"cardAddressLine2\":null,\"cardAddressCity\":\"New York\",\"cardAddressState\":\"NY\",\"cardAddressZip\":null,\"cardAddressCountry\":\"US\",\"cardLast4\":\"4242\",\"cardType\":\"Visa\",\"cardExpMonth\":\"7\",\"cardExpYear\":\"2016\",\"planAmount\":\"134\",\"planAmountInCents\":13400,\"planCurrency\":\"USD\",\"planInterval\":\"\",\"planIntervalCount\":\"12\",\"planName\":null,\"planDiscount\":null,\"planFullAmount\":null,\"planChoice\":null,\"planOpts\":null,\"hasDiscount\":0,\"coupon\":null,\"planCoupon\":null,\"couponStripeId\":null,\"stripeAccountBalance\":null,\"actions\":null,\"content\":null,\"request\":{\"planAmount\":\"134\",\"planCurrency\":\"USD\",\"planAmountInCents\":13400,\"planName\":null,\"planDiscount\":null,\"planFullAmount\":null,\"planChoice\":null,\"planOpts\":null,\"planInterval\":\"\",\"planIntervalCount\":\"12\",\"cardName\":null,\"cardAddressLine1\":\"310 west 143st\",\"cardAddressLine2\":null,\"cardAddressCity\":\"New York\",\"cardAddressState\":\"NY\",\"cardAddressZip\":null,\"cardAddressCountry\":\"US\",\"cardLast4\":\"4242\",\"cardType\":\"Visa\",\"cardExpMonth\":\"7\",\"cardExpYear\":\"2016\",\"coupon\":null,\"couponStripeId\":null,\"stripeAccountBalance\":null},\"createAccount\":null,\"user\":null,\"__model__\":\"Craft\\\\ChargeModel\"}}', '2016-07-27 15:20:32', '2016-07-27 15:20:32', 'e2353496-4750-42f7-988c-484b542b5a27'),
 ('168', 'test', 'request', 'SBccB7XuLGaPRSAJGeO6rrpG96jK6vcKyB61', 'Charge request started ', NULL, '[]', '2016-07-27 15:30:55', '2016-07-27 15:30:55', '9a03713e-dbd3-4735-8591-dad0a71a9f27'),
 ('169', 'test', 'note', 'SBccB7XuLGaPRSAJGeO6rrpG96jK6vcKyB61', 'Returned to user with error', NULL, '{\"extra\":{\"errors\":[\"customerEmail : Email cannot be blank.\",\"cardToken : Stripe Card Token cannot be blank.\",\"planAmount : Amount cannot be blank.\",\"There was a problem with your details, please check the form and try again\"]}}', '2016-07-27 15:30:55', '2016-07-27 15:30:55', 'a47f7592-ef9c-41ab-b1bd-cc44813b699b'),
 ('170', 'test', 'request', 'baOnlHxoryuwTHnVhQpCIdyutS1PCQOyJLYa', 'Charge request started ', NULL, '[]', '2016-07-27 15:31:11', '2016-07-27 15:31:11', '4dae8ff2-ee09-4bbc-a48a-90992bb7a838'),
 ('171', 'test', 'note', 'baOnlHxoryuwTHnVhQpCIdyutS1PCQOyJLYa', 'Returned to user with error', NULL, '{\"extra\":{\"errors\":[\"customerEmail : Email cannot be blank.\",\"cardToken : Stripe Card Token cannot be blank.\",\"planAmount : Amount cannot be blank.\",\"There was a problem with your details, please check the form and try again\"]}}', '2016-07-27 15:31:11', '2016-07-27 15:31:11', '41c0b791-fd9b-4e5a-bf8d-4fe4be9561ae'),
 ('172', 'unset', 'info', '9weqWZYAIUa5BZ7CX3jWxw9Zp0P6hGoOm9Pt', 'Validating connection details.', NULL, '[]', '2016-07-27 15:46:09', '2016-07-27 15:46:09', 'c4e6cacf-c5fe-472a-9c6a-d7f2f9d841ee'),
 ('173', 'test', 'request', 'fxtuCuKsZ0SQbRxXyianPCdV7gE5VeqNU4zF', 'Charge request started ', NULL, '[]', '2016-07-27 17:07:02', '2016-07-27 17:07:02', 'b061850d-7b8d-4f65-b8ef-0c3974886192'),
 ('174', 'test', 'note', 'fxtuCuKsZ0SQbRxXyianPCdV7gE5VeqNU4zF', 'Returned to user with error', NULL, '{\"extra\":{\"errors\":[\"customerEmail : Email cannot be blank.\",\"planAmount : Amount cannot be blank.\",\"There was a problem with your details, please check the form and try again\"]}}', '2016-07-27 17:07:02', '2016-07-27 17:07:02', '035493ee-0572-4a5f-aca7-f3f4bc237720'),
 ('175', 'test', 'request', 'wnx3NFwU4VaSgIfg3A1vt2RxYAVDdDGojFIn', 'Charge request started ', NULL, '[]', '2016-07-27 17:07:53', '2016-07-27 17:07:53', '48b295f9-5f89-48da-8697-da0e32cdbdc7'),
 ('176', 'test', 'note', 'wnx3NFwU4VaSgIfg3A1vt2RxYAVDdDGojFIn', 'Returned to user with error', NULL, '{\"extra\":{\"errors\":[\"customerEmail : Email cannot be blank.\",\"planAmount : Amount cannot be blank.\",\"There was a problem with your details, please check the form and try again\"]}}', '2016-07-27 17:07:53', '2016-07-27 17:07:53', '893a53b2-0d53-4771-a332-ea70f6850a5d'),
 ('177', 'test', 'request', '8oXj9CAN612VPp04ENH42AraI0nRP1KaSKkY', 'Charge request started ', NULL, '[]', '2016-07-27 17:08:30', '2016-07-27 17:08:30', '262ae884-99d8-4c74-9078-8ff0d44e04c6'),
 ('178', 'test', 'note', '8oXj9CAN612VPp04ENH42AraI0nRP1KaSKkY', 'Returned to user with error', NULL, '{\"extra\":{\"errors\":[\"customerEmail : Email cannot be blank.\",\"planAmount : Amount cannot be blank.\",\"There was a problem with your details, please check the form and try again\"]}}', '2016-07-27 17:08:30', '2016-07-27 17:08:30', 'b41e986b-236e-44f9-8c4c-4e808d0bfe9b'),
 ('179', 'test', 'request', 'r70L7KFWrZNpee6ETdjVqucr001w0Ejf2JJc', 'Charge request started ', NULL, '[]', '2016-07-27 17:08:50', '2016-07-27 17:08:50', '935c8a1f-6a08-46af-92c1-0386371d9b27'),
 ('180', 'test', 'note', 'r70L7KFWrZNpee6ETdjVqucr001w0Ejf2JJc', 'Returned to user with error', NULL, '{\"extra\":{\"errors\":[\"planAmount : Amount cannot be blank.\",\"There was a problem with your details, please check the form and try again\"]}}', '2016-07-27 17:08:50', '2016-07-27 17:08:50', '59a983e7-7b20-43d0-8b36-5822ff6ae062'),
 ('181', 'test', 'request', 'HqLb9stZhCZTAWujFvkJKinEvi01YH4dyWK9', 'Charge request started ', NULL, '[]', '2016-07-27 17:09:11', '2016-07-27 17:09:11', '26ba852d-caec-4fb6-9a66-d9144989f470'),
 ('182', 'test', 'note', 'HqLb9stZhCZTAWujFvkJKinEvi01YH4dyWK9', 'Returned to user with error', NULL, '{\"extra\":{\"errors\":[\"planAmount : Amount cannot be blank.\",\"There was a problem with your details, please check the form and try again\"]}}', '2016-07-27 17:09:11', '2016-07-27 17:09:11', '1cb70647-11e9-4fc2-bc20-1c4b960da8a2'),
 ('183', 'test', 'request', '0lGpmvzYvKzO8RALCHle5fyAFw3IbCzU53nK', 'Charge request started ', NULL, '[]', '2016-07-27 17:09:28', '2016-07-27 17:09:28', '1bb4803b-781f-4f01-9817-ead11f8bf91d'),
 ('184', 'test', 'note', '0lGpmvzYvKzO8RALCHle5fyAFw3IbCzU53nK', 'Returned to user with error', NULL, '{\"extra\":{\"errors\":[\"planAmount : Amount cannot be blank.\",\"There was a problem with your details, please check the form and try again\"]}}', '2016-07-27 17:09:28', '2016-07-27 17:09:28', 'f72891bf-63dc-4e2e-9293-517816a21f7a'),
 ('185', 'test', 'request', 'sw6aEpx16ow0axTDF0NJUdSnVUfat70CdCtg', 'Charge request started ', NULL, '[]', '2016-07-27 17:09:47', '2016-07-27 17:09:47', 'c498d6d9-c85a-47c5-b231-a0234753d619'),
 ('186', 'test', 'api', 'sw6aEpx16ow0axTDF0NJUdSnVUfat70CdCtg', 'Found existing customer', NULL, '{\"customer\":{\"id\":\"1\",\"stripeId\":\"cus_8tP9YHp9S0V5Xp\",\"mode\":\"test\",\"userId\":\"1\",\"email\":\"briansbier@gmail.com\",\"name\":\"Brian Bier\",\"stripe\":null,\"dateCreated\":\"2016-07-26 20:39:49\",\"__model__\":\"Craft\\\\Charge_CustomerModel\"}}', '2016-07-27 17:09:47', '2016-07-27 17:09:47', '22bf1f23-6b9c-4838-8238-1a5c93593e62'),
 ('187', 'test', 'success', 'sw6aEpx16ow0axTDF0NJUdSnVUfat70CdCtg', 'Charge Successfully Completed', NULL, '{\"charge\":{\"id\":\"182\",\"enabled\":1,\"archived\":0,\"locale\":\"en_us\",\"localeEnabled\":1,\"slug\":\"337e87effd172b7684f25192e6e814e4\",\"uri\":\"charge\\/success\\/337e87effd172b7684f25192e6e814e4\",\"dateCreated\":\"2016-07-27 17:09:50\",\"dateUpdated\":\"2016-07-27 17:09:50\",\"root\":null,\"lft\":null,\"rgt\":null,\"level\":null,\"searchScore\":null,\"customerId\":\"1\",\"userId\":\"1\",\"type\":\"one-off\",\"mode\":\"test\",\"customerName\":null,\"customerEmail\":\"briansbier@gmail.com\",\"description\":null,\"hash\":\"337e87effd172b7684f25192e6e814e4\",\"notes\":null,\"meta\":{\"firstName\":\"Brian\",\"lastName\":\"Bier\",\"phone\":\"646-548-3333\"},\"sourceUrl\":\"donations\",\"timestamp\":\"2016-07-27 17:09:50\",\"cardId\":null,\"cardToken\":\"tok_18bvXTKk3seM3VXeklt5iSFj\",\"cardName\":null,\"cardAddressLine1\":\"310 west 143st\",\"cardAddressLine2\":null,\"cardAddressCity\":\"4242 4242 4242 4242\",\"cardAddressState\":\"NY\",\"cardAddressZip\":\"10030\",\"cardAddressCountry\":\"US\",\"cardLast4\":\"4242\",\"cardType\":\"Visa\",\"cardExpMonth\":\"7\",\"cardExpYear\":\"2016\",\"planAmount\":\"60\",\"planAmountInCents\":6000,\"planCurrency\":\"USD\",\"planInterval\":\"\",\"planIntervalCount\":null,\"planName\":null,\"planDiscount\":null,\"planFullAmount\":null,\"planChoice\":null,\"planOpts\":null,\"hasDiscount\":0,\"coupon\":null,\"planCoupon\":null,\"couponStripeId\":null,\"stripeAccountBalance\":null,\"actions\":null,\"content\":null,\"request\":{\"planAmount\":\"60\",\"planCurrency\":\"USD\",\"planAmountInCents\":6000,\"planName\":null,\"planDiscount\":null,\"planFullAmount\":null,\"planChoice\":null,\"planOpts\":null,\"planInterval\":\"\",\"planIntervalCount\":null,\"cardName\":null,\"cardAddressLine1\":\"310 west 143st\",\"cardAddressLine2\":null,\"cardAddressCity\":\"4242 4242 4242 4242\",\"cardAddressState\":\"NY\",\"cardAddressZip\":\"10030\",\"cardAddressCountry\":\"US\",\"cardLast4\":\"4242\",\"cardType\":\"Visa\",\"cardExpMonth\":\"7\",\"cardExpYear\":\"2016\",\"coupon\":null,\"couponStripeId\":null,\"stripeAccountBalance\":null},\"createAccount\":null,\"user\":null,\"__model__\":\"Craft\\\\ChargeModel\"}}', '2016-07-27 17:09:50', '2016-07-27 17:09:50', '4a397c89-c3c2-420c-8403-15922ad15e47'),
 ('188', 'test', 'request', 'v5EeeNbxFEWVODau5B1AjmqAWkKwTV3UchcT', 'Charge request started ', NULL, '[]', '2016-07-27 17:22:44', '2016-07-27 17:22:44', '21f65055-dfdd-442e-9067-9fce6c5f1a80'),
 ('189', 'test', 'note', 'v5EeeNbxFEWVODau5B1AjmqAWkKwTV3UchcT', 'Returned to user with error', NULL, '{\"extra\":{\"errors\":[\"customerEmail : Email cannot be blank.\",\"There was a problem with your details, please check the form and try again\"]}}', '2016-07-27 17:22:44', '2016-07-27 17:22:44', 'ef6c9fbb-2c65-4296-930e-f3dfb5d711c6'),
 ('190', 'test', 'request', '5YsCKvZRKo4JaLLEmqypjVg7HTNKakak4KdW', 'Charge request started ', NULL, '[]', '2016-07-27 17:22:57', '2016-07-27 17:22:57', 'c0fc8fd3-84f3-485d-a937-b1560aff16fb'),
 ('191', 'test', 'api', '5YsCKvZRKo4JaLLEmqypjVg7HTNKakak4KdW', 'Found existing customer', NULL, '{\"customer\":{\"id\":\"1\",\"stripeId\":\"cus_8tP9YHp9S0V5Xp\",\"mode\":\"test\",\"userId\":\"1\",\"email\":\"briansbier@gmail.com\",\"name\":\"Brian Bier\",\"stripe\":null,\"dateCreated\":\"2016-07-26 20:39:49\",\"__model__\":\"Craft\\\\Charge_CustomerModel\"}}', '2016-07-27 17:22:57', '2016-07-27 17:22:57', 'a2dd52ca-a406-4043-a7ae-aecffb16b73e'),
 ('192', 'test', 'success', '5YsCKvZRKo4JaLLEmqypjVg7HTNKakak4KdW', 'Charge Successfully Completed', NULL, '{\"charge\":{\"id\":\"184\",\"enabled\":1,\"archived\":0,\"locale\":\"en_us\",\"localeEnabled\":1,\"slug\":\"ed06661160a39590d2a5493be7c42e96\",\"uri\":\"charge\\/success\\/ed06661160a39590d2a5493be7c42e96\",\"dateCreated\":\"2016-07-27 17:23:01\",\"dateUpdated\":\"2016-07-27 17:23:01\",\"root\":null,\"lft\":null,\"rgt\":null,\"level\":null,\"searchScore\":null,\"customerId\":\"1\",\"userId\":\"1\",\"type\":\"one-off\",\"mode\":\"test\",\"customerName\":null,\"customerEmail\":\"briansbier@gmail.com\",\"description\":null,\"hash\":\"ed06661160a39590d2a5493be7c42e96\",\"notes\":null,\"meta\":{\"firstName\":\"Brian\",\"lastName\":\"Bier\",\"phone\":\"88888888\"},\"sourceUrl\":\"donations\",\"timestamp\":\"2016-07-27 17:23:01\",\"cardId\":null,\"cardToken\":\"tok_18bvk0Kk3seM3VXeunUlKkWg\",\"cardName\":null,\"cardAddressLine1\":\"310 west 143st\",\"cardAddressLine2\":null,\"cardAddressCity\":\"New York\",\"cardAddressState\":\"NY\",\"cardAddressZip\":\"10030\",\"cardAddressCountry\":\"US\",\"cardLast4\":\"4242\",\"cardType\":\"Visa\",\"cardExpMonth\":null,\"cardExpYear\":null,\"planAmount\":\"60\",\"planAmountInCents\":6000,\"planCurrency\":\"USD\",\"planInterval\":\"\",\"planIntervalCount\":null,\"planName\":null,\"planDiscount\":null,\"planFullAmount\":null,\"planChoice\":null,\"planOpts\":null,\"hasDiscount\":0,\"coupon\":null,\"planCoupon\":null,\"couponStripeId\":null,\"stripeAccountBalance\":null,\"actions\":null,\"content\":null,\"request\":{\"planAmount\":\"60\",\"planCurrency\":\"USD\",\"planAmountInCents\":6000,\"planName\":null,\"planDiscount\":null,\"planFullAmount\":null,\"planChoice\":null,\"planOpts\":null,\"planInterval\":\"\",\"planIntervalCount\":null,\"cardName\":null,\"cardAddressLine1\":\"310 west 143st\",\"cardAddressLine2\":null,\"cardAddressCity\":\"New York\",\"cardAddressState\":\"NY\",\"cardAddressZip\":\"10030\",\"cardAddressCountry\":\"US\",\"cardLast4\":\"4242\",\"cardType\":\"Visa\",\"cardExpMonth\":null,\"cardExpYear\":null,\"coupon\":null,\"couponStripeId\":null,\"stripeAccountBalance\":null},\"createAccount\":null,\"user\":null,\"__model__\":\"Craft\\\\ChargeModel\"}}', '2016-07-27 17:23:01', '2016-07-27 17:23:01', 'af4ead9d-5d1b-406d-b7ef-939cecf6a01e'),
 ('193', 'test', 'request', 'rwioAMzsmBzcK7Sud6ik90jqVDXdI17yQJ9G', 'Charge request started ', NULL, '[]', '2016-07-27 18:54:30', '2016-07-27 18:54:30', 'b94d8f57-b657-44c1-b9bb-b05508def828'),
 ('194', 'test', 'api', 'rwioAMzsmBzcK7Sud6ik90jqVDXdI17yQJ9G', 'Found existing customer', NULL, '{\"customer\":{\"id\":\"1\",\"stripeId\":\"cus_8tP9YHp9S0V5Xp\",\"mode\":\"test\",\"userId\":\"1\",\"email\":\"briansbier@gmail.com\",\"name\":\"Brian Bier\",\"stripe\":null,\"dateCreated\":\"2016-07-26 20:39:49\",\"__model__\":\"Craft\\\\Charge_CustomerModel\"}}', '2016-07-27 18:54:30', '2016-07-27 18:54:30', 'bb98efaa-7f03-4a0e-bc6a-647d5f112f61'),
 ('195', 'test', 'success', 'rwioAMzsmBzcK7Sud6ik90jqVDXdI17yQJ9G', 'Charge Successfully Completed', NULL, '{\"charge\":{\"id\":\"186\",\"enabled\":1,\"archived\":0,\"locale\":\"en_us\",\"localeEnabled\":1,\"slug\":\"d860feab6496a644b149ea82b8680733\",\"uri\":\"charge\\/success\\/d860feab6496a644b149ea82b8680733\",\"dateCreated\":\"2016-07-27 18:54:34\",\"dateUpdated\":\"2016-07-27 18:54:34\",\"root\":null,\"lft\":null,\"rgt\":null,\"level\":null,\"searchScore\":null,\"customerId\":\"1\",\"userId\":\"1\",\"type\":\"one-off\",\"mode\":\"test\",\"customerName\":null,\"customerEmail\":\"dk@fk.vom\",\"description\":null,\"hash\":\"d860feab6496a644b149ea82b8680733\",\"notes\":null,\"meta\":{\"firstName\":\"Dave\",\"lastName\":\"F\",\"phone\":\"\"},\"sourceUrl\":\"donations\",\"timestamp\":\"2016-07-27 18:54:34\",\"cardId\":null,\"cardToken\":\"tok_18bxAoKk3seM3VXeeuYCqPT9\",\"cardName\":null,\"cardAddressLine1\":\"45 fdf\",\"cardAddressLine2\":null,\"cardAddressCity\":\"4242 4242 4242 4242\",\"cardAddressState\":\"AL\",\"cardAddressZip\":\"34343\",\"cardAddressCountry\":\"US\",\"cardLast4\":\"4242\",\"cardType\":\"Visa\",\"cardExpMonth\":\"7\",\"cardExpYear\":\"2016\",\"planAmount\":\"66\",\"planAmountInCents\":6600,\"planCurrency\":\"USD\",\"planInterval\":\"\",\"planIntervalCount\":null,\"planName\":null,\"planDiscount\":null,\"planFullAmount\":null,\"planChoice\":null,\"planOpts\":null,\"hasDiscount\":0,\"coupon\":null,\"planCoupon\":null,\"couponStripeId\":null,\"stripeAccountBalance\":null,\"actions\":null,\"content\":null,\"request\":{\"planAmount\":\"66\",\"planCurrency\":\"USD\",\"planAmountInCents\":6600,\"planName\":null,\"planDiscount\":null,\"planFullAmount\":null,\"planChoice\":null,\"planOpts\":null,\"planInterval\":\"\",\"planIntervalCount\":null,\"cardName\":null,\"cardAddressLine1\":\"45 fdf\",\"cardAddressLine2\":null,\"cardAddressCity\":\"4242 4242 4242 4242\",\"cardAddressState\":\"AL\",\"cardAddressZip\":\"34343\",\"cardAddressCountry\":\"US\",\"cardLast4\":\"4242\",\"cardType\":\"Visa\",\"cardExpMonth\":\"7\",\"cardExpYear\":\"2016\",\"coupon\":null,\"couponStripeId\":null,\"stripeAccountBalance\":null},\"createAccount\":null,\"user\":null,\"__model__\":\"Craft\\\\ChargeModel\"}}', '2016-07-27 18:54:34', '2016-07-27 18:54:34', '23880453-2d82-43db-bddf-abb01b2a234f'),
 ('196', 'test', 'request', '1oGKHUMxtN2wxRhfYKtd5lmBVUz4NLNcgCfu', 'Charge request started ', NULL, '[]', '2016-07-27 18:55:15', '2016-07-27 18:55:15', '66aec776-b906-4712-ab15-f3e0b0142517'),
 ('197', 'test', 'note', '1oGKHUMxtN2wxRhfYKtd5lmBVUz4NLNcgCfu', 'Returned to user with error', NULL, '{\"extra\":{\"errors\":[\"planAmount : Amount cannot be blank.\",\"There was a problem with your details, please check the form and try again\"]}}', '2016-07-27 18:55:15', '2016-07-27 18:55:15', '2231924f-3bc6-4c50-8204-0c582bfbfc3e'),
 ('198', 'test', 'request', 'rg79ZvrKDtZTgM3DMPBpb7TrN1tqWRpmwyNj', 'Charge request started ', NULL, '[]', '2016-07-27 18:58:07', '2016-07-27 18:58:07', 'c1f62da2-5ed8-405f-84c3-96e89b41de56'),
 ('199', 'test', 'note', 'rg79ZvrKDtZTgM3DMPBpb7TrN1tqWRpmwyNj', 'Returned to user with error', NULL, '{\"extra\":{\"errors\":[\"planAmount : Amount cannot be blank.\",\"There was a problem with your details, please check the form and try again\"]}}', '2016-07-27 18:58:07', '2016-07-27 18:58:07', 'a828b118-1a77-42bb-934e-25853f45e7c1'),
 ('200', 'test', 'request', 'Xu9y59IfHvyy5FwkAt1TIEVl2BBn4CcGFftV', 'Charge request started ', NULL, '[]', '2016-07-27 18:58:27', '2016-07-27 18:58:27', '3bdbc9f2-29a9-482a-baa7-9123e54723c4');
INSERT INTO `craft_charge_logs` (`id`, `mode`, `level`, `requestKey`, `type`, `source`, `extra`, `dateCreated`, `dateUpdated`, `uid`) VALUES
 ('201', 'test', 'note', 'Xu9y59IfHvyy5FwkAt1TIEVl2BBn4CcGFftV', 'Returned to user with error', NULL, '{\"extra\":{\"errors\":[\"planAmount : Amount cannot be blank.\",\"There was a problem with your details, please check the form and try again\"]}}', '2016-07-27 18:58:27', '2016-07-27 18:58:27', '8f131b13-4aed-41bb-bba3-ed879647d539'),
 ('202', 'test', 'request', 'q8OheK1vwMr5CzdnDtjPzoiGVD9dBzoyWaFi', 'Charge request started ', NULL, '[]', '2016-07-27 18:59:37', '2016-07-27 18:59:37', '39d3b765-eb93-44cf-97fb-694346aabbe1'),
 ('203', 'test', 'note', 'q8OheK1vwMr5CzdnDtjPzoiGVD9dBzoyWaFi', 'Returned to user with error', NULL, '{\"extra\":{\"errors\":[\"planAmount : Amount cannot be blank.\",\"There was a problem with your details, please check the form and try again\"]}}', '2016-07-27 18:59:37', '2016-07-27 18:59:37', '9398450e-8446-4976-ad55-97def3ed335c'),
 ('204', 'test', 'request', 'leFwfrhajJDZeNPaaoWCDxEQ9daW4tksnhuY', 'Charge request started ', NULL, '[]', '2016-07-27 18:59:50', '2016-07-27 18:59:50', '31c989a4-e0cf-4ce2-83a2-f3ccb3971f30'),
 ('205', 'test', 'note', 'leFwfrhajJDZeNPaaoWCDxEQ9daW4tksnhuY', 'Returned to user with error', NULL, '{\"extra\":{\"errors\":[\"planAmount : Amount cannot be blank.\",\"There was a problem with your details, please check the form and try again\"]}}', '2016-07-27 18:59:50', '2016-07-27 18:59:50', '22a60dcc-6e33-4fcc-8998-55c7cf8df714'),
 ('206', 'test', 'request', 'et7KOuSSh5dq2F09yYRWd5xgzolY7jcGbZAY', 'Charge request started ', NULL, '[]', '2016-07-27 19:00:51', '2016-07-27 19:00:51', '02fdcaa6-cf6f-4baa-999b-724906589c2d'),
 ('207', 'test', 'note', 'et7KOuSSh5dq2F09yYRWd5xgzolY7jcGbZAY', 'Returned to user with error', NULL, '{\"extra\":{\"errors\":[\"planAmount : Amount cannot be blank.\",\"There was a problem with your details, please check the form and try again\"]}}', '2016-07-27 19:00:51', '2016-07-27 19:00:51', '9418f2bd-c638-4e44-8e3d-34e72a598037'),
 ('208', 'test', 'request', 'G8QTGKLszDd3YXxy1nBoDKh9ZverI8aHhaq0', 'Charge request started ', NULL, '[]', '2016-07-27 19:01:03', '2016-07-27 19:01:03', 'b547c9f4-5af6-4f39-be80-c9b861a94849'),
 ('209', 'test', 'note', 'G8QTGKLszDd3YXxy1nBoDKh9ZverI8aHhaq0', 'Returned to user with error', NULL, '{\"extra\":{\"errors\":[\"planAmount : Amount cannot be blank.\",\"There was a problem with your details, please check the form and try again\"]}}', '2016-07-27 19:01:03', '2016-07-27 19:01:03', 'bf18cd8e-53f8-4564-84d7-c9f67d75ff61'),
 ('210', 'test', 'request', 'BncYkw0KA99FT6u5qvG4mtcxHtkbOcxNH63V', 'Charge request started ', NULL, '[]', '2016-07-27 19:01:16', '2016-07-27 19:01:16', 'e5b13f97-4f4d-4805-bd14-4974adeec18a'),
 ('211', 'test', 'note', 'BncYkw0KA99FT6u5qvG4mtcxHtkbOcxNH63V', 'Returned to user with error', NULL, '{\"extra\":{\"errors\":[\"planAmount : Amount cannot be blank.\",\"There was a problem with your details, please check the form and try again\"]}}', '2016-07-27 19:01:16', '2016-07-27 19:01:16', '889271e3-1947-46cf-b876-15da16eee028'),
 ('212', 'test', 'request', 'Evtja59NK53ISNdQV5BO2r38y2q3bVSxX2Ps', 'Charge request started ', NULL, '[]', '2016-07-27 20:08:06', '2016-07-27 20:08:06', 'e7a3ac49-57e0-4864-8d08-d16c2798bc7e'),
 ('213', 'test', 'note', 'Evtja59NK53ISNdQV5BO2r38y2q3bVSxX2Ps', 'Returned to user with error', NULL, '{\"extra\":{\"errors\":[\"The required payment options field is missing. Please contact the site admin for assistance.\"]}}', '2016-07-27 20:08:06', '2016-07-27 20:08:06', '5f8cbcec-9ac9-439c-aa9a-ce0a4d2f4b9e'),
 ('214', 'test', 'request', 'cQOJ0N0nmjWJFZRPJKKp9Tuu03578ePj5jzP', 'Charge request started ', NULL, '[]', '2016-07-27 20:08:30', '2016-07-27 20:08:30', '6c5fe853-cc4c-4745-ad1c-9cc3e5ed4637'),
 ('215', 'test', 'note', 'cQOJ0N0nmjWJFZRPJKKp9Tuu03578ePj5jzP', 'Returned to user with error', NULL, '{\"extra\":{\"errors\":[\"The required payment options field is missing. Please contact the site admin for assistance.\"]}}', '2016-07-27 20:08:30', '2016-07-27 20:08:30', '98e4d2ec-6461-4a2e-ba26-a6a68f02b301'),
 ('216', 'test', 'request', 'ShZIsAYyq4fc3op4532YYmGMb0PbiXepRAXS', 'Charge request started ', NULL, '[]', '2016-07-27 20:09:27', '2016-07-27 20:09:27', 'a4f761e1-49c7-422b-9e0f-a6168047c0fd'),
 ('217', 'test', 'note', 'ShZIsAYyq4fc3op4532YYmGMb0PbiXepRAXS', 'Returned to user with error', NULL, '{\"extra\":{\"errors\":[\"The required payment options field is missing. Please contact the site admin for assistance.\"]}}', '2016-07-27 20:09:27', '2016-07-27 20:09:27', 'c7e866dd-dfbe-4366-ae3e-2560cb788aae'),
 ('218', 'test', 'request', 'rknRo8ivg9yOXqfc2AktVfJ6Encieb71h7gz', 'Charge request started ', NULL, '[]', '2016-07-27 20:09:52', '2016-07-27 20:09:52', '616d30de-aaf9-4cc8-9371-b95159a26367'),
 ('219', 'test', 'note', 'rknRo8ivg9yOXqfc2AktVfJ6Encieb71h7gz', 'Returned to user with error', NULL, '{\"extra\":{\"errors\":[\"The required payment options field is missing. Please contact the site admin for assistance.\"]}}', '2016-07-27 20:09:52', '2016-07-27 20:09:52', '2911c7f8-e1a6-4903-88ef-25ff8bdc02d0'),
 ('220', 'unset', 'info', '8Abb3FwzUkPaUYrn7WKtcNxx0gnGvkPLiBiT', 'Validating connection details.', NULL, '[]', '2016-07-27 20:10:48', '2016-07-27 20:10:48', 'dafa8074-3892-454d-a994-68e14bfffb53'),
 ('221', 'unset', 'info', '8Abb3FwzUkPaUYrn7WKtcNxx0gnGvkPLiBiT', 'Validating connection details.', NULL, '[]', '2016-07-27 20:10:48', '2016-07-27 20:10:48', '2c64ff95-15b7-42ba-a43e-3da750758bf2'),
 ('222', 'test', 'request', 'yOgOSWSRXaUXHajyCOKodjJlX4nhP4YcWo07', 'Charge request started ', NULL, '[]', '2016-07-27 20:16:32', '2016-07-27 20:16:32', 'a1850084-8514-4b13-b0c9-588a921b85bb'),
 ('223', 'test', 'note', 'yOgOSWSRXaUXHajyCOKodjJlX4nhP4YcWo07', 'Returned to user with error', NULL, '{\"extra\":{\"errors\":[\"Your payment form is missing the required payment options input. You need to use the {{ craft.charge.setPaymentOptions() }} tag within your payment form. Please consult the Charge documentation for details on properly configuring your payment form.\"]}}', '2016-07-27 20:16:32', '2016-07-27 20:16:32', 'a6a12961-72ed-4ec0-9696-eaa26f579b71'),
 ('224', 'test', 'request', 'HR9NH5cam2QCcW87RyV9J21CR6SWg46Q4Hdw', 'Charge request started ', NULL, '[]', '2016-07-27 20:18:03', '2016-07-27 20:18:03', 'aac04136-adc4-4651-a422-47b3f3a0380c'),
 ('225', 'test', 'note', 'HR9NH5cam2QCcW87RyV9J21CR6SWg46Q4Hdw', 'Returned to user with error', NULL, '{\"extra\":{\"errors\":[\"Your payment form is missing the required payment options input. You need to use the {{ craft.charge.setPaymentOptions() }} tag within your payment form. Please consult the Charge documentation for details on properly configuring your payment form.\"]}}', '2016-07-27 20:18:03', '2016-07-27 20:18:03', '27653fdb-befa-4dba-8ff6-dde343fa8c36'),
 ('226', 'test', 'request', 'YcvikCOD1TDnftbjEUnc6Mvw8VWJ9GadZYFJ', 'Charge request started ', NULL, '[]', '2016-07-27 20:18:09', '2016-07-27 20:18:09', 'c7067eb7-f089-4d36-9706-e116cdbd7b51'),
 ('227', 'test', 'note', 'YcvikCOD1TDnftbjEUnc6Mvw8VWJ9GadZYFJ', 'Returned to user with error', NULL, '{\"extra\":{\"errors\":[\"Your payment form is missing the required payment options input. You need to use the {{ craft.charge.setPaymentOptions() }} tag within your payment form. Please consult the Charge documentation for details on properly configuring your payment form.\"]}}', '2016-07-27 20:18:09', '2016-07-27 20:18:09', '4a214bb5-9d9f-475a-bad6-40a26536ae22'),
 ('228', 'test', 'request', 'fab9CD2eBYew1oaghHWtd4cnjL8T0B61iXuV', 'Charge request started ', NULL, '[]', '2016-07-27 20:18:30', '2016-07-27 20:18:30', 'a45f1923-6098-49b9-a3ee-86912b573bcd'),
 ('229', 'test', 'note', 'fab9CD2eBYew1oaghHWtd4cnjL8T0B61iXuV', 'Returned to user with error', NULL, '{\"extra\":{\"errors\":[\"Your payment form is missing the required payment options input. You need to use the {{ craft.charge.setPaymentOptions() }} tag within your payment form. Please consult the Charge documentation for details on properly configuring your payment form.\"]}}', '2016-07-27 20:18:30', '2016-07-27 20:18:30', '8fb4dc1d-7c5e-4782-9412-362f026170c2'),
 ('230', 'test', 'request', '0MImUhKizOEhp7Rifn5ab9afWU70LluKL9fR', 'Charge request started ', NULL, '[]', '2016-07-27 20:18:37', '2016-07-27 20:18:37', 'e7c35427-4945-4d3a-aa8c-b44300f11450'),
 ('231', 'test', 'api', '0MImUhKizOEhp7Rifn5ab9afWU70LluKL9fR', 'Found existing customer', NULL, '{\"customer\":{\"id\":\"1\",\"stripeId\":\"cus_8tP9YHp9S0V5Xp\",\"mode\":\"test\",\"userId\":\"1\",\"email\":\"briansbier@gmail.com\",\"name\":\"Brian Bier\",\"stripe\":null,\"dateCreated\":\"2016-07-26 20:39:49\",\"__model__\":\"Craft\\\\Charge_CustomerModel\"}}', '2016-07-27 20:18:37', '2016-07-27 20:18:37', '1fea1967-fb3f-48af-9f7c-9f953813c0f1'),
 ('232', 'test', 'success', '0MImUhKizOEhp7Rifn5ab9afWU70LluKL9fR', 'Charge Successfully Completed', NULL, '{\"charge\":{\"id\":\"188\",\"enabled\":1,\"archived\":0,\"locale\":\"en_us\",\"localeEnabled\":1,\"slug\":\"60af75549a68d019fc6afc2cd37783ea\",\"uri\":\"charge\\/success\\/60af75549a68d019fc6afc2cd37783ea\",\"dateCreated\":\"2016-07-27 20:18:39\",\"dateUpdated\":\"2016-07-27 20:18:39\",\"root\":null,\"lft\":null,\"rgt\":null,\"level\":null,\"searchScore\":null,\"customerId\":\"1\",\"userId\":\"1\",\"type\":\"one-off\",\"mode\":\"test\",\"customerName\":\"Brian Bier\",\"customerEmail\":\"briansbier@gmail.com\",\"description\":null,\"hash\":\"60af75549a68d019fc6afc2cd37783ea\",\"notes\":null,\"meta\":[],\"sourceUrl\":\"donations\",\"timestamp\":\"2016-07-27 20:18:39\",\"cardId\":null,\"cardToken\":\"tok_18byUDKk3seM3VXesHQeUCly\",\"cardName\":null,\"cardAddressLine1\":null,\"cardAddressLine2\":null,\"cardAddressCity\":null,\"cardAddressState\":null,\"cardAddressZip\":null,\"cardAddressCountry\":null,\"cardLast4\":\"4242\",\"cardType\":\"Visa\",\"cardExpMonth\":\"7\",\"cardExpYear\":\"2016\",\"planAmount\":\"5\",\"planAmountInCents\":500,\"planCurrency\":\"USD\",\"planInterval\":\"\",\"planIntervalCount\":\"0\",\"planName\":null,\"planDiscount\":null,\"planFullAmount\":null,\"planChoice\":null,\"planOpts\":null,\"hasDiscount\":0,\"coupon\":null,\"planCoupon\":null,\"couponStripeId\":null,\"stripeAccountBalance\":null,\"actions\":null,\"content\":null,\"request\":{\"planAmount\":\"5\",\"planCurrency\":\"USD\",\"planAmountInCents\":500,\"planName\":null,\"planDiscount\":null,\"planFullAmount\":null,\"planChoice\":null,\"planOpts\":null,\"planInterval\":\"\",\"planIntervalCount\":\"0\",\"cardName\":null,\"cardAddressLine1\":null,\"cardAddressLine2\":null,\"cardAddressCity\":null,\"cardAddressState\":null,\"cardAddressZip\":null,\"cardAddressCountry\":null,\"cardLast4\":\"4242\",\"cardType\":\"Visa\",\"cardExpMonth\":\"7\",\"cardExpYear\":\"2016\",\"coupon\":null,\"couponStripeId\":null,\"stripeAccountBalance\":null},\"createAccount\":null,\"user\":null,\"__model__\":\"Craft\\\\ChargeModel\"}}', '2016-07-27 20:18:39', '2016-07-27 20:18:39', 'bc4d1581-7395-406d-9c82-05efd0128f5e'),
 ('233', 'test', 'request', 'NqhCkOyQM5h6WcKyFX4UnvyxJYAoX06mZnr4', 'Charge request started ', NULL, '[]', '2016-07-27 20:22:33', '2016-07-27 20:22:33', '8cde195c-3352-4f86-8515-b26792182328'),
 ('234', 'test', 'api', 'NqhCkOyQM5h6WcKyFX4UnvyxJYAoX06mZnr4', 'Found existing customer', NULL, '{\"customer\":{\"id\":\"1\",\"stripeId\":\"cus_8tP9YHp9S0V5Xp\",\"mode\":\"test\",\"userId\":\"1\",\"email\":\"briansbier@gmail.com\",\"name\":\"Brian Bier\",\"stripe\":null,\"dateCreated\":\"2016-07-26 20:39:49\",\"__model__\":\"Craft\\\\Charge_CustomerModel\"}}', '2016-07-27 20:22:33', '2016-07-27 20:22:33', '51c567d2-6579-4226-9f93-8cad2d0e2db3'),
 ('235', 'test', 'success', 'NqhCkOyQM5h6WcKyFX4UnvyxJYAoX06mZnr4', 'Charge Successfully Completed', NULL, '{\"charge\":{\"id\":\"190\",\"enabled\":1,\"archived\":0,\"locale\":\"en_us\",\"localeEnabled\":1,\"slug\":\"beafde79b27332cedc345141c4e23b75\",\"uri\":\"charge\\/success\\/beafde79b27332cedc345141c4e23b75\",\"dateCreated\":\"2016-07-27 20:22:36\",\"dateUpdated\":\"2016-07-27 20:22:36\",\"root\":null,\"lft\":null,\"rgt\":null,\"level\":null,\"searchScore\":null,\"customerId\":\"1\",\"userId\":\"1\",\"type\":\"one-off\",\"mode\":\"test\",\"customerName\":\"joe\",\"customerEmail\":\"joe@example.com\",\"description\":null,\"hash\":\"beafde79b27332cedc345141c4e23b75\",\"notes\":null,\"meta\":[],\"sourceUrl\":\"donations\",\"timestamp\":\"2016-07-27 20:22:36\",\"cardId\":null,\"cardToken\":\"tok_18byY1Kk3seM3VXeEejfQoNQ\",\"cardName\":null,\"cardAddressLine1\":null,\"cardAddressLine2\":null,\"cardAddressCity\":null,\"cardAddressState\":null,\"cardAddressZip\":null,\"cardAddressCountry\":null,\"cardLast4\":\"4242\",\"cardType\":\"Visa\",\"cardExpMonth\":\"7\",\"cardExpYear\":\"2016\",\"planAmount\":\"5\",\"planAmountInCents\":500,\"planCurrency\":\"USD\",\"planInterval\":\"\",\"planIntervalCount\":\"0\",\"planName\":null,\"planDiscount\":null,\"planFullAmount\":null,\"planChoice\":null,\"planOpts\":null,\"hasDiscount\":0,\"coupon\":null,\"planCoupon\":null,\"couponStripeId\":null,\"stripeAccountBalance\":null,\"actions\":null,\"content\":null,\"request\":{\"planAmount\":\"5\",\"planCurrency\":\"USD\",\"planAmountInCents\":500,\"planName\":null,\"planDiscount\":null,\"planFullAmount\":null,\"planChoice\":null,\"planOpts\":null,\"planInterval\":\"\",\"planIntervalCount\":\"0\",\"cardName\":null,\"cardAddressLine1\":null,\"cardAddressLine2\":null,\"cardAddressCity\":null,\"cardAddressState\":null,\"cardAddressZip\":null,\"cardAddressCountry\":null,\"cardLast4\":\"4242\",\"cardType\":\"Visa\",\"cardExpMonth\":\"7\",\"cardExpYear\":\"2016\",\"coupon\":null,\"couponStripeId\":null,\"stripeAccountBalance\":null},\"createAccount\":null,\"user\":null,\"__model__\":\"Craft\\\\ChargeModel\"}}', '2016-07-27 20:22:36', '2016-07-27 20:22:36', '8283dda1-ac2c-4e19-b95f-6e7991782a2e'),
 ('236', 'test', 'request', 'RUmecVQ4sRnjPwirRs13Q9qVt5FkuE34SmOt', 'Charge request started ', NULL, '[]', '2016-07-27 20:26:49', '2016-07-27 20:26:49', '4ac273d9-3071-4da3-b8eb-dc2d977a163e'),
 ('237', 'test', 'api', 'RUmecVQ4sRnjPwirRs13Q9qVt5FkuE34SmOt', 'Found existing customer', NULL, '{\"customer\":{\"id\":\"1\",\"stripeId\":\"cus_8tP9YHp9S0V5Xp\",\"mode\":\"test\",\"userId\":\"1\",\"email\":\"briansbier@gmail.com\",\"name\":\"joe\",\"stripe\":null,\"dateCreated\":\"2016-07-26 20:39:49\",\"__model__\":\"Craft\\\\Charge_CustomerModel\"}}', '2016-07-27 20:26:49', '2016-07-27 20:26:49', 'a1c2dbe5-df67-425e-bfa2-50773cf2d0fc'),
 ('238', 'test', 'success', 'RUmecVQ4sRnjPwirRs13Q9qVt5FkuE34SmOt', 'Charge Successfully Completed', NULL, '{\"charge\":{\"id\":\"192\",\"enabled\":1,\"archived\":0,\"locale\":\"en_us\",\"localeEnabled\":1,\"slug\":\"7aa6c97cbe862cde888fa7370ef5d267\",\"uri\":\"charge\\/success\\/7aa6c97cbe862cde888fa7370ef5d267\",\"dateCreated\":\"2016-07-27 20:26:52\",\"dateUpdated\":\"2016-07-27 20:26:52\",\"root\":null,\"lft\":null,\"rgt\":null,\"level\":null,\"searchScore\":null,\"customerId\":\"1\",\"userId\":\"1\",\"type\":\"one-off\",\"mode\":\"test\",\"customerName\":\"Brian Bier\",\"customerEmail\":\"briansbier@gmail.com\",\"description\":null,\"hash\":\"7aa6c97cbe862cde888fa7370ef5d267\",\"notes\":null,\"meta\":{\"firstName\":\"Brian\"},\"sourceUrl\":\"donations\",\"timestamp\":\"2016-07-27 20:26:52\",\"cardId\":null,\"cardToken\":\"tok_18byc9Kk3seM3VXeR0VLuV3d\",\"cardName\":null,\"cardAddressLine1\":null,\"cardAddressLine2\":null,\"cardAddressCity\":null,\"cardAddressState\":null,\"cardAddressZip\":null,\"cardAddressCountry\":null,\"cardLast4\":\"4242\",\"cardType\":\"Visa\",\"cardExpMonth\":\"7\",\"cardExpYear\":\"2016\",\"planAmount\":\"5\",\"planAmountInCents\":500,\"planCurrency\":\"USD\",\"planInterval\":\"\",\"planIntervalCount\":\"0\",\"planName\":null,\"planDiscount\":null,\"planFullAmount\":null,\"planChoice\":null,\"planOpts\":null,\"hasDiscount\":0,\"coupon\":null,\"planCoupon\":null,\"couponStripeId\":null,\"stripeAccountBalance\":null,\"actions\":null,\"content\":null,\"request\":{\"planAmount\":\"5\",\"planCurrency\":\"USD\",\"planAmountInCents\":500,\"planName\":null,\"planDiscount\":null,\"planFullAmount\":null,\"planChoice\":null,\"planOpts\":null,\"planInterval\":\"\",\"planIntervalCount\":\"0\",\"cardName\":null,\"cardAddressLine1\":null,\"cardAddressLine2\":null,\"cardAddressCity\":null,\"cardAddressState\":null,\"cardAddressZip\":null,\"cardAddressCountry\":null,\"cardLast4\":\"4242\",\"cardType\":\"Visa\",\"cardExpMonth\":\"7\",\"cardExpYear\":\"2016\",\"coupon\":null,\"couponStripeId\":null,\"stripeAccountBalance\":null},\"createAccount\":null,\"user\":null,\"__model__\":\"Craft\\\\ChargeModel\"}}', '2016-07-27 20:26:53', '2016-07-27 20:26:53', '032d9fd3-bc7c-4386-89b0-d4f89bab43fd'),
 ('239', 'test', 'request', 'cutaOgTjtUBcAEJvHCvUUA41jqOED4BkJyAW', 'Charge request started ', NULL, '[]', '2016-07-27 20:30:04', '2016-07-27 20:30:04', 'dec8faf1-c92a-4a30-b518-65d4b7900ac8'),
 ('240', 'test', 'api', 'cutaOgTjtUBcAEJvHCvUUA41jqOED4BkJyAW', 'Found existing customer', NULL, '{\"customer\":{\"id\":\"1\",\"stripeId\":\"cus_8tP9YHp9S0V5Xp\",\"mode\":\"test\",\"userId\":\"1\",\"email\":\"briansbier@gmail.com\",\"name\":\"Brian Bier\",\"stripe\":null,\"dateCreated\":\"2016-07-26 20:39:49\",\"__model__\":\"Craft\\\\Charge_CustomerModel\"}}', '2016-07-27 20:30:04', '2016-07-27 20:30:04', 'e2cd332c-e292-4ab1-8018-f9447c1b406f'),
 ('241', 'test', 'success', 'cutaOgTjtUBcAEJvHCvUUA41jqOED4BkJyAW', 'Charge Successfully Completed', NULL, '{\"charge\":{\"id\":\"194\",\"enabled\":1,\"archived\":0,\"locale\":\"en_us\",\"localeEnabled\":1,\"slug\":\"69e8c41711185387877fe8897f4a16c6\",\"uri\":\"charge\\/success\\/69e8c41711185387877fe8897f4a16c6\",\"dateCreated\":\"2016-07-27 20:30:07\",\"dateUpdated\":\"2016-07-27 20:30:07\",\"root\":null,\"lft\":null,\"rgt\":null,\"level\":null,\"searchScore\":null,\"customerId\":\"1\",\"userId\":\"1\",\"type\":\"one-off\",\"mode\":\"test\",\"customerName\":\"Brian Bier\",\"customerEmail\":\"briansbier@gmail.com\",\"description\":null,\"hash\":\"69e8c41711185387877fe8897f4a16c6\",\"notes\":null,\"meta\":[],\"sourceUrl\":\"donations\",\"timestamp\":\"2016-07-27 20:30:07\",\"cardId\":null,\"cardToken\":\"tok_18byfHKk3seM3VXemA9rrhNm\",\"cardName\":null,\"cardAddressLine1\":null,\"cardAddressLine2\":null,\"cardAddressCity\":null,\"cardAddressState\":null,\"cardAddressZip\":null,\"cardAddressCountry\":null,\"cardLast4\":\"4242\",\"cardType\":\"Visa\",\"cardExpMonth\":\"7\",\"cardExpYear\":\"2016\",\"planAmount\":\"5\",\"planAmountInCents\":500,\"planCurrency\":\"USD\",\"planInterval\":\"\",\"planIntervalCount\":\"0\",\"planName\":null,\"planDiscount\":null,\"planFullAmount\":null,\"planChoice\":null,\"planOpts\":null,\"hasDiscount\":0,\"coupon\":null,\"planCoupon\":null,\"couponStripeId\":null,\"stripeAccountBalance\":null,\"actions\":null,\"content\":null,\"request\":{\"planAmount\":\"5\",\"planCurrency\":\"USD\",\"planAmountInCents\":500,\"planName\":null,\"planDiscount\":null,\"planFullAmount\":null,\"planChoice\":null,\"planOpts\":null,\"planInterval\":\"\",\"planIntervalCount\":\"0\",\"cardName\":null,\"cardAddressLine1\":null,\"cardAddressLine2\":null,\"cardAddressCity\":null,\"cardAddressState\":null,\"cardAddressZip\":null,\"cardAddressCountry\":null,\"cardLast4\":\"4242\",\"cardType\":\"Visa\",\"cardExpMonth\":\"7\",\"cardExpYear\":\"2016\",\"coupon\":null,\"couponStripeId\":null,\"stripeAccountBalance\":null},\"createAccount\":null,\"user\":null,\"__model__\":\"Craft\\\\ChargeModel\"}}', '2016-07-27 20:30:07', '2016-07-27 20:30:07', '5142d5fb-df54-48d6-80c3-20d01cb18510'),
 ('242', 'test', 'request', 'W29Le7hLZq6sTYt2YP7X2c5oUiKOUhX8UHi2', 'Charge request started ', NULL, '[]', '2016-07-27 20:31:31', '2016-07-27 20:31:31', 'db149575-c7e3-4330-bf46-bee32b309447'),
 ('243', 'test', 'api', 'W29Le7hLZq6sTYt2YP7X2c5oUiKOUhX8UHi2', 'Found existing customer', NULL, '{\"customer\":{\"id\":\"1\",\"stripeId\":\"cus_8tP9YHp9S0V5Xp\",\"mode\":\"test\",\"userId\":\"1\",\"email\":\"briansbier@gmail.com\",\"name\":\"Brian Bier\",\"stripe\":null,\"dateCreated\":\"2016-07-26 20:39:49\",\"__model__\":\"Craft\\\\Charge_CustomerModel\"}}', '2016-07-27 20:31:31', '2016-07-27 20:31:31', '51136609-ba87-4167-8371-04fd9a46f33e'),
 ('244', 'test', 'success', 'W29Le7hLZq6sTYt2YP7X2c5oUiKOUhX8UHi2', 'Charge Successfully Completed', NULL, '{\"charge\":{\"id\":\"196\",\"enabled\":1,\"archived\":0,\"locale\":\"en_us\",\"localeEnabled\":1,\"slug\":\"22c802797bd5dbc8280ddb345ee9dd3c\",\"uri\":\"charge\\/success\\/22c802797bd5dbc8280ddb345ee9dd3c\",\"dateCreated\":\"2016-07-27 20:31:34\",\"dateUpdated\":\"2016-07-27 20:31:34\",\"root\":null,\"lft\":null,\"rgt\":null,\"level\":null,\"searchScore\":null,\"customerId\":\"1\",\"userId\":\"1\",\"type\":\"one-off\",\"mode\":\"test\",\"customerName\":\"Brian Bier\",\"customerEmail\":\"briansbier@gmail.com\",\"description\":null,\"hash\":\"22c802797bd5dbc8280ddb345ee9dd3c\",\"notes\":null,\"meta\":{\"firstName\":\"Brian\"},\"sourceUrl\":\"donations\",\"timestamp\":\"2016-07-27 20:31:34\",\"cardId\":null,\"cardToken\":\"tok_18byghKk3seM3VXeWVteAO8h\",\"cardName\":null,\"cardAddressLine1\":null,\"cardAddressLine2\":null,\"cardAddressCity\":null,\"cardAddressState\":null,\"cardAddressZip\":null,\"cardAddressCountry\":null,\"cardLast4\":\"4242\",\"cardType\":\"Visa\",\"cardExpMonth\":\"7\",\"cardExpYear\":\"2016\",\"planAmount\":\"5\",\"planAmountInCents\":500,\"planCurrency\":\"USD\",\"planInterval\":\"\",\"planIntervalCount\":\"0\",\"planName\":null,\"planDiscount\":null,\"planFullAmount\":null,\"planChoice\":null,\"planOpts\":null,\"hasDiscount\":0,\"coupon\":null,\"planCoupon\":null,\"couponStripeId\":null,\"stripeAccountBalance\":null,\"actions\":null,\"content\":null,\"request\":{\"planAmount\":\"5\",\"planCurrency\":\"USD\",\"planAmountInCents\":500,\"planName\":null,\"planDiscount\":null,\"planFullAmount\":null,\"planChoice\":null,\"planOpts\":null,\"planInterval\":\"\",\"planIntervalCount\":\"0\",\"cardName\":null,\"cardAddressLine1\":null,\"cardAddressLine2\":null,\"cardAddressCity\":null,\"cardAddressState\":null,\"cardAddressZip\":null,\"cardAddressCountry\":null,\"cardLast4\":\"4242\",\"cardType\":\"Visa\",\"cardExpMonth\":\"7\",\"cardExpYear\":\"2016\",\"coupon\":null,\"couponStripeId\":null,\"stripeAccountBalance\":null},\"createAccount\":null,\"user\":null,\"__model__\":\"Craft\\\\ChargeModel\"}}', '2016-07-27 20:31:34', '2016-07-27 20:31:34', '1ac4a071-2a0d-4086-a4fc-45963dbfff9c'),
 ('245', 'test', 'request', 'epGVHtUdtHngt0A8LIZm8ihSIzn5A6vbbKIT', 'Charge request started ', NULL, '[]', '2016-07-27 20:31:59', '2016-07-27 20:31:59', '3ab9dadb-626a-4e31-9441-cd700d724df2'),
 ('246', 'test', 'api', 'epGVHtUdtHngt0A8LIZm8ihSIzn5A6vbbKIT', 'Found existing customer', NULL, '{\"customer\":{\"id\":\"1\",\"stripeId\":\"cus_8tP9YHp9S0V5Xp\",\"mode\":\"test\",\"userId\":\"1\",\"email\":\"briansbier@gmail.com\",\"name\":\"Brian Bier\",\"stripe\":null,\"dateCreated\":\"2016-07-26 20:39:49\",\"__model__\":\"Craft\\\\Charge_CustomerModel\"}}', '2016-07-27 20:31:59', '2016-07-27 20:31:59', '0400c6ea-2efc-4bd5-9f1a-e78006535b03'),
 ('247', 'test', 'success', 'epGVHtUdtHngt0A8LIZm8ihSIzn5A6vbbKIT', 'Charge Successfully Completed', NULL, '{\"charge\":{\"id\":\"198\",\"enabled\":1,\"archived\":0,\"locale\":\"en_us\",\"localeEnabled\":1,\"slug\":\"20b7123c357f69706691502889dca2dd\",\"uri\":\"charge\\/success\\/20b7123c357f69706691502889dca2dd\",\"dateCreated\":\"2016-07-27 20:32:02\",\"dateUpdated\":\"2016-07-27 20:32:02\",\"root\":null,\"lft\":null,\"rgt\":null,\"level\":null,\"searchScore\":null,\"customerId\":\"1\",\"userId\":\"1\",\"type\":\"one-off\",\"mode\":\"test\",\"customerName\":null,\"customerEmail\":\"briansbier@gmail.com\",\"description\":null,\"hash\":\"20b7123c357f69706691502889dca2dd\",\"notes\":null,\"meta\":{\"firstName\":\"Brian\"},\"sourceUrl\":\"donations\",\"timestamp\":\"2016-07-27 20:32:02\",\"cardId\":null,\"cardToken\":\"tok_18byh9Kk3seM3VXe3ZHEJrP8\",\"cardName\":null,\"cardAddressLine1\":null,\"cardAddressLine2\":null,\"cardAddressCity\":null,\"cardAddressState\":null,\"cardAddressZip\":null,\"cardAddressCountry\":null,\"cardLast4\":\"4242\",\"cardType\":\"Visa\",\"cardExpMonth\":\"7\",\"cardExpYear\":\"2016\",\"planAmount\":\"5\",\"planAmountInCents\":500,\"planCurrency\":\"USD\",\"planInterval\":\"\",\"planIntervalCount\":\"0\",\"planName\":null,\"planDiscount\":null,\"planFullAmount\":null,\"planChoice\":null,\"planOpts\":null,\"hasDiscount\":0,\"coupon\":null,\"planCoupon\":null,\"couponStripeId\":null,\"stripeAccountBalance\":null,\"actions\":null,\"content\":null,\"request\":{\"planAmount\":\"5\",\"planCurrency\":\"USD\",\"planAmountInCents\":500,\"planName\":null,\"planDiscount\":null,\"planFullAmount\":null,\"planChoice\":null,\"planOpts\":null,\"planInterval\":\"\",\"planIntervalCount\":\"0\",\"cardName\":null,\"cardAddressLine1\":null,\"cardAddressLine2\":null,\"cardAddressCity\":null,\"cardAddressState\":null,\"cardAddressZip\":null,\"cardAddressCountry\":null,\"cardLast4\":\"4242\",\"cardType\":\"Visa\",\"cardExpMonth\":\"7\",\"cardExpYear\":\"2016\",\"coupon\":null,\"couponStripeId\":null,\"stripeAccountBalance\":null},\"createAccount\":null,\"user\":null,\"__model__\":\"Craft\\\\ChargeModel\"}}', '2016-07-27 20:32:02', '2016-07-27 20:32:02', '8c0b2b91-4eb7-40ac-8372-aaffc6cefd0e'),
 ('248', 'test', 'request', 'io125k3nirb0N4ZW19H6kfWJ7foXW0E3EupT', 'Charge request started ', NULL, '[]', '2016-07-27 20:32:48', '2016-07-27 20:32:48', 'a1051f57-ca89-49a2-815b-5eb3396c2cd9'),
 ('249', 'test', 'api', 'io125k3nirb0N4ZW19H6kfWJ7foXW0E3EupT', 'Found existing customer', NULL, '{\"customer\":{\"id\":\"1\",\"stripeId\":\"cus_8tP9YHp9S0V5Xp\",\"mode\":\"test\",\"userId\":\"1\",\"email\":\"briansbier@gmail.com\",\"name\":\"Brian Bier\",\"stripe\":null,\"dateCreated\":\"2016-07-26 20:39:49\",\"__model__\":\"Craft\\\\Charge_CustomerModel\"}}', '2016-07-27 20:32:48', '2016-07-27 20:32:48', '2cd10d86-79ab-44c2-bd45-621603915737'),
 ('250', 'test', 'success', 'io125k3nirb0N4ZW19H6kfWJ7foXW0E3EupT', 'Charge Successfully Completed', NULL, '{\"charge\":{\"id\":\"200\",\"enabled\":1,\"archived\":0,\"locale\":\"en_us\",\"localeEnabled\":1,\"slug\":\"ea33d3e23933d1aaeeccacae643f3670\",\"uri\":\"charge\\/success\\/ea33d3e23933d1aaeeccacae643f3670\",\"dateCreated\":\"2016-07-27 20:32:50\",\"dateUpdated\":\"2016-07-27 20:32:50\",\"root\":null,\"lft\":null,\"rgt\":null,\"level\":null,\"searchScore\":null,\"customerId\":\"1\",\"userId\":\"1\",\"type\":\"one-off\",\"mode\":\"test\",\"customerName\":null,\"customerEmail\":\"briansbier@gmail.com\",\"description\":null,\"hash\":\"ea33d3e23933d1aaeeccacae643f3670\",\"notes\":null,\"meta\":{\"firstName\":\"Brian\",\"lastName\":\"Bier\"},\"sourceUrl\":\"donations\",\"timestamp\":\"2016-07-27 20:32:50\",\"cardId\":null,\"cardToken\":\"tok_18byhvKk3seM3VXe3d7xwHLA\",\"cardName\":null,\"cardAddressLine1\":null,\"cardAddressLine2\":null,\"cardAddressCity\":null,\"cardAddressState\":null,\"cardAddressZip\":null,\"cardAddressCountry\":null,\"cardLast4\":\"4242\",\"cardType\":\"Visa\",\"cardExpMonth\":\"7\",\"cardExpYear\":\"2016\",\"planAmount\":\"5\",\"planAmountInCents\":500,\"planCurrency\":\"USD\",\"planInterval\":\"\",\"planIntervalCount\":\"0\",\"planName\":null,\"planDiscount\":null,\"planFullAmount\":null,\"planChoice\":null,\"planOpts\":null,\"hasDiscount\":0,\"coupon\":null,\"planCoupon\":null,\"couponStripeId\":null,\"stripeAccountBalance\":null,\"actions\":null,\"content\":null,\"request\":{\"planAmount\":\"5\",\"planCurrency\":\"USD\",\"planAmountInCents\":500,\"planName\":null,\"planDiscount\":null,\"planFullAmount\":null,\"planChoice\":null,\"planOpts\":null,\"planInterval\":\"\",\"planIntervalCount\":\"0\",\"cardName\":null,\"cardAddressLine1\":null,\"cardAddressLine2\":null,\"cardAddressCity\":null,\"cardAddressState\":null,\"cardAddressZip\":null,\"cardAddressCountry\":null,\"cardLast4\":\"4242\",\"cardType\":\"Visa\",\"cardExpMonth\":\"7\",\"cardExpYear\":\"2016\",\"coupon\":null,\"couponStripeId\":null,\"stripeAccountBalance\":null},\"createAccount\":null,\"user\":null,\"__model__\":\"Craft\\\\ChargeModel\"}}', '2016-07-27 20:32:50', '2016-07-27 20:32:50', '4fae4b2a-c382-4a06-90d5-251f4c356c95'),
 ('251', 'test', 'request', 'egRysOparbN6tqktSf42BythQAFXA13D7iew', 'Charge request started ', NULL, '[]', '2016-07-27 20:33:48', '2016-07-27 20:33:48', '26578a19-f9c5-4f38-873d-0ef4b5865aa8'),
 ('252', 'test', 'api', 'egRysOparbN6tqktSf42BythQAFXA13D7iew', 'Found existing customer', NULL, '{\"customer\":{\"id\":\"1\",\"stripeId\":\"cus_8tP9YHp9S0V5Xp\",\"mode\":\"test\",\"userId\":\"1\",\"email\":\"briansbier@gmail.com\",\"name\":\"Brian Bier\",\"stripe\":null,\"dateCreated\":\"2016-07-26 20:39:49\",\"__model__\":\"Craft\\\\Charge_CustomerModel\"}}', '2016-07-27 20:33:48', '2016-07-27 20:33:48', 'b4f30731-463d-4398-8e33-a172d0a88d7d'),
 ('253', 'test', 'success', 'egRysOparbN6tqktSf42BythQAFXA13D7iew', 'Charge Successfully Completed', NULL, '{\"charge\":{\"id\":\"202\",\"enabled\":1,\"archived\":0,\"locale\":\"en_us\",\"localeEnabled\":1,\"slug\":\"d8678df38fb8517ce3ca6084abeeb1bf\",\"uri\":\"charge\\/success\\/d8678df38fb8517ce3ca6084abeeb1bf\",\"dateCreated\":\"2016-07-27 20:33:51\",\"dateUpdated\":\"2016-07-27 20:33:51\",\"root\":null,\"lft\":null,\"rgt\":null,\"level\":null,\"searchScore\":null,\"customerId\":\"1\",\"userId\":\"1\",\"type\":\"one-off\",\"mode\":\"test\",\"customerName\":null,\"customerEmail\":\"briansbier@gmail.com\",\"description\":null,\"hash\":\"d8678df38fb8517ce3ca6084abeeb1bf\",\"notes\":null,\"meta\":{\"firstName\":\"Brian\",\"lastName\":\"Bier\"},\"sourceUrl\":\"donations\",\"timestamp\":\"2016-07-27 20:33:51\",\"cardId\":null,\"cardToken\":\"tok_18byitKk3seM3VXeRuWT7QX8\",\"cardName\":null,\"cardAddressLine1\":\"310 west 143st\",\"cardAddressLine2\":null,\"cardAddressCity\":\"New York\",\"cardAddressState\":\"NY\",\"cardAddressZip\":null,\"cardAddressCountry\":null,\"cardLast4\":\"4242\",\"cardType\":\"Visa\",\"cardExpMonth\":\"7\",\"cardExpYear\":\"2016\",\"planAmount\":\"5\",\"planAmountInCents\":500,\"planCurrency\":\"USD\",\"planInterval\":\"\",\"planIntervalCount\":\"0\",\"planName\":null,\"planDiscount\":null,\"planFullAmount\":null,\"planChoice\":null,\"planOpts\":null,\"hasDiscount\":0,\"coupon\":null,\"planCoupon\":null,\"couponStripeId\":null,\"stripeAccountBalance\":null,\"actions\":null,\"content\":null,\"request\":{\"planAmount\":\"5\",\"planCurrency\":\"USD\",\"planAmountInCents\":500,\"planName\":null,\"planDiscount\":null,\"planFullAmount\":null,\"planChoice\":null,\"planOpts\":null,\"planInterval\":\"\",\"planIntervalCount\":\"0\",\"cardName\":null,\"cardAddressLine1\":\"310 west 143st\",\"cardAddressLine2\":null,\"cardAddressCity\":\"New York\",\"cardAddressState\":\"NY\",\"cardAddressZip\":null,\"cardAddressCountry\":null,\"cardLast4\":\"4242\",\"cardType\":\"Visa\",\"cardExpMonth\":\"7\",\"cardExpYear\":\"2016\",\"coupon\":null,\"couponStripeId\":null,\"stripeAccountBalance\":null},\"createAccount\":null,\"user\":null,\"__model__\":\"Craft\\\\ChargeModel\"}}', '2016-07-27 20:33:51', '2016-07-27 20:33:51', '0cf063ff-6ba0-4898-ade4-844e731a79db'),
 ('254', 'test', 'request', 'ZtkzmzWM5bnMI7QFBispdq6WS5bRNg5ZzbTf', 'Charge request started ', NULL, '[]', '2016-07-27 20:35:55', '2016-07-27 20:35:55', '94f74dee-0e53-4393-bf2f-c170e4a15656'),
 ('255', 'test', 'note', 'ZtkzmzWM5bnMI7QFBispdq6WS5bRNg5ZzbTf', 'Returned to user with error', NULL, '{\"extra\":{\"errors\":[\"planAmount : Amount cannot be blank.\",\"There was a problem with your details, please check the form and try again\"]}}', '2016-07-27 20:35:55', '2016-07-27 20:35:55', '658b94cb-3a65-4e60-9b48-b3b606f0de56'),
 ('256', 'test', 'request', 'fKb3AMxvLPBEscUZ6x0liBBxLB9jgnN85JrD', 'Charge request started ', NULL, '[]', '2016-07-27 20:36:05', '2016-07-27 20:36:05', 'fe444364-9a2f-446c-96b1-4be248e5b890'),
 ('257', 'test', 'note', 'fKb3AMxvLPBEscUZ6x0liBBxLB9jgnN85JrD', 'Returned to user with error', NULL, '{\"extra\":{\"errors\":[\"planAmount : Amount cannot be blank.\",\"There was a problem with your details, please check the form and try again\"]}}', '2016-07-27 20:36:05', '2016-07-27 20:36:05', 'dec71cdb-7ea3-4242-a3c3-e06663e19152'),
 ('258', 'test', 'request', 'VQDaov5vkgcWZNhPXmTBPtfV4c9zu4lyeybl', 'Charge request started ', NULL, '[]', '2016-07-27 20:36:28', '2016-07-27 20:36:28', '67abcde9-9dea-4717-808d-733f5ac162f4'),
 ('259', 'test', 'note', 'VQDaov5vkgcWZNhPXmTBPtfV4c9zu4lyeybl', 'Returned to user with error', NULL, '{\"extra\":{\"errors\":[\"planAmount : Amount cannot be blank.\",\"There was a problem with your details, please check the form and try again\"]}}', '2016-07-27 20:36:28', '2016-07-27 20:36:28', '3b196a58-239b-4e86-a8aa-b76244ba37ae'),
 ('260', 'test', 'request', 'GxPDxmRsqDhJei10V6KhUqBZwTdWFUW0KaGe', 'Charge request started ', NULL, '[]', '2016-07-27 20:37:09', '2016-07-27 20:37:09', '3444079c-1e32-49de-9cfc-a62b12b1e1a2'),
 ('261', 'test', 'note', 'GxPDxmRsqDhJei10V6KhUqBZwTdWFUW0KaGe', 'Returned to user with error', NULL, '{\"extra\":{\"errors\":[\"customerEmail : Email cannot be blank.\",\"planAmount : Amount cannot be blank.\",\"There was a problem with your details, please check the form and try again\"]}}', '2016-07-27 20:37:09', '2016-07-27 20:37:09', '0264318a-8d57-4d58-b516-869aeba1c433'),
 ('262', 'test', 'request', 'qwNUZT80g41sXULnAyoFqtWU54Ac5bnOzW89', 'Charge request started ', NULL, '[]', '2016-07-27 20:37:15', '2016-07-27 20:37:15', 'f6fef7a7-6ffe-45e1-9db0-7f0bc88e2037'),
 ('263', 'test', 'note', 'qwNUZT80g41sXULnAyoFqtWU54Ac5bnOzW89', 'Returned to user with error', NULL, '{\"extra\":{\"errors\":[\"planAmount : Amount cannot be blank.\",\"There was a problem with your details, please check the form and try again\"]}}', '2016-07-27 20:37:15', '2016-07-27 20:37:15', '46e268cd-786a-42bb-9efb-92233946df9e'),
 ('264', 'test', 'request', '9ESA6pzA4ZGq0wPWcX9jK3l5wZYZMfXICV6J', 'Charge request started ', NULL, '[]', '2016-07-27 20:38:39', '2016-07-27 20:38:39', '0b306b9f-2a41-4ce8-87e0-bd6b4a2fefd6'),
 ('265', 'test', 'note', '9ESA6pzA4ZGq0wPWcX9jK3l5wZYZMfXICV6J', 'Returned to user with error', NULL, '{\"extra\":{\"errors\":[\"planAmount : Amount cannot be blank.\",\"There was a problem with your details, please check the form and try again\"]}}', '2016-07-27 20:38:39', '2016-07-27 20:38:39', 'b2f1e5bf-baa2-4013-87d9-87c3d864ce62'),
 ('266', 'test', 'request', 'nOBEb9x0cX8bMbb5hYIB6QCUbmP0A8yythoz', 'Charge request started ', NULL, '[]', '2016-07-27 20:38:43', '2016-07-27 20:38:43', 'aef212b3-fa1f-4714-b59d-70c5e77c1da6'),
 ('267', 'test', 'api', 'nOBEb9x0cX8bMbb5hYIB6QCUbmP0A8yythoz', 'Found existing customer', NULL, '{\"customer\":{\"id\":\"1\",\"stripeId\":\"cus_8tP9YHp9S0V5Xp\",\"mode\":\"test\",\"userId\":\"1\",\"email\":\"briansbier@gmail.com\",\"name\":\"Brian Bier\",\"stripe\":null,\"dateCreated\":\"2016-07-26 20:39:49\",\"__model__\":\"Craft\\\\Charge_CustomerModel\"}}', '2016-07-27 20:38:43', '2016-07-27 20:38:43', '3fd2eb86-1c9a-47d5-9754-5c70317e7e9b'),
 ('268', 'test', 'success', 'nOBEb9x0cX8bMbb5hYIB6QCUbmP0A8yythoz', 'Charge Successfully Completed', NULL, '{\"charge\":{\"id\":\"204\",\"enabled\":1,\"archived\":0,\"locale\":\"en_us\",\"localeEnabled\":1,\"slug\":\"af6f3d943130629459c6ee6defe0e756\",\"uri\":\"charge\\/success\\/af6f3d943130629459c6ee6defe0e756\",\"dateCreated\":\"2016-07-27 20:38:45\",\"dateUpdated\":\"2016-07-27 20:38:45\",\"root\":null,\"lft\":null,\"rgt\":null,\"level\":null,\"searchScore\":null,\"customerId\":\"1\",\"userId\":\"1\",\"type\":\"one-off\",\"mode\":\"test\",\"customerName\":null,\"customerEmail\":\"briansbier@gmail.com\",\"description\":null,\"hash\":\"af6f3d943130629459c6ee6defe0e756\",\"notes\":null,\"meta\":{\"firstName\":\"\",\"lastName\":\"\",\"phone\":\"\"},\"sourceUrl\":\"donations\",\"timestamp\":\"2016-07-27 20:38:45\",\"cardId\":null,\"cardToken\":\"tok_18bym9Kk3seM3VXewvEw3fOk\",\"cardName\":null,\"cardAddressLine1\":\"310 west 143st\",\"cardAddressLine2\":null,\"cardAddressCity\":\"New York\",\"cardAddressState\":\"AL\",\"cardAddressZip\":\"10030\",\"cardAddressCountry\":null,\"cardLast4\":\"4242\",\"cardType\":\"Visa\",\"cardExpMonth\":null,\"cardExpYear\":null,\"planAmount\":\"5\",\"planAmountInCents\":500,\"planCurrency\":\"USD\",\"planInterval\":\"\",\"planIntervalCount\":\"0\",\"planName\":null,\"planDiscount\":null,\"planFullAmount\":null,\"planChoice\":null,\"planOpts\":null,\"hasDiscount\":0,\"coupon\":null,\"planCoupon\":null,\"couponStripeId\":null,\"stripeAccountBalance\":null,\"actions\":null,\"content\":null,\"request\":{\"planAmount\":\"5\",\"planCurrency\":\"USD\",\"planAmountInCents\":500,\"planName\":null,\"planDiscount\":null,\"planFullAmount\":null,\"planChoice\":null,\"planOpts\":null,\"planInterval\":\"\",\"planIntervalCount\":\"0\",\"cardName\":null,\"cardAddressLine1\":\"310 west 143st\",\"cardAddressLine2\":null,\"cardAddressCity\":\"New York\",\"cardAddressState\":\"AL\",\"cardAddressZip\":\"10030\",\"cardAddressCountry\":null,\"cardLast4\":\"4242\",\"cardType\":\"Visa\",\"cardExpMonth\":null,\"cardExpYear\":null,\"coupon\":null,\"couponStripeId\":null,\"stripeAccountBalance\":null},\"createAccount\":null,\"user\":null,\"__model__\":\"Craft\\\\ChargeModel\"}}', '2016-07-27 20:38:46', '2016-07-27 20:38:46', 'e5fac611-fd79-49c3-aa1a-815a945bb3c0'),
 ('269', 'test', 'request', 'vRWva9jKWVKXtp1gOU1ChlgcRP4Q0RQT75d5', 'Charge request started ', NULL, '[]', '2016-07-27 20:41:51', '2016-07-27 20:41:51', '01b67c5f-fbba-4622-97b2-97c185ecf054'),
 ('270', 'test', 'note', 'vRWva9jKWVKXtp1gOU1ChlgcRP4Q0RQT75d5', 'Returned to user with error', NULL, '{\"extra\":{\"errors\":[\"customerEmail : Email cannot be blank.\",\"planAmount : Amount cannot be blank.\",\"There was a problem with your details, please check the form and try again\"]}}', '2016-07-27 20:41:51', '2016-07-27 20:41:51', 'c4145462-3bea-43ca-97a8-e44c8139029f'),
 ('271', 'test', 'request', 'K4kpsBdYUrIDsFE10fPMAJiXVHHTGmXq7Hcz', 'Charge request started ', NULL, '[]', '2016-07-27 20:41:56', '2016-07-27 20:41:56', '60c4b1e6-166f-4703-9d9c-2f4853826ea4'),
 ('272', 'test', 'note', 'K4kpsBdYUrIDsFE10fPMAJiXVHHTGmXq7Hcz', 'Returned to user with error', NULL, '{\"extra\":{\"errors\":[\"planAmount : Amount cannot be blank.\",\"There was a problem with your details, please check the form and try again\"]}}', '2016-07-27 20:41:56', '2016-07-27 20:41:56', '1f8b2465-6e05-49d1-8dc4-d60a83de38eb'),
 ('273', 'test', 'request', 'LL0Q4YpTlqGQwOmuHG0iC0sUSOvC3q6HYnmf', 'Charge request started ', NULL, '[]', '2016-07-27 20:42:42', '2016-07-27 20:42:42', '94bde447-76fa-40ae-a9ab-aa2dbf8c1dd5'),
 ('274', 'test', 'note', 'LL0Q4YpTlqGQwOmuHG0iC0sUSOvC3q6HYnmf', 'Returned to user with error', NULL, '{\"extra\":{\"errors\":[\"planAmount : Amount cannot be blank.\",\"There was a problem with your details, please check the form and try again\"]}}', '2016-07-27 20:42:42', '2016-07-27 20:42:42', 'b12ee77e-9e89-4ce4-a045-ee36a2d388e2'),
 ('275', 'test', 'request', 'ZBTvGSxaOzn7cp3FA0TLOBZfb7rSeJqh7BtF', 'Charge request started ', NULL, '[]', '2016-07-27 20:43:40', '2016-07-27 20:43:40', '8e635725-f9b7-4c6f-8b8c-43e26a86db9e'),
 ('276', 'test', 'note', 'ZBTvGSxaOzn7cp3FA0TLOBZfb7rSeJqh7BtF', 'Returned to user with error', NULL, '{\"extra\":{\"errors\":[\"planAmount : Amount cannot be blank.\",\"There was a problem with your details, please check the form and try again\"]}}', '2016-07-27 20:43:40', '2016-07-27 20:43:40', '51140a7c-2453-4e77-8c8a-8f3b2b0ebb59'),
 ('277', 'test', 'request', 'zFhbjxNwnVN93IFuw56qSUjeXc9ZSeysL2P9', 'Charge request started ', NULL, '[]', '2016-07-27 20:43:51', '2016-07-27 20:43:51', '55b23987-766f-48bc-891f-820bc3557be0'),
 ('278', 'test', 'note', 'zFhbjxNwnVN93IFuw56qSUjeXc9ZSeysL2P9', 'Returned to user with error', NULL, '{\"extra\":{\"errors\":[\"planAmount : Amount cannot be blank.\",\"There was a problem with your details, please check the form and try again\"]}}', '2016-07-27 20:43:51', '2016-07-27 20:43:51', '9ec72680-4f3f-48ce-bd5c-f97b8b0682e4'),
 ('279', 'test', 'request', 'Qf2zYSL2kKvmHRn7ILaQUinqzdE2hkvrael4', 'Charge request started ', NULL, '[]', '2016-07-27 20:44:12', '2016-07-27 20:44:12', '18d85b5e-207d-415f-9fdd-811c7fec6c14'),
 ('280', 'test', 'note', 'Qf2zYSL2kKvmHRn7ILaQUinqzdE2hkvrael4', 'Returned to user with error', NULL, '{\"extra\":{\"errors\":[\"planAmount : Amount cannot be blank.\",\"There was a problem with your details, please check the form and try again\"]}}', '2016-07-27 20:44:12', '2016-07-27 20:44:12', '48cac6d2-2785-4135-8ab5-0c4c5e95cb12'),
 ('281', 'test', 'request', 'c0KFcuImFlhEsFSBUkQXKkti22VsvjZqDyPb', 'Charge request started ', NULL, '[]', '2016-07-27 20:45:02', '2016-07-27 20:45:02', 'bfcdd8e1-c8f3-4857-9180-291fdc0f5204'),
 ('282', 'test', 'note', 'c0KFcuImFlhEsFSBUkQXKkti22VsvjZqDyPb', 'Returned to user with error', NULL, '{\"extra\":{\"errors\":[\"planAmount : Amount cannot be blank.\",\"There was a problem with your details, please check the form and try again\"]}}', '2016-07-27 20:45:02', '2016-07-27 20:45:02', '5b696610-f70d-43ad-8546-b96db974c31b'),
 ('283', 'test', 'request', 'cnfLB5S3pnDRytXGz5yZ4Q1VDu0qwz6cnZiw', 'Charge request started ', NULL, '[]', '2016-07-27 20:45:11', '2016-07-27 20:45:11', 'b8caaf1e-2dc5-4ef3-8dce-3f54e8da7aec'),
 ('284', 'test', 'note', 'cnfLB5S3pnDRytXGz5yZ4Q1VDu0qwz6cnZiw', 'Returned to user with error', NULL, '{\"extra\":{\"errors\":[\"planAmount : Amount cannot be blank.\",\"There was a problem with your details, please check the form and try again\"]}}', '2016-07-27 20:45:11', '2016-07-27 20:45:11', 'f4cdff2c-c481-4cca-8201-a1d2c2237333'),
 ('285', 'test', 'request', '6ZsWq0UA8ULLCJnKjcRmtFfYVGcHiOt6QCNk', 'Charge request started ', NULL, '[]', '2016-07-27 20:45:19', '2016-07-27 20:45:19', 'fcca981b-d7b0-4dc8-ae45-ce0d2f560bbc'),
 ('286', 'test', 'note', '6ZsWq0UA8ULLCJnKjcRmtFfYVGcHiOt6QCNk', 'Returned to user with error', NULL, '{\"extra\":{\"errors\":[\"planAmount : Amount cannot be blank.\",\"There was a problem with your details, please check the form and try again\"]}}', '2016-07-27 20:45:19', '2016-07-27 20:45:19', 'a817d70e-98ce-42b3-9018-58a206fc7ec2'),
 ('287', 'test', 'request', '3O7rZ3dLsl53gOxNpSSsDuk1XEMmgtgbsOzo', 'Charge request started ', NULL, '[]', '2016-07-27 20:46:01', '2016-07-27 20:46:01', 'efa5b590-27e6-41df-b834-4dc256845a57'),
 ('288', 'test', 'note', '3O7rZ3dLsl53gOxNpSSsDuk1XEMmgtgbsOzo', 'Returned to user with error', NULL, '{\"extra\":{\"errors\":[\"planAmount : Amount cannot be blank.\",\"There was a problem with your details, please check the form and try again\"]}}', '2016-07-27 20:46:01', '2016-07-27 20:46:01', '94b3ceb1-27cc-4bce-bdb3-d8f180a6365f'),
 ('289', 'test', 'request', 'fV2eSWK46KwG1KdRHqffoXnEVbWHFcxoWrut', 'Charge request started ', NULL, '[]', '2016-07-27 20:46:23', '2016-07-27 20:46:23', 'e6f1d216-0fbc-43e7-a8af-7260d8e39bff'),
 ('290', 'test', 'note', 'fV2eSWK46KwG1KdRHqffoXnEVbWHFcxoWrut', 'Returned to user with error', NULL, '{\"extra\":{\"errors\":[\"planAmount : Amount cannot be blank.\",\"There was a problem with your details, please check the form and try again\"]}}', '2016-07-27 20:46:23', '2016-07-27 20:46:23', 'd3dc77f2-b73e-419f-98b1-3c253fb9fe0e'),
 ('291', 'test', 'request', 'q7watJIrWtg1Uy1ndXHxMVe3IvrzLHpS93R8', 'Charge request started ', NULL, '[]', '2016-07-27 20:46:33', '2016-07-27 20:46:33', '615ff607-4e1b-4769-8e04-c6a785e4e37d'),
 ('292', 'test', 'note', 'q7watJIrWtg1Uy1ndXHxMVe3IvrzLHpS93R8', 'Returned to user with error', NULL, '{\"extra\":{\"errors\":[\"planAmount : Amount cannot be blank.\",\"There was a problem with your details, please check the form and try again\"]}}', '2016-07-27 20:46:33', '2016-07-27 20:46:33', 'cb15cab6-b757-4a26-ad88-9722a782d1e0'),
 ('293', 'test', 'request', 'tkt62fU0VN6ElE19WFX6UYcWnRANvoryiHYE', 'Charge request started ', NULL, '[]', '2016-07-27 20:47:29', '2016-07-27 20:47:29', '7e81f016-0f66-41ff-8f98-0852f73abfa0'),
 ('294', 'test', 'note', 'tkt62fU0VN6ElE19WFX6UYcWnRANvoryiHYE', 'Returned to user with error', NULL, '{\"extra\":{\"errors\":[\"planAmount : Amount cannot be blank.\",\"There was a problem with your details, please check the form and try again\"]}}', '2016-07-27 20:47:29', '2016-07-27 20:47:29', '37192111-df22-4553-af96-967602d00882'),
 ('295', 'test', 'request', 'MZrpZ6aCIb8dMeZdoJZpYO7BI8H6nIauAVQ3', 'Charge request started ', NULL, '[]', '2016-07-27 20:48:24', '2016-07-27 20:48:24', 'd2d9866f-e58a-400f-b1b0-df79c490b2a5'),
 ('296', 'test', 'note', 'MZrpZ6aCIb8dMeZdoJZpYO7BI8H6nIauAVQ3', 'Returned to user with error', NULL, '{\"extra\":{\"errors\":[\"planAmount : Amount cannot be blank.\",\"There was a problem with your details, please check the form and try again\"]}}', '2016-07-27 20:48:24', '2016-07-27 20:48:24', 'a011d1bf-4472-444c-8a9b-ee07442c2f5a'),
 ('297', 'test', 'request', 'aIrj6y6Lz23hot6gDUMZjT8k1bijEnJd2fiy', 'Charge request started ', NULL, '[]', '2016-07-27 20:48:36', '2016-07-27 20:48:36', 'f683a643-d5dd-4565-96d2-d935a3fb32a9'),
 ('298', 'test', 'api', 'aIrj6y6Lz23hot6gDUMZjT8k1bijEnJd2fiy', 'Found existing customer', NULL, '{\"customer\":{\"id\":\"1\",\"stripeId\":\"cus_8tP9YHp9S0V5Xp\",\"mode\":\"test\",\"userId\":\"1\",\"email\":\"briansbier@gmail.com\",\"name\":\"Brian Bier\",\"stripe\":null,\"dateCreated\":\"2016-07-26 20:39:49\",\"__model__\":\"Craft\\\\Charge_CustomerModel\"}}', '2016-07-27 20:48:36', '2016-07-27 20:48:36', '735dcf99-6fe5-4776-8558-6d3f753fdba7'),
 ('299', 'test', 'success', 'aIrj6y6Lz23hot6gDUMZjT8k1bijEnJd2fiy', 'Charge Successfully Completed', NULL, '{\"charge\":{\"id\":\"206\",\"enabled\":1,\"archived\":0,\"locale\":\"en_us\",\"localeEnabled\":1,\"slug\":\"f67b15134fca36e0ce880ec329626d2d\",\"uri\":\"charge\\/success\\/f67b15134fca36e0ce880ec329626d2d\",\"dateCreated\":\"2016-07-27 20:48:39\",\"dateUpdated\":\"2016-07-27 20:48:39\",\"root\":null,\"lft\":null,\"rgt\":null,\"level\":null,\"searchScore\":null,\"customerId\":\"1\",\"userId\":\"1\",\"type\":\"one-off\",\"mode\":\"test\",\"customerName\":null,\"customerEmail\":\"briansbier@gmail.com\",\"description\":null,\"hash\":\"f67b15134fca36e0ce880ec329626d2d\",\"notes\":null,\"meta\":{\"firstName\":\"Brian\",\"lastName\":\"Bier\",\"phone\":\"\"},\"sourceUrl\":\"donations\",\"timestamp\":\"2016-07-27 20:48:39\",\"cardId\":null,\"cardToken\":\"tok_18byxEKk3seM3VXeNL847gOv\",\"cardName\":null,\"cardAddressLine1\":\"310 west 143st\",\"cardAddressLine2\":null,\"cardAddressCity\":\"New York\",\"cardAddressState\":\"NY\",\"cardAddressZip\":\"10030\",\"cardAddressCountry\":null,\"cardLast4\":\"4242\",\"cardType\":\"Visa\",\"cardExpMonth\":\"7\",\"cardExpYear\":\"2016\",\"planAmount\":\"5\",\"planAmountInCents\":500,\"planCurrency\":\"USD\",\"planInterval\":\"\",\"planIntervalCount\":\"0\",\"planName\":null,\"planDiscount\":null,\"planFullAmount\":null,\"planChoice\":null,\"planOpts\":null,\"hasDiscount\":0,\"coupon\":null,\"planCoupon\":null,\"couponStripeId\":null,\"stripeAccountBalance\":null,\"actions\":null,\"content\":null,\"request\":{\"planAmount\":\"5\",\"planCurrency\":\"USD\",\"planAmountInCents\":500,\"planName\":null,\"planDiscount\":null,\"planFullAmount\":null,\"planChoice\":null,\"planOpts\":null,\"planInterval\":\"\",\"planIntervalCount\":\"0\",\"cardName\":null,\"cardAddressLine1\":\"310 west 143st\",\"cardAddressLine2\":null,\"cardAddressCity\":\"New York\",\"cardAddressState\":\"NY\",\"cardAddressZip\":\"10030\",\"cardAddressCountry\":null,\"cardLast4\":\"4242\",\"cardType\":\"Visa\",\"cardExpMonth\":\"7\",\"cardExpYear\":\"2016\",\"coupon\":null,\"couponStripeId\":null,\"stripeAccountBalance\":null},\"createAccount\":null,\"user\":null,\"__model__\":\"Craft\\\\ChargeModel\"}}', '2016-07-27 20:48:39', '2016-07-27 20:48:39', '3fe30d78-5527-4f3c-b7f2-e70ef0edf0f0'),
 ('300', 'test', 'request', '4uIpLTUbuugg91E6mncymUHUifmLGDm93a2B', 'Charge request started ', NULL, '[]', '2016-07-27 20:49:11', '2016-07-27 20:49:11', 'febe0c32-549b-4f8b-bf6d-dfef2fea45c1');
INSERT INTO `craft_charge_logs` (`id`, `mode`, `level`, `requestKey`, `type`, `source`, `extra`, `dateCreated`, `dateUpdated`, `uid`) VALUES
 ('301', 'test', 'api', '4uIpLTUbuugg91E6mncymUHUifmLGDm93a2B', 'Found existing customer', NULL, '{\"customer\":{\"id\":\"1\",\"stripeId\":\"cus_8tP9YHp9S0V5Xp\",\"mode\":\"test\",\"userId\":\"1\",\"email\":\"briansbier@gmail.com\",\"name\":\"Brian Bier\",\"stripe\":null,\"dateCreated\":\"2016-07-26 20:39:49\",\"__model__\":\"Craft\\\\Charge_CustomerModel\"}}', '2016-07-27 20:49:11', '2016-07-27 20:49:11', '093c43a0-210f-479c-9b24-17239072e80b'),
 ('302', 'test', 'success', '4uIpLTUbuugg91E6mncymUHUifmLGDm93a2B', 'Charge Successfully Completed', NULL, '{\"charge\":{\"id\":\"208\",\"enabled\":1,\"archived\":0,\"locale\":\"en_us\",\"localeEnabled\":1,\"slug\":\"9b5027547299dcd2b423963596a5e999\",\"uri\":\"charge\\/success\\/9b5027547299dcd2b423963596a5e999\",\"dateCreated\":\"2016-07-27 20:49:15\",\"dateUpdated\":\"2016-07-27 20:49:15\",\"root\":null,\"lft\":null,\"rgt\":null,\"level\":null,\"searchScore\":null,\"customerId\":\"1\",\"userId\":\"1\",\"type\":\"one-off\",\"mode\":\"test\",\"customerName\":null,\"customerEmail\":\"briansbier@gmail.com\",\"description\":null,\"hash\":\"9b5027547299dcd2b423963596a5e999\",\"notes\":null,\"meta\":{\"firstName\":\"Brian\",\"lastName\":\"Bier\",\"phone\":\"\"},\"sourceUrl\":\"donations\",\"timestamp\":\"2016-07-27 20:49:15\",\"cardId\":null,\"cardToken\":\"tok_18byxmKk3seM3VXeu9aLsVAI\",\"cardName\":null,\"cardAddressLine1\":\"310 west 143st\",\"cardAddressLine2\":null,\"cardAddressCity\":\"New York\",\"cardAddressState\":\"NY\",\"cardAddressZip\":\"10030\",\"cardAddressCountry\":null,\"cardLast4\":\"4242\",\"cardType\":\"Visa\",\"cardExpMonth\":\"7\",\"cardExpYear\":\"2016\",\"planAmount\":\"5\",\"planAmountInCents\":500,\"planCurrency\":\"USD\",\"planInterval\":null,\"planIntervalCount\":\"0\",\"planName\":null,\"planDiscount\":null,\"planFullAmount\":null,\"planChoice\":null,\"planOpts\":null,\"hasDiscount\":0,\"coupon\":null,\"planCoupon\":null,\"couponStripeId\":null,\"stripeAccountBalance\":null,\"actions\":null,\"content\":null,\"request\":{\"planAmount\":\"5\",\"planCurrency\":\"USD\",\"planAmountInCents\":500,\"planName\":null,\"planDiscount\":null,\"planFullAmount\":null,\"planChoice\":null,\"planOpts\":null,\"planInterval\":null,\"planIntervalCount\":\"0\",\"cardName\":null,\"cardAddressLine1\":\"310 west 143st\",\"cardAddressLine2\":null,\"cardAddressCity\":\"New York\",\"cardAddressState\":\"NY\",\"cardAddressZip\":\"10030\",\"cardAddressCountry\":null,\"cardLast4\":\"4242\",\"cardType\":\"Visa\",\"cardExpMonth\":\"7\",\"cardExpYear\":\"2016\",\"coupon\":null,\"couponStripeId\":null,\"stripeAccountBalance\":null},\"createAccount\":null,\"user\":null,\"__model__\":\"Craft\\\\ChargeModel\"}}', '2016-07-27 20:49:15', '2016-07-27 20:49:15', 'a48a0b03-06d6-4e25-8bff-26b81b993571'),
 ('303', 'test', 'request', 'GX9yi8OzwKUuAbqK0tFWr58JV850AkXXYwNt', 'Charge request started ', NULL, '[]', '2016-07-27 20:50:14', '2016-07-27 20:50:14', '398e54a3-70b8-48c5-bc34-3c7f1e7236aa'),
 ('304', 'test', 'api', 'GX9yi8OzwKUuAbqK0tFWr58JV850AkXXYwNt', 'Found existing customer', NULL, '{\"customer\":{\"id\":\"1\",\"stripeId\":\"cus_8tP9YHp9S0V5Xp\",\"mode\":\"test\",\"userId\":\"1\",\"email\":\"briansbier@gmail.com\",\"name\":\"Brian Bier\",\"stripe\":null,\"dateCreated\":\"2016-07-26 20:39:49\",\"__model__\":\"Craft\\\\Charge_CustomerModel\"}}', '2016-07-27 20:50:14', '2016-07-27 20:50:14', '478afa34-3705-40da-b087-b4f755388a2f'),
 ('305', 'test', 'success', 'GX9yi8OzwKUuAbqK0tFWr58JV850AkXXYwNt', 'Charge Successfully Completed', NULL, '{\"charge\":{\"id\":\"210\",\"enabled\":1,\"archived\":0,\"locale\":\"en_us\",\"localeEnabled\":1,\"slug\":\"44e08ec709b128461b42ce659b692d1a\",\"uri\":\"charge\\/success\\/44e08ec709b128461b42ce659b692d1a\",\"dateCreated\":\"2016-07-27 20:50:17\",\"dateUpdated\":\"2016-07-27 20:50:17\",\"root\":null,\"lft\":null,\"rgt\":null,\"level\":null,\"searchScore\":null,\"customerId\":\"1\",\"userId\":\"1\",\"type\":\"one-off\",\"mode\":\"test\",\"customerName\":null,\"customerEmail\":\"briansbier@gmail.com\",\"description\":null,\"hash\":\"44e08ec709b128461b42ce659b692d1a\",\"notes\":null,\"meta\":{\"firstName\":\"Brian\",\"lastName\":\"Bier\",\"phone\":\"\"},\"sourceUrl\":\"donations\",\"timestamp\":\"2016-07-27 20:50:17\",\"cardId\":null,\"cardToken\":\"tok_18byyoKk3seM3VXeSjlUYtIO\",\"cardName\":null,\"cardAddressLine1\":\"310 west 143st\",\"cardAddressLine2\":null,\"cardAddressCity\":\"New York\",\"cardAddressState\":\"NY\",\"cardAddressZip\":\"10030\",\"cardAddressCountry\":null,\"cardLast4\":\"4242\",\"cardType\":\"Visa\",\"cardExpMonth\":\"7\",\"cardExpYear\":\"2016\",\"planAmount\":\"50\",\"planAmountInCents\":5000,\"planCurrency\":\"USD\",\"planInterval\":null,\"planIntervalCount\":null,\"planName\":null,\"planDiscount\":null,\"planFullAmount\":null,\"planChoice\":null,\"planOpts\":null,\"hasDiscount\":0,\"coupon\":null,\"planCoupon\":null,\"couponStripeId\":null,\"stripeAccountBalance\":null,\"actions\":null,\"content\":null,\"request\":{\"planAmount\":\"50\",\"planCurrency\":\"USD\",\"planAmountInCents\":5000,\"planName\":null,\"planDiscount\":null,\"planFullAmount\":null,\"planChoice\":null,\"planOpts\":null,\"planInterval\":null,\"planIntervalCount\":null,\"cardName\":null,\"cardAddressLine1\":\"310 west 143st\",\"cardAddressLine2\":null,\"cardAddressCity\":\"New York\",\"cardAddressState\":\"NY\",\"cardAddressZip\":\"10030\",\"cardAddressCountry\":null,\"cardLast4\":\"4242\",\"cardType\":\"Visa\",\"cardExpMonth\":\"7\",\"cardExpYear\":\"2016\",\"coupon\":null,\"couponStripeId\":null,\"stripeAccountBalance\":null},\"createAccount\":null,\"user\":null,\"__model__\":\"Craft\\\\ChargeModel\"}}', '2016-07-27 20:50:17', '2016-07-27 20:50:17', '5a9de3e8-6d00-41a9-9fd1-7e0e33d6ce93'),
 ('306', 'test', 'request', '7jMGSpVJF7OMKz9zqP0zRBzWK0AD3vpPvqgP', 'Charge request started ', NULL, '[]', '2016-07-27 20:52:56', '2016-07-27 20:52:56', 'b06dfd71-0206-49f9-b476-5c29d6dbbca8'),
 ('307', 'test', 'note', '7jMGSpVJF7OMKz9zqP0zRBzWK0AD3vpPvqgP', 'Returned to user with error', NULL, '{\"extra\":{\"errors\":[\"customerEmail : Email cannot be blank.\",\"There was a problem with your details, please check the form and try again\"]}}', '2016-07-27 20:52:56', '2016-07-27 20:52:56', '60e982f0-3a2c-4f26-8447-a442f5eacb27'),
 ('308', 'test', 'request', 'KLTCeUzYIH5LVzTXGH4YRFcHQyqK5MxI4WN7', 'Charge request started ', NULL, '[]', '2016-07-27 20:53:01', '2016-07-27 20:53:01', 'c30b030a-4c06-4e35-9c3b-ef98497e34e5'),
 ('309', 'test', 'api', 'KLTCeUzYIH5LVzTXGH4YRFcHQyqK5MxI4WN7', 'Found existing customer', NULL, '{\"customer\":{\"id\":\"1\",\"stripeId\":\"cus_8tP9YHp9S0V5Xp\",\"mode\":\"test\",\"userId\":\"1\",\"email\":\"briansbier@gmail.com\",\"name\":\"Brian Bier\",\"stripe\":null,\"dateCreated\":\"2016-07-26 20:39:49\",\"__model__\":\"Craft\\\\Charge_CustomerModel\"}}', '2016-07-27 20:53:01', '2016-07-27 20:53:01', '6231ff0a-702f-439f-987f-4b789fa44837'),
 ('310', 'test', 'success', 'KLTCeUzYIH5LVzTXGH4YRFcHQyqK5MxI4WN7', 'Charge Successfully Completed', NULL, '{\"charge\":{\"id\":\"212\",\"enabled\":1,\"archived\":0,\"locale\":\"en_us\",\"localeEnabled\":1,\"slug\":\"6f1572d125d321c7752ddf6806f7f4d2\",\"uri\":\"charge\\/success\\/6f1572d125d321c7752ddf6806f7f4d2\",\"dateCreated\":\"2016-07-27 20:53:05\",\"dateUpdated\":\"2016-07-27 20:53:05\",\"root\":null,\"lft\":null,\"rgt\":null,\"level\":null,\"searchScore\":null,\"customerId\":\"1\",\"userId\":\"1\",\"type\":\"one-off\",\"mode\":\"test\",\"customerName\":null,\"customerEmail\":\"briansbier@gmail.com\",\"description\":null,\"hash\":\"6f1572d125d321c7752ddf6806f7f4d2\",\"notes\":null,\"meta\":{\"firstName\":\"Brian\",\"lastName\":\"Bier\",\"phone\":\"\"},\"sourceUrl\":\"donations\",\"timestamp\":\"2016-07-27 20:53:05\",\"cardId\":null,\"cardToken\":\"tok_18bz1PKk3seM3VXeolclnghp\",\"cardName\":null,\"cardAddressLine1\":\"310 west 143st\",\"cardAddressLine2\":null,\"cardAddressCity\":\"New York\",\"cardAddressState\":\"NY\",\"cardAddressZip\":\"10030\",\"cardAddressCountry\":null,\"cardLast4\":\"4242\",\"cardType\":\"Visa\",\"cardExpMonth\":null,\"cardExpYear\":null,\"planAmount\":\"5\",\"planAmountInCents\":500,\"planCurrency\":\"USD\",\"planInterval\":null,\"planIntervalCount\":null,\"planName\":null,\"planDiscount\":null,\"planFullAmount\":null,\"planChoice\":null,\"planOpts\":null,\"hasDiscount\":0,\"coupon\":null,\"planCoupon\":null,\"couponStripeId\":null,\"stripeAccountBalance\":null,\"actions\":null,\"content\":null,\"request\":{\"planAmount\":\"5\",\"planCurrency\":\"USD\",\"planAmountInCents\":500,\"planName\":null,\"planDiscount\":null,\"planFullAmount\":null,\"planChoice\":null,\"planOpts\":null,\"planInterval\":null,\"planIntervalCount\":null,\"cardName\":null,\"cardAddressLine1\":\"310 west 143st\",\"cardAddressLine2\":null,\"cardAddressCity\":\"New York\",\"cardAddressState\":\"NY\",\"cardAddressZip\":\"10030\",\"cardAddressCountry\":null,\"cardLast4\":\"4242\",\"cardType\":\"Visa\",\"cardExpMonth\":null,\"cardExpYear\":null,\"coupon\":null,\"couponStripeId\":null,\"stripeAccountBalance\":null},\"createAccount\":null,\"user\":null,\"__model__\":\"Craft\\\\ChargeModel\"}}', '2016-07-27 20:53:05', '2016-07-27 20:53:05', '778244d9-4e87-4ba0-9e3c-0ccc480d6888'),
 ('311', 'test', 'request', 'SdfoZMSFfg1Ath8XixB6QScmPaNoXQDU1SOW', 'Charge request started ', NULL, '[]', '2016-07-27 20:54:25', '2016-07-27 20:54:25', '1787ba34-765e-4bda-9c67-fce3dd5cb597'),
 ('312', 'test', 'api', 'SdfoZMSFfg1Ath8XixB6QScmPaNoXQDU1SOW', 'Found existing customer', NULL, '{\"customer\":{\"id\":\"1\",\"stripeId\":\"cus_8tP9YHp9S0V5Xp\",\"mode\":\"test\",\"userId\":\"1\",\"email\":\"briansbier@gmail.com\",\"name\":\"Brian Bier\",\"stripe\":null,\"dateCreated\":\"2016-07-26 20:39:49\",\"__model__\":\"Craft\\\\Charge_CustomerModel\"}}', '2016-07-27 20:54:25', '2016-07-27 20:54:25', '01004aec-84dd-4a19-a8eb-bb6fbb03c56c'),
 ('313', 'test', 'success', 'SdfoZMSFfg1Ath8XixB6QScmPaNoXQDU1SOW', 'Charge Successfully Completed', NULL, '{\"charge\":{\"id\":\"214\",\"enabled\":1,\"archived\":0,\"locale\":\"en_us\",\"localeEnabled\":1,\"slug\":\"447c3329b97133dde64de863c8554123\",\"uri\":\"charge\\/success\\/447c3329b97133dde64de863c8554123\",\"dateCreated\":\"2016-07-27 20:54:28\",\"dateUpdated\":\"2016-07-27 20:54:28\",\"root\":null,\"lft\":null,\"rgt\":null,\"level\":null,\"searchScore\":null,\"customerId\":\"1\",\"userId\":\"1\",\"type\":\"one-off\",\"mode\":\"test\",\"customerName\":null,\"customerEmail\":\"briansbier@gmail.com\",\"description\":null,\"hash\":\"447c3329b97133dde64de863c8554123\",\"notes\":null,\"meta\":{\"firstName\":\"Brian\",\"lastName\":\"Bier\",\"phone\":\"\"},\"sourceUrl\":\"donations\",\"timestamp\":\"2016-07-27 20:54:28\",\"cardId\":null,\"cardToken\":\"tok_18bz2rKk3seM3VXedmC92Ka1\",\"cardName\":null,\"cardAddressLine1\":\"310 west 143st\",\"cardAddressLine2\":null,\"cardAddressCity\":\"4242 4242 4242 4242\",\"cardAddressState\":\"NY\",\"cardAddressZip\":\"10030\",\"cardAddressCountry\":null,\"cardLast4\":\"4242\",\"cardType\":\"Visa\",\"cardExpMonth\":\"7\",\"cardExpYear\":\"2016\",\"planAmount\":\"5\",\"planAmountInCents\":500,\"planCurrency\":\"USD\",\"planInterval\":null,\"planIntervalCount\":null,\"planName\":null,\"planDiscount\":null,\"planFullAmount\":null,\"planChoice\":null,\"planOpts\":null,\"hasDiscount\":0,\"coupon\":null,\"planCoupon\":null,\"couponStripeId\":null,\"stripeAccountBalance\":null,\"actions\":null,\"content\":null,\"request\":{\"planAmount\":\"5\",\"planCurrency\":\"USD\",\"planAmountInCents\":500,\"planName\":null,\"planDiscount\":null,\"planFullAmount\":null,\"planChoice\":null,\"planOpts\":null,\"planInterval\":null,\"planIntervalCount\":null,\"cardName\":null,\"cardAddressLine1\":\"310 west 143st\",\"cardAddressLine2\":null,\"cardAddressCity\":\"4242 4242 4242 4242\",\"cardAddressState\":\"NY\",\"cardAddressZip\":\"10030\",\"cardAddressCountry\":null,\"cardLast4\":\"4242\",\"cardType\":\"Visa\",\"cardExpMonth\":\"7\",\"cardExpYear\":\"2016\",\"coupon\":null,\"couponStripeId\":null,\"stripeAccountBalance\":null},\"createAccount\":null,\"user\":null,\"__model__\":\"Craft\\\\ChargeModel\"}}', '2016-07-27 20:54:28', '2016-07-27 20:54:28', 'd2b96233-a233-4d4a-b1f6-a437287247ed'),
 ('314', 'test', 'request', '7rQazfCWEggButbAx3f5jA59tidXPFs0yUsN', 'Charge request started ', NULL, '[]', '2016-07-27 20:55:12', '2016-07-27 20:55:12', '6b5cb4a4-8a40-430f-9954-b4908ca50890'),
 ('315', 'test', 'api', '7rQazfCWEggButbAx3f5jA59tidXPFs0yUsN', 'Found existing customer', NULL, '{\"customer\":{\"id\":\"1\",\"stripeId\":\"cus_8tP9YHp9S0V5Xp\",\"mode\":\"test\",\"userId\":\"1\",\"email\":\"briansbier@gmail.com\",\"name\":\"Brian Bier\",\"stripe\":null,\"dateCreated\":\"2016-07-26 20:39:49\",\"__model__\":\"Craft\\\\Charge_CustomerModel\"}}', '2016-07-27 20:55:12', '2016-07-27 20:55:12', '6d45c03f-941d-4b36-842f-1bd00f8a303f'),
 ('316', 'test', 'success', '7rQazfCWEggButbAx3f5jA59tidXPFs0yUsN', 'Charge Successfully Completed', NULL, '{\"charge\":{\"id\":\"216\",\"enabled\":1,\"archived\":0,\"locale\":\"en_us\",\"localeEnabled\":1,\"slug\":\"27b26d6374808399274a533d54fb3d7f\",\"uri\":\"charge\\/success\\/27b26d6374808399274a533d54fb3d7f\",\"dateCreated\":\"2016-07-27 20:55:15\",\"dateUpdated\":\"2016-07-27 20:55:15\",\"root\":null,\"lft\":null,\"rgt\":null,\"level\":null,\"searchScore\":null,\"customerId\":\"1\",\"userId\":\"1\",\"type\":\"one-off\",\"mode\":\"test\",\"customerName\":null,\"customerEmail\":\"briansbier@gmail.com\",\"description\":null,\"hash\":\"27b26d6374808399274a533d54fb3d7f\",\"notes\":null,\"meta\":{\"firstName\":\"Brian\",\"lastName\":\"Bier\",\"phone\":\"\"},\"sourceUrl\":\"donations\",\"timestamp\":\"2016-07-27 20:55:15\",\"cardId\":null,\"cardToken\":\"tok_18bz3cKk3seM3VXeuGnxcfuY\",\"cardName\":null,\"cardAddressLine1\":\"310 west 143st\",\"cardAddressLine2\":null,\"cardAddressCity\":\"4242 4242 4242 4242\",\"cardAddressState\":\"NY\",\"cardAddressZip\":\"10030\",\"cardAddressCountry\":null,\"cardLast4\":\"4242\",\"cardType\":\"Visa\",\"cardExpMonth\":\"7\",\"cardExpYear\":\"2016\",\"planAmount\":\"50\",\"planAmountInCents\":5000,\"planCurrency\":\"USD\",\"planInterval\":null,\"planIntervalCount\":null,\"planName\":null,\"planDiscount\":null,\"planFullAmount\":null,\"planChoice\":null,\"planOpts\":null,\"hasDiscount\":0,\"coupon\":null,\"planCoupon\":null,\"couponStripeId\":null,\"stripeAccountBalance\":null,\"actions\":null,\"content\":null,\"request\":{\"planAmount\":\"50\",\"planCurrency\":\"USD\",\"planAmountInCents\":5000,\"planName\":null,\"planDiscount\":null,\"planFullAmount\":null,\"planChoice\":null,\"planOpts\":null,\"planInterval\":null,\"planIntervalCount\":null,\"cardName\":null,\"cardAddressLine1\":\"310 west 143st\",\"cardAddressLine2\":null,\"cardAddressCity\":\"4242 4242 4242 4242\",\"cardAddressState\":\"NY\",\"cardAddressZip\":\"10030\",\"cardAddressCountry\":null,\"cardLast4\":\"4242\",\"cardType\":\"Visa\",\"cardExpMonth\":\"7\",\"cardExpYear\":\"2016\",\"coupon\":null,\"couponStripeId\":null,\"stripeAccountBalance\":null},\"createAccount\":null,\"user\":null,\"__model__\":\"Craft\\\\ChargeModel\"}}', '2016-07-27 20:55:15', '2016-07-27 20:55:15', '56e10a72-b687-472f-9131-7ca9aeb3fbd8'),
 ('317', 'test', 'request', 'r6sfyTvTyPGF6Tu7n5Eho3cJofVdgCM8RVs2', 'Charge request started ', NULL, '[]', '2016-07-27 20:56:14', '2016-07-27 20:56:14', 'dc895590-8b2d-456f-a3e2-fddec296e094'),
 ('318', 'test', 'api', 'r6sfyTvTyPGF6Tu7n5Eho3cJofVdgCM8RVs2', 'Found existing customer', NULL, '{\"customer\":{\"id\":\"1\",\"stripeId\":\"cus_8tP9YHp9S0V5Xp\",\"mode\":\"test\",\"userId\":\"1\",\"email\":\"briansbier@gmail.com\",\"name\":\"Brian Bier\",\"stripe\":null,\"dateCreated\":\"2016-07-26 20:39:49\",\"__model__\":\"Craft\\\\Charge_CustomerModel\"}}', '2016-07-27 20:56:14', '2016-07-27 20:56:14', '847c1870-82c8-4bdb-901f-a41c18899aa5'),
 ('319', 'test', 'success', 'r6sfyTvTyPGF6Tu7n5Eho3cJofVdgCM8RVs2', 'Charge Successfully Completed', NULL, '{\"charge\":{\"id\":\"218\",\"enabled\":1,\"archived\":0,\"locale\":\"en_us\",\"localeEnabled\":1,\"slug\":\"3279ec86e9c9c874f1688207c8c3a10a\",\"uri\":\"charge\\/success\\/3279ec86e9c9c874f1688207c8c3a10a\",\"dateCreated\":\"2016-07-27 20:56:17\",\"dateUpdated\":\"2016-07-27 20:56:17\",\"root\":null,\"lft\":null,\"rgt\":null,\"level\":null,\"searchScore\":null,\"customerId\":\"1\",\"userId\":\"1\",\"type\":\"one-off\",\"mode\":\"test\",\"customerName\":null,\"customerEmail\":\"briansbier@gmail.com\",\"description\":null,\"hash\":\"3279ec86e9c9c874f1688207c8c3a10a\",\"notes\":null,\"meta\":{\"firstName\":\"Brian\",\"lastName\":\"Bier\",\"phone\":\"\"},\"sourceUrl\":\"donations\",\"timestamp\":\"2016-07-27 20:56:17\",\"cardId\":null,\"cardToken\":\"tok_18bz4cKk3seM3VXe3nTinYCu\",\"cardName\":null,\"cardAddressLine1\":\"310 west 143st\",\"cardAddressLine2\":null,\"cardAddressCity\":\"4242 4242 4242 4242\",\"cardAddressState\":\"NY\",\"cardAddressZip\":\"10030\",\"cardAddressCountry\":null,\"cardLast4\":\"4242\",\"cardType\":\"Visa\",\"cardExpMonth\":\"7\",\"cardExpYear\":\"2016\",\"planAmount\":\"10\",\"planAmountInCents\":1000,\"planCurrency\":\"USD\",\"planInterval\":null,\"planIntervalCount\":null,\"planName\":null,\"planDiscount\":null,\"planFullAmount\":null,\"planChoice\":null,\"planOpts\":null,\"hasDiscount\":0,\"coupon\":null,\"planCoupon\":null,\"couponStripeId\":null,\"stripeAccountBalance\":null,\"actions\":null,\"content\":null,\"request\":{\"planAmount\":\"10\",\"planCurrency\":\"USD\",\"planAmountInCents\":1000,\"planName\":null,\"planDiscount\":null,\"planFullAmount\":null,\"planChoice\":null,\"planOpts\":null,\"planInterval\":null,\"planIntervalCount\":null,\"cardName\":null,\"cardAddressLine1\":\"310 west 143st\",\"cardAddressLine2\":null,\"cardAddressCity\":\"4242 4242 4242 4242\",\"cardAddressState\":\"NY\",\"cardAddressZip\":\"10030\",\"cardAddressCountry\":null,\"cardLast4\":\"4242\",\"cardType\":\"Visa\",\"cardExpMonth\":\"7\",\"cardExpYear\":\"2016\",\"coupon\":null,\"couponStripeId\":null,\"stripeAccountBalance\":null},\"createAccount\":null,\"user\":null,\"__model__\":\"Craft\\\\ChargeModel\"}}', '2016-07-27 20:56:17', '2016-07-27 20:56:17', '36ff9835-8350-4898-ae05-454a9aa626e0'),
 ('320', 'test', 'request', 'UHSLrEbTRamfPIunteFeU1owlxFp4cvItbJ4', 'Charge request started ', NULL, '[]', '2016-07-27 20:58:52', '2016-07-27 20:58:52', '02b6e5a8-7a2e-4472-81b0-c636440c4d32'),
 ('321', 'test', 'api', 'UHSLrEbTRamfPIunteFeU1owlxFp4cvItbJ4', 'Found existing customer', NULL, '{\"customer\":{\"id\":\"1\",\"stripeId\":\"cus_8tP9YHp9S0V5Xp\",\"mode\":\"test\",\"userId\":\"1\",\"email\":\"briansbier@gmail.com\",\"name\":\"Brian Bier\",\"stripe\":null,\"dateCreated\":\"2016-07-26 20:39:49\",\"__model__\":\"Craft\\\\Charge_CustomerModel\"}}', '2016-07-27 20:58:52', '2016-07-27 20:58:52', '1bcede64-6ca8-4acf-8bba-1a430af74d20'),
 ('322', 'test', 'success', 'UHSLrEbTRamfPIunteFeU1owlxFp4cvItbJ4', 'Charge Successfully Completed', NULL, '{\"charge\":{\"id\":\"220\",\"enabled\":1,\"archived\":0,\"locale\":\"en_us\",\"localeEnabled\":1,\"slug\":\"5999d16fee95eb2cb30b9756f325bae6\",\"uri\":\"charge\\/success\\/5999d16fee95eb2cb30b9756f325bae6\",\"dateCreated\":\"2016-07-27 20:58:55\",\"dateUpdated\":\"2016-07-27 20:58:55\",\"root\":null,\"lft\":null,\"rgt\":null,\"level\":null,\"searchScore\":null,\"customerId\":\"1\",\"userId\":\"1\",\"type\":\"one-off\",\"mode\":\"test\",\"customerName\":null,\"customerEmail\":\"briansbier@gmail.com\",\"description\":null,\"hash\":\"5999d16fee95eb2cb30b9756f325bae6\",\"notes\":null,\"meta\":{\"firstName\":\"Brian\",\"lastName\":\"Bier\",\"phone\":\"\"},\"sourceUrl\":\"donations\\/payment\",\"timestamp\":\"2016-07-27 20:58:55\",\"cardId\":null,\"cardToken\":\"tok_18bz7AKk3seM3VXeR8wVfKty\",\"cardName\":null,\"cardAddressLine1\":\"310 west 143st\",\"cardAddressLine2\":null,\"cardAddressCity\":\"4242 4242 4242 4242\",\"cardAddressState\":\"NY\",\"cardAddressZip\":\"10030\",\"cardAddressCountry\":null,\"cardLast4\":\"4242\",\"cardType\":\"Visa\",\"cardExpMonth\":\"7\",\"cardExpYear\":\"2016\",\"planAmount\":\"12\",\"planAmountInCents\":1200,\"planCurrency\":\"USD\",\"planInterval\":\"\",\"planIntervalCount\":null,\"planName\":null,\"planDiscount\":null,\"planFullAmount\":null,\"planChoice\":null,\"planOpts\":null,\"hasDiscount\":0,\"coupon\":null,\"planCoupon\":null,\"couponStripeId\":null,\"stripeAccountBalance\":null,\"actions\":null,\"content\":null,\"request\":{\"planAmount\":\"12\",\"planCurrency\":\"USD\",\"planAmountInCents\":1200,\"planName\":null,\"planDiscount\":null,\"planFullAmount\":null,\"planChoice\":null,\"planOpts\":null,\"planInterval\":\"\",\"planIntervalCount\":null,\"cardName\":null,\"cardAddressLine1\":\"310 west 143st\",\"cardAddressLine2\":null,\"cardAddressCity\":\"4242 4242 4242 4242\",\"cardAddressState\":\"NY\",\"cardAddressZip\":\"10030\",\"cardAddressCountry\":null,\"cardLast4\":\"4242\",\"cardType\":\"Visa\",\"cardExpMonth\":\"7\",\"cardExpYear\":\"2016\",\"coupon\":null,\"couponStripeId\":null,\"stripeAccountBalance\":null},\"createAccount\":null,\"user\":null,\"__model__\":\"Craft\\\\ChargeModel\"}}', '2016-07-27 20:58:55', '2016-07-27 20:58:55', 'c8db6dc3-5de8-4edb-8832-d76ba332ee25'),
 ('323', 'test', 'request', 'UUhYuEk7HDVoNGRftsB1zytErj6oh9msURsm', 'Charge request started ', NULL, '[]', '2016-07-27 21:00:11', '2016-07-27 21:00:11', 'b483ce9c-65b6-4ed5-a1eb-47517162e801'),
 ('324', 'test', 'api', 'UUhYuEk7HDVoNGRftsB1zytErj6oh9msURsm', 'Found existing customer', NULL, '{\"customer\":{\"id\":\"1\",\"stripeId\":\"cus_8tP9YHp9S0V5Xp\",\"mode\":\"test\",\"userId\":\"1\",\"email\":\"briansbier@gmail.com\",\"name\":\"Brian Bier\",\"stripe\":null,\"dateCreated\":\"2016-07-26 20:39:49\",\"__model__\":\"Craft\\\\Charge_CustomerModel\"}}', '2016-07-27 21:00:11', '2016-07-27 21:00:11', '610982f6-36a7-4b32-909e-f41c6307b137'),
 ('325', 'test', 'success', 'UUhYuEk7HDVoNGRftsB1zytErj6oh9msURsm', 'Charge Successfully Completed', NULL, '{\"charge\":{\"id\":\"222\",\"enabled\":1,\"archived\":0,\"locale\":\"en_us\",\"localeEnabled\":1,\"slug\":\"25fa2d3124b5498bf979c3922771617b\",\"uri\":\"charge\\/success\\/25fa2d3124b5498bf979c3922771617b\",\"dateCreated\":\"2016-07-27 21:00:14\",\"dateUpdated\":\"2016-07-27 21:00:14\",\"root\":null,\"lft\":null,\"rgt\":null,\"level\":null,\"searchScore\":null,\"customerId\":\"1\",\"userId\":\"1\",\"type\":\"one-off\",\"mode\":\"test\",\"customerName\":null,\"customerEmail\":\"briansbier@gmail.com\",\"description\":null,\"hash\":\"25fa2d3124b5498bf979c3922771617b\",\"notes\":null,\"meta\":{\"firstName\":\"Brian\",\"lastName\":\"Bier\",\"phone\":\"\"},\"sourceUrl\":\"donations\\/payment\",\"timestamp\":\"2016-07-27 21:00:14\",\"cardId\":null,\"cardToken\":\"tok_18bz8RKk3seM3VXepnzd3Bxt\",\"cardName\":null,\"cardAddressLine1\":\"310 west 143st\",\"cardAddressLine2\":null,\"cardAddressCity\":\"4242 4242 4242 4242\",\"cardAddressState\":\"NY\",\"cardAddressZip\":\"10030\",\"cardAddressCountry\":null,\"cardLast4\":\"4242\",\"cardType\":\"Visa\",\"cardExpMonth\":\"7\",\"cardExpYear\":\"2016\",\"planAmount\":\"10\",\"planAmountInCents\":1000,\"planCurrency\":\"USD\",\"planInterval\":\"year\",\"planIntervalCount\":null,\"planName\":null,\"planDiscount\":null,\"planFullAmount\":null,\"planChoice\":null,\"planOpts\":null,\"hasDiscount\":0,\"coupon\":null,\"planCoupon\":null,\"couponStripeId\":null,\"stripeAccountBalance\":null,\"actions\":null,\"content\":null,\"request\":{\"planAmount\":\"10\",\"planCurrency\":\"USD\",\"planAmountInCents\":1000,\"planName\":null,\"planDiscount\":null,\"planFullAmount\":null,\"planChoice\":null,\"planOpts\":null,\"planInterval\":\"year\",\"planIntervalCount\":null,\"cardName\":null,\"cardAddressLine1\":\"310 west 143st\",\"cardAddressLine2\":null,\"cardAddressCity\":\"4242 4242 4242 4242\",\"cardAddressState\":\"NY\",\"cardAddressZip\":\"10030\",\"cardAddressCountry\":null,\"cardLast4\":\"4242\",\"cardType\":\"Visa\",\"cardExpMonth\":\"7\",\"cardExpYear\":\"2016\",\"coupon\":null,\"couponStripeId\":null,\"stripeAccountBalance\":null},\"createAccount\":null,\"user\":null,\"__model__\":\"Craft\\\\ChargeModel\"}}', '2016-07-27 21:00:14', '2016-07-27 21:00:14', '38333a53-da79-43a5-b003-e313dc862490'),
 ('326', 'test', 'request', 'lxkfFspz2MVfv7LKT5jLvfzSn7pInSIbDIuo', 'Charge request started ', NULL, '[]', '2016-07-27 21:01:51', '2016-07-27 21:01:51', '81fdad62-4e32-4094-8162-3632dd476ac8'),
 ('327', 'test', 'api', 'lxkfFspz2MVfv7LKT5jLvfzSn7pInSIbDIuo', 'Found existing customer', NULL, '{\"customer\":{\"id\":\"1\",\"stripeId\":\"cus_8tP9YHp9S0V5Xp\",\"mode\":\"test\",\"userId\":\"1\",\"email\":\"briansbier@gmail.com\",\"name\":\"Brian Bier\",\"stripe\":null,\"dateCreated\":\"2016-07-26 20:39:49\",\"__model__\":\"Craft\\\\Charge_CustomerModel\"}}', '2016-07-27 21:01:51', '2016-07-27 21:01:51', 'e6479f1a-61f1-4578-9f17-644db9bfd92a'),
 ('328', 'test', 'success', 'lxkfFspz2MVfv7LKT5jLvfzSn7pInSIbDIuo', 'Charge Successfully Completed', NULL, '{\"charge\":{\"id\":\"224\",\"enabled\":1,\"archived\":0,\"locale\":\"en_us\",\"localeEnabled\":1,\"slug\":\"47e0cc045999f9227aab22ab382337a4\",\"uri\":\"charge\\/success\\/47e0cc045999f9227aab22ab382337a4\",\"dateCreated\":\"2016-07-27 21:01:55\",\"dateUpdated\":\"2016-07-27 21:01:55\",\"root\":null,\"lft\":null,\"rgt\":null,\"level\":null,\"searchScore\":null,\"customerId\":\"1\",\"userId\":\"1\",\"type\":\"one-off\",\"mode\":\"test\",\"customerName\":null,\"customerEmail\":\"briansbier@gmail.com\",\"description\":null,\"hash\":\"47e0cc045999f9227aab22ab382337a4\",\"notes\":null,\"meta\":{\"firstName\":\"Brian\",\"lastName\":\"Bier\",\"phone\":\"\"},\"sourceUrl\":\"donations\\/payment\",\"timestamp\":\"2016-07-27 21:01:55\",\"cardId\":null,\"cardToken\":\"tok_18bzA3Kk3seM3VXec4BKfCqS\",\"cardName\":null,\"cardAddressLine1\":\"310 west 143st\",\"cardAddressLine2\":null,\"cardAddressCity\":\"4242 4242 4242 4242\",\"cardAddressState\":\"NY\",\"cardAddressZip\":\"10030\",\"cardAddressCountry\":null,\"cardLast4\":\"4242\",\"cardType\":\"Visa\",\"cardExpMonth\":\"7\",\"cardExpYear\":\"2016\",\"planAmount\":\"60\",\"planAmountInCents\":6000,\"planCurrency\":\"USD\",\"planInterval\":\"\",\"planIntervalCount\":null,\"planName\":null,\"planDiscount\":null,\"planFullAmount\":null,\"planChoice\":null,\"planOpts\":null,\"hasDiscount\":0,\"coupon\":null,\"planCoupon\":null,\"couponStripeId\":null,\"stripeAccountBalance\":null,\"actions\":null,\"content\":null,\"request\":{\"planAmount\":\"60\",\"planCurrency\":\"USD\",\"planAmountInCents\":6000,\"planName\":null,\"planDiscount\":null,\"planFullAmount\":null,\"planChoice\":null,\"planOpts\":null,\"planInterval\":\"\",\"planIntervalCount\":null,\"cardName\":null,\"cardAddressLine1\":\"310 west 143st\",\"cardAddressLine2\":null,\"cardAddressCity\":\"4242 4242 4242 4242\",\"cardAddressState\":\"NY\",\"cardAddressZip\":\"10030\",\"cardAddressCountry\":null,\"cardLast4\":\"4242\",\"cardType\":\"Visa\",\"cardExpMonth\":\"7\",\"cardExpYear\":\"2016\",\"coupon\":null,\"couponStripeId\":null,\"stripeAccountBalance\":null},\"createAccount\":null,\"user\":null,\"__model__\":\"Craft\\\\ChargeModel\"}}', '2016-07-27 21:01:55', '2016-07-27 21:01:55', '460db824-a3f7-47e8-9a91-65b235460780'),
 ('329', 'test', 'request', 'qel10tTYyJ58ZXY9P0I2fO3htd5Kft2Pb8pt', 'Charge request started ', NULL, '[]', '2016-07-27 21:02:25', '2016-07-27 21:02:25', 'd49cb3ce-bc85-456a-a0cc-057d4bc39115'),
 ('330', 'test', 'api', 'qel10tTYyJ58ZXY9P0I2fO3htd5Kft2Pb8pt', 'Found existing customer', NULL, '{\"customer\":{\"id\":\"1\",\"stripeId\":\"cus_8tP9YHp9S0V5Xp\",\"mode\":\"test\",\"userId\":\"1\",\"email\":\"briansbier@gmail.com\",\"name\":\"Brian Bier\",\"stripe\":null,\"dateCreated\":\"2016-07-26 20:39:49\",\"__model__\":\"Craft\\\\Charge_CustomerModel\"}}', '2016-07-27 21:02:25', '2016-07-27 21:02:25', 'ee9d2e56-3336-4d21-9d5f-7a578ed34310'),
 ('331', 'test', 'success', 'qel10tTYyJ58ZXY9P0I2fO3htd5Kft2Pb8pt', 'Charge Successfully Completed', NULL, '{\"charge\":{\"id\":\"226\",\"enabled\":1,\"archived\":0,\"locale\":\"en_us\",\"localeEnabled\":1,\"slug\":\"d31a3d4eb35ec8b399f9acb8e97437ee\",\"uri\":\"charge\\/success\\/d31a3d4eb35ec8b399f9acb8e97437ee\",\"dateCreated\":\"2016-07-27 21:02:28\",\"dateUpdated\":\"2016-07-27 21:02:28\",\"root\":null,\"lft\":null,\"rgt\":null,\"level\":null,\"searchScore\":null,\"customerId\":\"1\",\"userId\":\"1\",\"type\":\"one-off\",\"mode\":\"test\",\"customerName\":null,\"customerEmail\":\"briansbier@gmail.com\",\"description\":null,\"hash\":\"d31a3d4eb35ec8b399f9acb8e97437ee\",\"notes\":null,\"meta\":{\"firstName\":\"Brian\",\"lastName\":\"Bier\",\"phone\":\"646-548-3333\"},\"sourceUrl\":\"donations\\/payment\",\"timestamp\":\"2016-07-27 21:02:27\",\"cardId\":null,\"cardToken\":\"tok_18bzAaKk3seM3VXezGgfeAqP\",\"cardName\":null,\"cardAddressLine1\":\"310 west 143st\",\"cardAddressLine2\":null,\"cardAddressCity\":\"4242 4242 4242 4242\",\"cardAddressState\":\"NY\",\"cardAddressZip\":\"10030\",\"cardAddressCountry\":null,\"cardLast4\":\"4242\",\"cardType\":\"Visa\",\"cardExpMonth\":\"7\",\"cardExpYear\":\"2016\",\"planAmount\":\"1000\",\"planAmountInCents\":100000,\"planCurrency\":\"USD\",\"planInterval\":\"\",\"planIntervalCount\":null,\"planName\":null,\"planDiscount\":null,\"planFullAmount\":null,\"planChoice\":null,\"planOpts\":null,\"hasDiscount\":0,\"coupon\":null,\"planCoupon\":null,\"couponStripeId\":null,\"stripeAccountBalance\":null,\"actions\":null,\"content\":null,\"request\":{\"planAmount\":\"1000\",\"planCurrency\":\"USD\",\"planAmountInCents\":100000,\"planName\":null,\"planDiscount\":null,\"planFullAmount\":null,\"planChoice\":null,\"planOpts\":null,\"planInterval\":\"\",\"planIntervalCount\":null,\"cardName\":null,\"cardAddressLine1\":\"310 west 143st\",\"cardAddressLine2\":null,\"cardAddressCity\":\"4242 4242 4242 4242\",\"cardAddressState\":\"NY\",\"cardAddressZip\":\"10030\",\"cardAddressCountry\":null,\"cardLast4\":\"4242\",\"cardType\":\"Visa\",\"cardExpMonth\":\"7\",\"cardExpYear\":\"2016\",\"coupon\":null,\"couponStripeId\":null,\"stripeAccountBalance\":null},\"createAccount\":null,\"user\":null,\"__model__\":\"Craft\\\\ChargeModel\"}}', '2016-07-27 21:02:28', '2016-07-27 21:02:28', '9549dcc7-8041-47ea-8e5b-8c394bf5347a'),
 ('332', 'test', 'request', 'siQ31GVZvV6SG13sAMJ6BjTvDsF7gJWCIC0J', 'Charge request started ', NULL, '[]', '2016-07-27 21:04:13', '2016-07-27 21:04:13', '7fc590dd-2953-427b-9d84-5c04b5079fe9'),
 ('333', 'test', 'exception', 'siQ31GVZvV6SG13sAMJ6BjTvDsF7gJWCIC0J', 'Security Error - Request Stopped. CODE \"Charge 403 PCI keys\"', NULL, '{\"message\":\"Invalid Request, code \\\"Charge 403 PCI keys\\\".   The request included a forbidden input. For PCI compliance card details must never be passed to the server directly, and must first be tokenized via javascript. Please consult the usage documentation for Charge.\",\"invalidKey\":\"cardNumber\"}', '2016-07-27 21:04:13', '2016-07-27 21:04:13', 'c4d2002a-3338-46e1-aa23-d189dc0c2f7c'),
 ('334', 'test', 'request', 'IcXWszzwB4fzxHAt87193MsFvLvmo3UsOUwq', 'Charge request started ', NULL, '[]', '2016-07-27 21:04:26', '2016-07-27 21:04:26', '5719aaad-5090-470f-93c5-7aa21222bb29'),
 ('335', 'test', 'exception', 'IcXWszzwB4fzxHAt87193MsFvLvmo3UsOUwq', 'Security Error - Request Stopped. CODE \"Charge 403 PCI keys\"', NULL, '{\"message\":\"Invalid Request, code \\\"Charge 403 PCI keys\\\".   The request included a forbidden input. For PCI compliance card details must never be passed to the server directly, and must first be tokenized via javascript. Please consult the usage documentation for Charge.\",\"invalidKey\":\"cardNumber\"}', '2016-07-27 21:04:26', '2016-07-27 21:04:26', 'a59e7e24-a7d7-42c8-8662-c569c451525f'),
 ('336', 'test', 'request', 'AK2O20VG14J57LH3T101dx29TwVu9SHo0M0g', 'Charge request started ', NULL, '[]', '2016-07-27 21:05:03', '2016-07-27 21:05:03', '417103b2-7635-44af-a1e8-1612e4e7bbbe'),
 ('337', 'test', 'api', 'AK2O20VG14J57LH3T101dx29TwVu9SHo0M0g', 'Found existing customer', NULL, '{\"customer\":{\"id\":\"1\",\"stripeId\":\"cus_8tP9YHp9S0V5Xp\",\"mode\":\"test\",\"userId\":\"1\",\"email\":\"briansbier@gmail.com\",\"name\":\"Brian Bier\",\"stripe\":null,\"dateCreated\":\"2016-07-26 20:39:49\",\"__model__\":\"Craft\\\\Charge_CustomerModel\"}}', '2016-07-27 21:05:03', '2016-07-27 21:05:03', 'f189daee-1bce-4fad-ab6b-32e8cef95c80'),
 ('338', 'test', 'success', 'AK2O20VG14J57LH3T101dx29TwVu9SHo0M0g', 'Charge Successfully Completed', NULL, '{\"charge\":{\"id\":\"228\",\"enabled\":1,\"archived\":0,\"locale\":\"en_us\",\"localeEnabled\":1,\"slug\":\"2ed75529e74dd7262ea9addc317efcac\",\"uri\":\"charge\\/success\\/2ed75529e74dd7262ea9addc317efcac\",\"dateCreated\":\"2016-07-27 21:05:05\",\"dateUpdated\":\"2016-07-27 21:05:05\",\"root\":null,\"lft\":null,\"rgt\":null,\"level\":null,\"searchScore\":null,\"customerId\":\"1\",\"userId\":\"1\",\"type\":\"one-off\",\"mode\":\"test\",\"customerName\":null,\"customerEmail\":\"briansbier@gmail.com\",\"description\":null,\"hash\":\"2ed75529e74dd7262ea9addc317efcac\",\"notes\":null,\"meta\":{\"firstName\":\"Brian\",\"lastName\":\"Bier\",\"phone\":\"\"},\"sourceUrl\":\"donations\\/payment\",\"timestamp\":\"2016-07-27 21:05:05\",\"cardId\":null,\"cardToken\":\"tok_18bzD8Kk3seM3VXeZPgZoOjI\",\"cardName\":null,\"cardAddressLine1\":\"310 west 143st\",\"cardAddressLine2\":null,\"cardAddressCity\":\"4242 4242 4242 4242\",\"cardAddressState\":\"NY\",\"cardAddressZip\":\"10030\",\"cardAddressCountry\":null,\"cardLast4\":\"4242\",\"cardType\":\"Visa\",\"cardExpMonth\":\"7\",\"cardExpYear\":\"2016\",\"planAmount\":\"12121\",\"planAmountInCents\":1212100,\"planCurrency\":\"USD\",\"planInterval\":\"\",\"planIntervalCount\":null,\"planName\":null,\"planDiscount\":null,\"planFullAmount\":null,\"planChoice\":null,\"planOpts\":null,\"hasDiscount\":0,\"coupon\":null,\"planCoupon\":null,\"couponStripeId\":null,\"stripeAccountBalance\":null,\"actions\":null,\"content\":null,\"request\":{\"planAmount\":\"12121\",\"planCurrency\":\"USD\",\"planAmountInCents\":1212100,\"planName\":null,\"planDiscount\":null,\"planFullAmount\":null,\"planChoice\":null,\"planOpts\":null,\"planInterval\":\"\",\"planIntervalCount\":null,\"cardName\":null,\"cardAddressLine1\":\"310 west 143st\",\"cardAddressLine2\":null,\"cardAddressCity\":\"4242 4242 4242 4242\",\"cardAddressState\":\"NY\",\"cardAddressZip\":\"10030\",\"cardAddressCountry\":null,\"cardLast4\":\"4242\",\"cardType\":\"Visa\",\"cardExpMonth\":\"7\",\"cardExpYear\":\"2016\",\"coupon\":null,\"couponStripeId\":null,\"stripeAccountBalance\":null},\"createAccount\":null,\"user\":null,\"__model__\":\"Craft\\\\ChargeModel\"}}', '2016-07-27 21:05:05', '2016-07-27 21:05:05', 'fb7a6861-b957-45df-8849-976f8e42149e'),
 ('339', 'test', 'request', 'sNRE7fOz3jvCOKQcKa0n7tesW6mOF4t3saE6', 'Charge request started ', NULL, '[]', '2016-07-27 21:06:34', '2016-07-27 21:06:34', 'ed82d096-ffee-4c1f-97dc-e624cdfa0d4a'),
 ('340', 'test', 'api', 'sNRE7fOz3jvCOKQcKa0n7tesW6mOF4t3saE6', 'Found existing customer', NULL, '{\"customer\":{\"id\":\"1\",\"stripeId\":\"cus_8tP9YHp9S0V5Xp\",\"mode\":\"test\",\"userId\":\"1\",\"email\":\"briansbier@gmail.com\",\"name\":\"Brian Bier\",\"stripe\":null,\"dateCreated\":\"2016-07-26 20:39:49\",\"__model__\":\"Craft\\\\Charge_CustomerModel\"}}', '2016-07-27 21:06:34', '2016-07-27 21:06:34', 'f5d3aa0f-b6ee-4411-9d2a-026a8fb5a00b'),
 ('341', 'test', 'success', 'sNRE7fOz3jvCOKQcKa0n7tesW6mOF4t3saE6', 'Charge Successfully Completed', NULL, '{\"charge\":{\"id\":\"230\",\"enabled\":1,\"archived\":0,\"locale\":\"en_us\",\"localeEnabled\":1,\"slug\":\"3a7db39eb8ff7e14b0f1e1d7b9da6ece\",\"uri\":\"charge\\/success\\/3a7db39eb8ff7e14b0f1e1d7b9da6ece\",\"dateCreated\":\"2016-07-27 21:06:37\",\"dateUpdated\":\"2016-07-27 21:06:37\",\"root\":null,\"lft\":null,\"rgt\":null,\"level\":null,\"searchScore\":null,\"customerId\":\"1\",\"userId\":\"1\",\"type\":\"one-off\",\"mode\":\"test\",\"customerName\":null,\"customerEmail\":\"briansbier@gmail.com\",\"description\":null,\"hash\":\"3a7db39eb8ff7e14b0f1e1d7b9da6ece\",\"notes\":null,\"meta\":{\"firstName\":\"Brian\",\"lastName\":\"Bier\",\"phone\":\"\"},\"sourceUrl\":\"donations\\/payment\",\"timestamp\":\"2016-07-27 21:06:37\",\"cardId\":null,\"cardToken\":\"tok_18bzEcKk3seM3VXeOiJYZwCQ\",\"cardName\":null,\"cardAddressLine1\":\"310 west 143st\",\"cardAddressLine2\":null,\"cardAddressCity\":\"New York\",\"cardAddressState\":\"NY\",\"cardAddressZip\":\"10030\",\"cardAddressCountry\":null,\"cardLast4\":\"4242\",\"cardType\":\"Visa\",\"cardExpMonth\":\"7\",\"cardExpYear\":\"2016\",\"planAmount\":\"13121\",\"planAmountInCents\":1312100,\"planCurrency\":\"USD\",\"planInterval\":\"\",\"planIntervalCount\":null,\"planName\":null,\"planDiscount\":null,\"planFullAmount\":null,\"planChoice\":null,\"planOpts\":null,\"hasDiscount\":0,\"coupon\":null,\"planCoupon\":null,\"couponStripeId\":null,\"stripeAccountBalance\":null,\"actions\":null,\"content\":null,\"request\":{\"planAmount\":\"13121\",\"planCurrency\":\"USD\",\"planAmountInCents\":1312100,\"planName\":null,\"planDiscount\":null,\"planFullAmount\":null,\"planChoice\":null,\"planOpts\":null,\"planInterval\":\"\",\"planIntervalCount\":null,\"cardName\":null,\"cardAddressLine1\":\"310 west 143st\",\"cardAddressLine2\":null,\"cardAddressCity\":\"New York\",\"cardAddressState\":\"NY\",\"cardAddressZip\":\"10030\",\"cardAddressCountry\":null,\"cardLast4\":\"4242\",\"cardType\":\"Visa\",\"cardExpMonth\":\"7\",\"cardExpYear\":\"2016\",\"coupon\":null,\"couponStripeId\":null,\"stripeAccountBalance\":null},\"createAccount\":null,\"user\":null,\"__model__\":\"Craft\\\\ChargeModel\"}}', '2016-07-27 21:06:37', '2016-07-27 21:06:37', '302f86b0-c977-4380-a67f-29ced5469559'),
 ('342', 'test', 'request', 'JcC6DHJHcXbe6dkUzCSVNOBrQw2a1bTaIY5O', 'Charge request started ', NULL, '[]', '2016-07-27 21:10:08', '2016-07-27 21:10:08', 'e8676e8b-cccc-4e02-a129-1ce3a738fd6c'),
 ('343', 'test', 'api', 'JcC6DHJHcXbe6dkUzCSVNOBrQw2a1bTaIY5O', 'Found existing customer', NULL, '{\"customer\":{\"id\":\"1\",\"stripeId\":\"cus_8tP9YHp9S0V5Xp\",\"mode\":\"test\",\"userId\":\"1\",\"email\":\"briansbier@gmail.com\",\"name\":\"Brian Bier\",\"stripe\":null,\"dateCreated\":\"2016-07-26 20:39:49\",\"__model__\":\"Craft\\\\Charge_CustomerModel\"}}', '2016-07-27 21:10:08', '2016-07-27 21:10:08', '07fd4fdb-7fd4-4ce2-9611-1ca66145de19'),
 ('344', 'test', 'success', 'JcC6DHJHcXbe6dkUzCSVNOBrQw2a1bTaIY5O', 'Charge Successfully Completed', NULL, '{\"charge\":{\"id\":\"232\",\"enabled\":1,\"archived\":0,\"locale\":\"en_us\",\"localeEnabled\":1,\"slug\":\"a4cba0c5940f190e43a87d79d1198e83\",\"uri\":\"charge\\/success\\/a4cba0c5940f190e43a87d79d1198e83\",\"dateCreated\":\"2016-07-27 21:10:12\",\"dateUpdated\":\"2016-07-27 21:10:12\",\"root\":null,\"lft\":null,\"rgt\":null,\"level\":null,\"searchScore\":null,\"customerId\":\"1\",\"userId\":\"1\",\"type\":\"one-off\",\"mode\":\"test\",\"customerName\":null,\"customerEmail\":\"briansbier@gmail.com\",\"description\":null,\"hash\":\"a4cba0c5940f190e43a87d79d1198e83\",\"notes\":null,\"meta\":{\"firstName\":\"Brian\",\"lastName\":\"Bier\",\"phone\":\"\"},\"sourceUrl\":\"donations\\/payment\",\"timestamp\":\"2016-07-27 21:10:12\",\"cardId\":null,\"cardToken\":\"tok_18bzI4Kk3seM3VXeEshKSCiy\",\"cardName\":null,\"cardAddressLine1\":\"310 west 143st\",\"cardAddressLine2\":null,\"cardAddressCity\":\"New York\",\"cardAddressState\":\"NY\",\"cardAddressZip\":\"10030\",\"cardAddressCountry\":null,\"cardLast4\":\"4242\",\"cardType\":\"Visa\",\"cardExpMonth\":\"7\",\"cardExpYear\":\"2016\",\"planAmount\":\"3000\",\"planAmountInCents\":300000,\"planCurrency\":\"USD\",\"planInterval\":\"month\",\"planIntervalCount\":null,\"planName\":null,\"planDiscount\":null,\"planFullAmount\":null,\"planChoice\":null,\"planOpts\":null,\"hasDiscount\":0,\"coupon\":null,\"planCoupon\":null,\"couponStripeId\":null,\"stripeAccountBalance\":null,\"actions\":null,\"content\":null,\"request\":{\"planAmount\":\"3000\",\"planCurrency\":\"USD\",\"planAmountInCents\":300000,\"planName\":null,\"planDiscount\":null,\"planFullAmount\":null,\"planChoice\":null,\"planOpts\":null,\"planInterval\":\"month\",\"planIntervalCount\":null,\"cardName\":null,\"cardAddressLine1\":\"310 west 143st\",\"cardAddressLine2\":null,\"cardAddressCity\":\"New York\",\"cardAddressState\":\"NY\",\"cardAddressZip\":\"10030\",\"cardAddressCountry\":null,\"cardLast4\":\"4242\",\"cardType\":\"Visa\",\"cardExpMonth\":\"7\",\"cardExpYear\":\"2016\",\"coupon\":null,\"couponStripeId\":null,\"stripeAccountBalance\":null},\"createAccount\":null,\"user\":null,\"__model__\":\"Craft\\\\ChargeModel\"}}', '2016-07-27 21:10:12', '2016-07-27 21:10:12', '73d11cbd-f752-4c55-930d-aebd11c0fde2'),
 ('345', 'test', 'request', 'yX7ZXUu4be3pi5WidkVn3SKpXVWKMxBCnDAG', 'Charge request started ', NULL, '[]', '2016-07-27 21:17:43', '2016-07-27 21:17:43', '673d3fde-b512-4c8e-80af-281b1279fce8'),
 ('346', 'test', 'api', 'yX7ZXUu4be3pi5WidkVn3SKpXVWKMxBCnDAG', 'Found existing customer', NULL, '{\"customer\":{\"id\":\"1\",\"stripeId\":\"cus_8tP9YHp9S0V5Xp\",\"mode\":\"test\",\"userId\":\"1\",\"email\":\"briansbier@gmail.com\",\"name\":\"Brian Bier\",\"stripe\":null,\"dateCreated\":\"2016-07-26 20:39:49\",\"__model__\":\"Craft\\\\Charge_CustomerModel\"}}', '2016-07-27 21:17:43', '2016-07-27 21:17:43', '3bedd0fe-9cb5-4c23-a3f9-702339f7a25a'),
 ('347', 'test', 'success', 'yX7ZXUu4be3pi5WidkVn3SKpXVWKMxBCnDAG', 'Charge Successfully Completed', NULL, '{\"charge\":{\"id\":\"234\",\"enabled\":1,\"archived\":0,\"locale\":\"en_us\",\"localeEnabled\":1,\"slug\":\"ccea44e1eb3f0e437d04269e32da923a\",\"uri\":\"charge\\/success\\/ccea44e1eb3f0e437d04269e32da923a\",\"dateCreated\":\"2016-07-27 21:17:46\",\"dateUpdated\":\"2016-07-27 21:17:46\",\"root\":null,\"lft\":null,\"rgt\":null,\"level\":null,\"searchScore\":null,\"customerId\":\"1\",\"userId\":\"1\",\"type\":\"one-off\",\"mode\":\"test\",\"customerName\":null,\"customerEmail\":\"briansbier@gmail.com\",\"description\":null,\"hash\":\"ccea44e1eb3f0e437d04269e32da923a\",\"notes\":null,\"meta\":{\"firstName\":\"Brian\",\"lastName\":\"Bier\",\"phone\":\"\"},\"sourceUrl\":\"donations\\/payment\",\"timestamp\":\"2016-07-27 21:17:46\",\"cardId\":null,\"cardToken\":\"tok_18bzPOKk3seM3VXepm78BASi\",\"cardName\":null,\"cardAddressLine1\":\"310 west 143st\",\"cardAddressLine2\":null,\"cardAddressCity\":\"New York\",\"cardAddressState\":\"NY\",\"cardAddressZip\":\"10030\",\"cardAddressCountry\":null,\"cardLast4\":\"4242\",\"cardType\":\"Visa\",\"cardExpMonth\":\"7\",\"cardExpYear\":\"2016\",\"planAmount\":\"30\",\"planAmountInCents\":3000,\"planCurrency\":\"USD\",\"planInterval\":\"\",\"planIntervalCount\":null,\"planName\":null,\"planDiscount\":null,\"planFullAmount\":null,\"planChoice\":null,\"planOpts\":null,\"hasDiscount\":0,\"coupon\":null,\"planCoupon\":null,\"couponStripeId\":null,\"stripeAccountBalance\":null,\"actions\":null,\"content\":null,\"request\":{\"planAmount\":\"30\",\"planCurrency\":\"USD\",\"planAmountInCents\":3000,\"planName\":null,\"planDiscount\":null,\"planFullAmount\":null,\"planChoice\":null,\"planOpts\":null,\"planInterval\":\"\",\"planIntervalCount\":null,\"cardName\":null,\"cardAddressLine1\":\"310 west 143st\",\"cardAddressLine2\":null,\"cardAddressCity\":\"New York\",\"cardAddressState\":\"NY\",\"cardAddressZip\":\"10030\",\"cardAddressCountry\":null,\"cardLast4\":\"4242\",\"cardType\":\"Visa\",\"cardExpMonth\":\"7\",\"cardExpYear\":\"2016\",\"coupon\":null,\"couponStripeId\":null,\"stripeAccountBalance\":null},\"createAccount\":null,\"user\":null,\"__model__\":\"Craft\\\\ChargeModel\"}}', '2016-07-27 21:17:46', '2016-07-27 21:17:46', 'af24a0f6-4706-4a7a-9708-cd25da476795'),
 ('348', 'test', 'request', 'SLS7Ze2HkN8wCQJrBL738GAXHlaR1icMn695', 'Charge request started ', NULL, '[]', '2016-07-27 21:22:46', '2016-07-27 21:22:46', 'a1f164a3-ed33-4f75-bde1-a5ed05bc9523'),
 ('349', 'test', 'api', 'SLS7Ze2HkN8wCQJrBL738GAXHlaR1icMn695', 'Found existing customer', NULL, '{\"customer\":{\"id\":\"1\",\"stripeId\":\"cus_8tP9YHp9S0V5Xp\",\"mode\":\"test\",\"userId\":\"1\",\"email\":\"briansbier@gmail.com\",\"name\":\"Brian Bier\",\"stripe\":null,\"dateCreated\":\"2016-07-26 20:39:49\",\"__model__\":\"Craft\\\\Charge_CustomerModel\"}}', '2016-07-27 21:22:46', '2016-07-27 21:22:46', 'bad159fc-4815-42af-9428-205de4d557ce'),
 ('350', 'test', 'success', 'SLS7Ze2HkN8wCQJrBL738GAXHlaR1icMn695', 'Charge Successfully Completed', NULL, '{\"charge\":{\"id\":\"236\",\"enabled\":1,\"archived\":0,\"locale\":\"en_us\",\"localeEnabled\":1,\"slug\":\"933d09798d9f43c22d2ac296556de260\",\"uri\":\"charge\\/success\\/933d09798d9f43c22d2ac296556de260\",\"dateCreated\":\"2016-07-27 21:22:50\",\"dateUpdated\":\"2016-07-27 21:22:50\",\"root\":null,\"lft\":null,\"rgt\":null,\"level\":null,\"searchScore\":null,\"customerId\":\"1\",\"userId\":\"1\",\"type\":\"one-off\",\"mode\":\"test\",\"customerName\":null,\"customerEmail\":\"briansbier@gmail.com\",\"description\":null,\"hash\":\"933d09798d9f43c22d2ac296556de260\",\"notes\":null,\"meta\":{\"firstName\":\"Brian\",\"lastName\":\"Bier\",\"phone\":\"\"},\"sourceUrl\":\"donations\\/payment\",\"timestamp\":\"2016-07-27 21:22:50\",\"cardId\":null,\"cardToken\":\"tok_18bzUIKk3seM3VXe2Cbo9XPD\",\"cardName\":null,\"cardAddressLine1\":\"310 west 143st\",\"cardAddressLine2\":null,\"cardAddressCity\":\"New York\",\"cardAddressState\":\"NY\",\"cardAddressZip\":\"10030\",\"cardAddressCountry\":null,\"cardLast4\":\"4242\",\"cardType\":\"Visa\",\"cardExpMonth\":\"7\",\"cardExpYear\":\"2016\",\"planAmount\":\"323\",\"planAmountInCents\":32300,\"planCurrency\":\"USD\",\"planInterval\":\"month\",\"planIntervalCount\":null,\"planName\":null,\"planDiscount\":null,\"planFullAmount\":null,\"planChoice\":null,\"planOpts\":null,\"hasDiscount\":0,\"coupon\":null,\"planCoupon\":null,\"couponStripeId\":null,\"stripeAccountBalance\":null,\"actions\":null,\"content\":null,\"request\":{\"planAmount\":\"323\",\"planCurrency\":\"USD\",\"planAmountInCents\":32300,\"planName\":null,\"planDiscount\":null,\"planFullAmount\":null,\"planChoice\":null,\"planOpts\":null,\"planInterval\":\"month\",\"planIntervalCount\":null,\"cardName\":null,\"cardAddressLine1\":\"310 west 143st\",\"cardAddressLine2\":null,\"cardAddressCity\":\"New York\",\"cardAddressState\":\"NY\",\"cardAddressZip\":\"10030\",\"cardAddressCountry\":null,\"cardLast4\":\"4242\",\"cardType\":\"Visa\",\"cardExpMonth\":\"7\",\"cardExpYear\":\"2016\",\"coupon\":null,\"couponStripeId\":null,\"stripeAccountBalance\":null},\"createAccount\":null,\"user\":null,\"__model__\":\"Craft\\\\ChargeModel\"}}', '2016-07-27 21:22:51', '2016-07-27 21:22:51', 'de30d742-a198-44e5-af98-f10a7e1d3abc'),
 ('351', 'test', 'request', 'PH476cIlMJIA29jjMspa5R0kERzZgDM9MgQH', 'Charge request started ', NULL, '[]', '2016-07-27 21:25:30', '2016-07-27 21:25:30', '3f13d724-2456-4e04-b758-ff55ed2492b8'),
 ('352', 'test', 'api', 'PH476cIlMJIA29jjMspa5R0kERzZgDM9MgQH', 'Found existing customer', NULL, '{\"customer\":{\"id\":\"1\",\"stripeId\":\"cus_8tP9YHp9S0V5Xp\",\"mode\":\"test\",\"userId\":\"1\",\"email\":\"briansbier@gmail.com\",\"name\":\"Brian Bier\",\"stripe\":null,\"dateCreated\":\"2016-07-26 20:39:49\",\"__model__\":\"Craft\\\\Charge_CustomerModel\"}}', '2016-07-27 21:25:30', '2016-07-27 21:25:30', 'bcfe9fed-1529-49ca-ba4b-c70b3ff8b4b7'),
 ('353', 'test', 'success', 'PH476cIlMJIA29jjMspa5R0kERzZgDM9MgQH', 'Charge Successfully Completed', NULL, '{\"charge\":{\"id\":\"238\",\"enabled\":1,\"archived\":0,\"locale\":\"en_us\",\"localeEnabled\":1,\"slug\":\"e66f0130c0f04b684646f10e0cd1fb3e\",\"uri\":\"charge\\/success\\/e66f0130c0f04b684646f10e0cd1fb3e\",\"dateCreated\":\"2016-07-27 21:25:33\",\"dateUpdated\":\"2016-07-27 21:25:33\",\"root\":null,\"lft\":null,\"rgt\":null,\"level\":null,\"searchScore\":null,\"customerId\":\"1\",\"userId\":\"1\",\"type\":\"one-off\",\"mode\":\"test\",\"customerName\":null,\"customerEmail\":\"briansbier@gmail.com\",\"description\":null,\"hash\":\"e66f0130c0f04b684646f10e0cd1fb3e\",\"notes\":null,\"meta\":{\"firstName\":\"Brian\",\"lastName\":\"Bier\",\"phone\":\"\"},\"sourceUrl\":\"donations\\/payment\",\"timestamp\":\"2016-07-27 21:25:33\",\"cardId\":null,\"cardToken\":\"tok_18bzWwKk3seM3VXeoPdrUYxd\",\"cardName\":null,\"cardAddressLine1\":\"310 west 143st\",\"cardAddressLine2\":null,\"cardAddressCity\":\"New York\",\"cardAddressState\":\"NY\",\"cardAddressZip\":\"10030\",\"cardAddressCountry\":null,\"cardLast4\":\"4242\",\"cardType\":\"Visa\",\"cardExpMonth\":\"7\",\"cardExpYear\":\"2016\",\"planAmount\":\"21\",\"planAmountInCents\":2100,\"planCurrency\":\"USD\",\"planInterval\":\"\",\"planIntervalCount\":null,\"planName\":null,\"planDiscount\":null,\"planFullAmount\":null,\"planChoice\":null,\"planOpts\":null,\"hasDiscount\":0,\"coupon\":null,\"planCoupon\":null,\"couponStripeId\":null,\"stripeAccountBalance\":null,\"actions\":null,\"content\":null,\"request\":{\"planAmount\":\"21\",\"planCurrency\":\"USD\",\"planAmountInCents\":2100,\"planName\":null,\"planDiscount\":null,\"planFullAmount\":null,\"planChoice\":null,\"planOpts\":null,\"planInterval\":\"\",\"planIntervalCount\":null,\"cardName\":null,\"cardAddressLine1\":\"310 west 143st\",\"cardAddressLine2\":null,\"cardAddressCity\":\"New York\",\"cardAddressState\":\"NY\",\"cardAddressZip\":\"10030\",\"cardAddressCountry\":null,\"cardLast4\":\"4242\",\"cardType\":\"Visa\",\"cardExpMonth\":\"7\",\"cardExpYear\":\"2016\",\"coupon\":null,\"couponStripeId\":null,\"stripeAccountBalance\":null},\"createAccount\":null,\"user\":null,\"__model__\":\"Craft\\\\ChargeModel\"}}', '2016-07-27 21:25:33', '2016-07-27 21:25:33', 'c8c7c1ab-19e3-418a-b91a-a7be4a37964c'),
 ('354', 'test', 'request', 'pMiCseOqAauraFWjs3ElUOhMZy3lqOMCdvyF', 'Charge request started ', NULL, '[]', '2016-07-27 21:26:46', '2016-07-27 21:26:46', '45ed3cc9-b85f-4312-a951-e38059562c72'),
 ('355', 'test', 'note', 'pMiCseOqAauraFWjs3ElUOhMZy3lqOMCdvyF', 'Returned to user with error', NULL, '{\"extra\":{\"errors\":[\"Your payment form is missing the required payment options input. You need to use the {{ craft.charge.setPaymentOptions() }} tag within your payment form. Please consult the Charge documentation for details on properly configuring your payment form.\"]}}', '2016-07-27 21:26:46', '2016-07-27 21:26:46', 'be9ba291-5302-4282-bb4d-01a368b278ae'),
 ('356', 'test', 'request', 'cgjNuxAjQilLgAM4M7SJuylnNz6rLEaG6rtj', 'Charge request started ', NULL, '[]', '2016-07-27 21:27:03', '2016-07-27 21:27:03', '001dc6ea-9498-41c7-b79c-f63f1b0db2b1'),
 ('357', 'test', 'note', 'cgjNuxAjQilLgAM4M7SJuylnNz6rLEaG6rtj', 'Returned to user with error', NULL, '{\"extra\":{\"errors\":[\"Your payment form is missing the required payment options input. You need to use the {{ craft.charge.setPaymentOptions() }} tag within your payment form. Please consult the Charge documentation for details on properly configuring your payment form.\"]}}', '2016-07-27 21:27:03', '2016-07-27 21:27:03', 'c0581dcb-65c5-4344-9bc0-59dff22b72cb'),
 ('358', 'test', 'request', '3vliFXI4vTbkVOfhF9duUB9fCh0KJhhaGfWG', 'Charge request started ', NULL, '[]', '2016-07-27 21:27:13', '2016-07-27 21:27:13', '0f6c4603-c2db-46ef-9b27-8241b5da1bfd'),
 ('359', 'test', 'api', '3vliFXI4vTbkVOfhF9duUB9fCh0KJhhaGfWG', 'Found existing customer', NULL, '{\"customer\":{\"id\":\"1\",\"stripeId\":\"cus_8tP9YHp9S0V5Xp\",\"mode\":\"test\",\"userId\":\"1\",\"email\":\"briansbier@gmail.com\",\"name\":\"Brian Bier\",\"stripe\":null,\"dateCreated\":\"2016-07-26 20:39:49\",\"__model__\":\"Craft\\\\Charge_CustomerModel\"}}', '2016-07-27 21:27:13', '2016-07-27 21:27:13', 'd7779ecf-c31e-4ea4-8fcc-1ca62bb80378'),
 ('360', 'test', 'success', '3vliFXI4vTbkVOfhF9duUB9fCh0KJhhaGfWG', 'Charge Successfully Completed', NULL, '{\"charge\":{\"id\":\"240\",\"enabled\":1,\"archived\":0,\"locale\":\"en_us\",\"localeEnabled\":1,\"slug\":\"723a59f3c4a2ebd0f3036d9c0e85e90a\",\"uri\":\"charge\\/success\\/723a59f3c4a2ebd0f3036d9c0e85e90a\",\"dateCreated\":\"2016-07-27 21:27:16\",\"dateUpdated\":\"2016-07-27 21:27:16\",\"root\":null,\"lft\":null,\"rgt\":null,\"level\":null,\"searchScore\":null,\"customerId\":\"1\",\"userId\":\"1\",\"type\":\"one-off\",\"mode\":\"test\",\"customerName\":\"Brian Bier\",\"customerEmail\":\"briansbier@gmail.com\",\"description\":null,\"hash\":\"723a59f3c4a2ebd0f3036d9c0e85e90a\",\"notes\":null,\"meta\":[],\"sourceUrl\":\"donations\",\"timestamp\":\"2016-07-27 21:27:16\",\"cardId\":null,\"cardToken\":\"tok_18bzYaKk3seM3VXeQxjtThrM\",\"cardName\":null,\"cardAddressLine1\":null,\"cardAddressLine2\":null,\"cardAddressCity\":null,\"cardAddressState\":null,\"cardAddressZip\":null,\"cardAddressCountry\":null,\"cardLast4\":\"4242\",\"cardType\":\"Visa\",\"cardExpMonth\":\"7\",\"cardExpYear\":\"2016\",\"planAmount\":\"50\",\"planAmountInCents\":5000,\"planCurrency\":\"USD\",\"planInterval\":\"month\",\"planIntervalCount\":\"0\",\"planName\":null,\"planDiscount\":null,\"planFullAmount\":null,\"planChoice\":null,\"planOpts\":null,\"hasDiscount\":0,\"coupon\":null,\"planCoupon\":null,\"couponStripeId\":null,\"stripeAccountBalance\":null,\"actions\":null,\"content\":null,\"request\":{\"planAmount\":\"50\",\"planCurrency\":\"USD\",\"planAmountInCents\":5000,\"planName\":null,\"planDiscount\":null,\"planFullAmount\":null,\"planChoice\":null,\"planOpts\":null,\"planInterval\":\"month\",\"planIntervalCount\":\"0\",\"cardName\":null,\"cardAddressLine1\":null,\"cardAddressLine2\":null,\"cardAddressCity\":null,\"cardAddressState\":null,\"cardAddressZip\":null,\"cardAddressCountry\":null,\"cardLast4\":\"4242\",\"cardType\":\"Visa\",\"cardExpMonth\":\"7\",\"cardExpYear\":\"2016\",\"coupon\":null,\"couponStripeId\":null,\"stripeAccountBalance\":null},\"createAccount\":null,\"user\":null,\"__model__\":\"Craft\\\\ChargeModel\"}}', '2016-07-27 21:27:16', '2016-07-27 21:27:16', 'd1ee0607-2a9e-4e67-94e8-fc69a6a4540a'),
 ('361', 'test', 'request', '2qzhizPDrJFA4fy8z1BaCPcWODjO9M54pwFu', 'Charge request started ', NULL, '[]', '2016-07-27 21:27:38', '2016-07-27 21:27:38', 'a8011c17-fa6f-455d-9aa3-97577faf6e72'),
 ('362', 'test', 'note', '2qzhizPDrJFA4fy8z1BaCPcWODjO9M54pwFu', 'Returned to user with error', NULL, '{\"extra\":{\"errors\":[\"customerEmail : Email cannot be blank.\",\"There was a problem with your details, please check the form and try again\"]}}', '2016-07-27 21:27:38', '2016-07-27 21:27:38', 'ed4fdf92-21fa-4677-be61-3c0e43fa042e'),
 ('363', 'test', 'request', 'SQUDo3BiMRDfEsRyMvsCMNAqBy0J1mpfVUka', 'Charge request started ', NULL, '[]', '2016-07-27 21:27:46', '2016-07-27 21:27:46', '954c57e8-7acf-4f26-91c2-48c0c66feb38'),
 ('364', 'test', 'api', 'SQUDo3BiMRDfEsRyMvsCMNAqBy0J1mpfVUka', 'Found existing customer', NULL, '{\"customer\":{\"id\":\"1\",\"stripeId\":\"cus_8tP9YHp9S0V5Xp\",\"mode\":\"test\",\"userId\":\"1\",\"email\":\"briansbier@gmail.com\",\"name\":\"Brian Bier\",\"stripe\":null,\"dateCreated\":\"2016-07-26 20:39:49\",\"__model__\":\"Craft\\\\Charge_CustomerModel\"}}', '2016-07-27 21:27:46', '2016-07-27 21:27:46', '0b6c4f86-d949-46ac-98ac-4ff0b41b12f8'),
 ('365', 'test', 'info', 'SQUDo3BiMRDfEsRyMvsCMNAqBy0J1mpfVUka', 'Plan not found on Stripe, creating', NULL, 'Plan named \"5.00 USD Every 3 Months\" does\'t exist on Stripe. Will need to create', '2016-07-27 21:27:49', '2016-07-27 21:27:49', '7a6bfe35-0587-49bb-8e3a-be6b48b90066'),
 ('366', 'test', 'api', 'SQUDo3BiMRDfEsRyMvsCMNAqBy0J1mpfVUka', 'Created a new plan', NULL, '{\"plan\":{\"id\":\"5.00 USD Every 3 Months\",\"object\":\"plan\",\"amount\":500,\"created\":1469654869,\"currency\":\"usd\",\"interval\":\"month\",\"interval_count\":3,\"livemode\":0,\"metadata\":[],\"name\":\"5.00 USD Every 3 Months\",\"statement_descriptor\":null,\"trial_period_days\":null}}', '2016-07-27 21:27:49', '2016-07-27 21:27:49', '62f45270-ed6f-4ea6-818f-57c017ef1ec7'),
 ('367', 'test', 'success', 'SQUDo3BiMRDfEsRyMvsCMNAqBy0J1mpfVUka', 'Charge Successfully Completed', NULL, '{\"charge\":{\"id\":\"242\",\"enabled\":1,\"archived\":0,\"locale\":\"en_us\",\"localeEnabled\":1,\"slug\":\"c8cdc33e0515d90586473aa941df031a\",\"uri\":\"charge\\/success\\/c8cdc33e0515d90586473aa941df031a\",\"dateCreated\":\"2016-07-27 21:27:51\",\"dateUpdated\":\"2016-07-27 21:27:51\",\"root\":null,\"lft\":null,\"rgt\":null,\"level\":null,\"searchScore\":null,\"customerId\":\"1\",\"userId\":\"1\",\"type\":\"recurring\",\"mode\":\"test\",\"customerName\":\"Brian Bier\",\"customerEmail\":\"briansbier@gmail.com\",\"description\":null,\"hash\":\"c8cdc33e0515d90586473aa941df031a\",\"notes\":null,\"meta\":[],\"sourceUrl\":\"donations\",\"timestamp\":\"2016-07-27 21:27:51\",\"cardId\":null,\"cardToken\":\"tok_18bzZ0Kk3seM3VXeVumPwHPn\",\"cardName\":null,\"cardAddressLine1\":null,\"cardAddressLine2\":null,\"cardAddressCity\":null,\"cardAddressState\":null,\"cardAddressZip\":null,\"cardAddressCountry\":null,\"cardLast4\":\"4242\",\"cardType\":\"Visa\",\"cardExpMonth\":null,\"cardExpYear\":null,\"planAmount\":\"5\",\"planAmountInCents\":500,\"planCurrency\":\"USD\",\"planInterval\":\"\",\"planIntervalCount\":\"3\",\"planName\":null,\"planDiscount\":null,\"planFullAmount\":null,\"planChoice\":null,\"planOpts\":null,\"hasDiscount\":0,\"coupon\":null,\"planCoupon\":null,\"couponStripeId\":null,\"stripeAccountBalance\":null,\"actions\":null,\"content\":null,\"request\":{\"planAmount\":\"5\",\"planCurrency\":\"USD\",\"planAmountInCents\":500,\"planName\":null,\"planDiscount\":null,\"planFullAmount\":null,\"planChoice\":null,\"planOpts\":null,\"planInterval\":\"\",\"planIntervalCount\":\"3\",\"cardName\":null,\"cardAddressLine1\":null,\"cardAddressLine2\":null,\"cardAddressCity\":null,\"cardAddressState\":null,\"cardAddressZip\":null,\"cardAddressCountry\":null,\"cardLast4\":\"4242\",\"cardType\":\"Visa\",\"cardExpMonth\":null,\"cardExpYear\":null,\"coupon\":null,\"couponStripeId\":null,\"stripeAccountBalance\":null},\"createAccount\":null,\"user\":null,\"__model__\":\"Craft\\\\ChargeModel\"}}', '2016-07-27 21:27:51', '2016-07-27 21:27:51', '26ecf147-f24e-432d-aa19-8714218d68f8'),
 ('368', 'unset', 'info', 'F5UiAQxIVgS9dZdwbkp90p4Ydnma9gTlvbTH', 'Validating connection details.', NULL, '[]', '2016-08-02 14:44:38', '2016-08-02 14:44:38', '07ef3e05-0f9b-4b67-9ab0-bcbfca40392f'),
 ('369', 'unset', 'info', 'hgkrP3WubYVZ7zVAevALYa4XTHxbIU7E9Agu', 'Validating connection details.', NULL, '[]', '2016-08-02 15:13:22', '2016-08-02 15:13:22', 'c2089f9e-0db1-4d9f-b674-ae55bd113466'),
 ('370', 'unset', 'info', 'hgkrP3WubYVZ7zVAevALYa4XTHxbIU7E9Agu', 'Validating connection details.', NULL, '[]', '2016-08-02 15:13:22', '2016-08-02 15:13:22', '61c053e7-2066-4d08-b486-f7db4f308b20'),
 ('371', 'test', 'request', 'JZXAFyb13HFncEsF5GXOkZ3w3FvXRYdOmE81', 'Charge request started ', NULL, '[]', '2016-08-02 15:21:42', '2016-08-02 15:21:42', '8088e242-85cd-4c16-8645-30545b2f60fe'),
 ('372', 'test', 'api', 'JZXAFyb13HFncEsF5GXOkZ3w3FvXRYdOmE81', 'Found existing customer', NULL, '{\"customer\":{\"id\":\"1\",\"stripeId\":\"cus_8tP9YHp9S0V5Xp\",\"mode\":\"test\",\"userId\":\"1\",\"email\":\"briansbier@gmail.com\",\"name\":\"Brian Bier\",\"stripe\":null,\"dateCreated\":\"2016-07-26 20:39:49\",\"__model__\":\"Craft\\\\Charge_CustomerModel\"}}', '2016-08-02 15:21:42', '2016-08-02 15:21:42', '7889be43-9b8f-4147-8266-b6f4490ca883'),
 ('373', 'test', 'success', 'JZXAFyb13HFncEsF5GXOkZ3w3FvXRYdOmE81', 'Charge Successfully Completed', NULL, '{\"charge\":{\"id\":\"244\",\"enabled\":1,\"archived\":0,\"locale\":\"en_us\",\"localeEnabled\":1,\"slug\":\"6cab0d33e200ea481c3d8f45912a5bdc\",\"uri\":\"charge\\/success\\/6cab0d33e200ea481c3d8f45912a5bdc\",\"dateCreated\":\"2016-08-02 15:21:45\",\"dateUpdated\":\"2016-08-02 15:21:45\",\"root\":null,\"lft\":null,\"rgt\":null,\"level\":null,\"searchScore\":null,\"customerId\":\"1\",\"userId\":\"1\",\"type\":\"one-off\",\"mode\":\"test\",\"customerName\":null,\"customerEmail\":\"briansbier@gmail.com\",\"description\":null,\"hash\":\"6cab0d33e200ea481c3d8f45912a5bdc\",\"notes\":null,\"meta\":{\"firstName\":\"Brian\",\"lastName\":\"Bier\",\"phone\":\"6465484363\"},\"sourceUrl\":\"donations\\/payment\",\"timestamp\":\"2016-08-02 15:21:45\",\"cardId\":null,\"cardToken\":\"tok_18e4iAKk3seM3VXeLAw5eKmg\",\"cardName\":null,\"cardAddressLine1\":\"310 west 143st\",\"cardAddressLine2\":null,\"cardAddressCity\":\"New York\",\"cardAddressState\":\"NY\",\"cardAddressZip\":\"10030\",\"cardAddressCountry\":null,\"cardLast4\":\"4242\",\"cardType\":\"Visa\",\"cardExpMonth\":\"8\",\"cardExpYear\":\"2016\",\"planAmount\":\"100\",\"planAmountInCents\":10000,\"planCurrency\":\"USD\",\"planInterval\":\"month\",\"planIntervalCount\":null,\"planName\":null,\"planDiscount\":null,\"planFullAmount\":null,\"planChoice\":null,\"planOpts\":null,\"hasDiscount\":0,\"coupon\":null,\"planCoupon\":null,\"couponStripeId\":null,\"stripeAccountBalance\":null,\"actions\":null,\"content\":null,\"request\":{\"planAmount\":\"100\",\"planCurrency\":\"USD\",\"planAmountInCents\":10000,\"planName\":null,\"planDiscount\":null,\"planFullAmount\":null,\"planChoice\":null,\"planOpts\":null,\"planInterval\":\"month\",\"planIntervalCount\":null,\"cardName\":null,\"cardAddressLine1\":\"310 west 143st\",\"cardAddressLine2\":null,\"cardAddressCity\":\"New York\",\"cardAddressState\":\"NY\",\"cardAddressZip\":\"10030\",\"cardAddressCountry\":null,\"cardLast4\":\"4242\",\"cardType\":\"Visa\",\"cardExpMonth\":\"8\",\"cardExpYear\":\"2016\",\"coupon\":null,\"couponStripeId\":null,\"stripeAccountBalance\":null},\"createAccount\":null,\"user\":null,\"__model__\":\"Craft\\\\ChargeModel\"}}', '2016-08-02 15:21:45', '2016-08-02 15:21:45', '35a2368a-ac61-42d3-93ec-a65c1f59f459'),
 ('374', 'test', 'request', 'TMjVx7y4Swhwv3nvm7cRe1UTPY7PjK3cwZMK', 'Charge request started ', NULL, '[]', '2016-08-02 15:24:03', '2016-08-02 15:24:03', 'c30bfe7d-be19-4a27-94d2-cd7be3315d3b'),
 ('375', 'test', 'api', 'TMjVx7y4Swhwv3nvm7cRe1UTPY7PjK3cwZMK', 'Found existing customer', NULL, '{\"customer\":{\"id\":\"1\",\"stripeId\":\"cus_8tP9YHp9S0V5Xp\",\"mode\":\"test\",\"userId\":\"1\",\"email\":\"briansbier@gmail.com\",\"name\":\"Brian Bier\",\"stripe\":null,\"dateCreated\":\"2016-07-26 20:39:49\",\"__model__\":\"Craft\\\\Charge_CustomerModel\"}}', '2016-08-02 15:24:03', '2016-08-02 15:24:03', '6c6d94ef-9a7c-4450-b94d-a0cc1ac06abc'),
 ('376', 'test', 'success', 'TMjVx7y4Swhwv3nvm7cRe1UTPY7PjK3cwZMK', 'Charge Successfully Completed', NULL, '{\"charge\":{\"id\":\"246\",\"enabled\":1,\"archived\":0,\"locale\":\"en_us\",\"localeEnabled\":1,\"slug\":\"ac0f83e6f0dd3f43b19adb1fbb126e20\",\"uri\":\"charge\\/success\\/ac0f83e6f0dd3f43b19adb1fbb126e20\",\"dateCreated\":\"2016-08-02 15:24:06\",\"dateUpdated\":\"2016-08-02 15:24:06\",\"root\":null,\"lft\":null,\"rgt\":null,\"level\":null,\"searchScore\":null,\"customerId\":\"1\",\"userId\":\"1\",\"type\":\"one-off\",\"mode\":\"test\",\"customerName\":null,\"customerEmail\":\"briansbier@gmail.com\",\"description\":null,\"hash\":\"ac0f83e6f0dd3f43b19adb1fbb126e20\",\"notes\":null,\"meta\":{\"firstName\":\"Brian\",\"lastName\":\"Bier\",\"phone\":\"\"},\"sourceUrl\":\"donations\\/payment\",\"timestamp\":\"2016-08-02 15:24:06\",\"cardId\":null,\"cardToken\":\"tok_18e4kRKk3seM3VXeyCRMwkrl\",\"cardName\":null,\"cardAddressLine1\":\"310 west 143st\",\"cardAddressLine2\":null,\"cardAddressCity\":\"New York\",\"cardAddressState\":\"NY\",\"cardAddressZip\":\"10030\",\"cardAddressCountry\":null,\"cardLast4\":\"4242\",\"cardType\":\"Visa\",\"cardExpMonth\":\"8\",\"cardExpYear\":\"2016\",\"planAmount\":\"30\",\"planAmountInCents\":3000,\"planCurrency\":\"USD\",\"planInterval\":\"month\",\"planIntervalCount\":null,\"planName\":null,\"planDiscount\":null,\"planFullAmount\":null,\"planChoice\":null,\"planOpts\":null,\"hasDiscount\":0,\"coupon\":null,\"planCoupon\":null,\"couponStripeId\":null,\"stripeAccountBalance\":null,\"actions\":null,\"content\":null,\"request\":{\"planAmount\":\"30\",\"planCurrency\":\"USD\",\"planAmountInCents\":3000,\"planName\":null,\"planDiscount\":null,\"planFullAmount\":null,\"planChoice\":null,\"planOpts\":null,\"planInterval\":\"month\",\"planIntervalCount\":null,\"cardName\":null,\"cardAddressLine1\":\"310 west 143st\",\"cardAddressLine2\":null,\"cardAddressCity\":\"New York\",\"cardAddressState\":\"NY\",\"cardAddressZip\":\"10030\",\"cardAddressCountry\":null,\"cardLast4\":\"4242\",\"cardType\":\"Visa\",\"cardExpMonth\":\"8\",\"cardExpYear\":\"2016\",\"coupon\":null,\"couponStripeId\":null,\"stripeAccountBalance\":null},\"createAccount\":null,\"user\":null,\"__model__\":\"Craft\\\\ChargeModel\"}}', '2016-08-02 15:24:06', '2016-08-02 15:24:06', '275b4c26-8daa-42ce-ae91-d1fc26912385'),
 ('377', 'test', 'request', 'VDSTkL3lTMA8BMe8cWHOCe74KKn4AzCAwOx2', 'Charge request started ', NULL, '[]', '2016-08-02 15:27:15', '2016-08-02 15:27:15', 'bc600326-53fb-4d1b-a29b-9b7582b0fe84'),
 ('378', 'test', 'api', 'VDSTkL3lTMA8BMe8cWHOCe74KKn4AzCAwOx2', 'Found existing customer', NULL, '{\"customer\":{\"id\":\"1\",\"stripeId\":\"cus_8tP9YHp9S0V5Xp\",\"mode\":\"test\",\"userId\":\"1\",\"email\":\"briansbier@gmail.com\",\"name\":\"Brian Bier\",\"stripe\":null,\"dateCreated\":\"2016-07-26 20:39:49\",\"__model__\":\"Craft\\\\Charge_CustomerModel\"}}', '2016-08-02 15:27:15', '2016-08-02 15:27:15', '3ab51fc9-a0dc-45ed-be1f-ca3971d438c4'),
 ('379', 'test', 'success', 'VDSTkL3lTMA8BMe8cWHOCe74KKn4AzCAwOx2', 'Charge Successfully Completed', NULL, '{\"charge\":{\"id\":\"248\",\"enabled\":1,\"archived\":0,\"locale\":\"en_us\",\"localeEnabled\":1,\"slug\":\"3bca7af110c80f38b010456029a64521\",\"uri\":\"charge\\/success\\/3bca7af110c80f38b010456029a64521\",\"dateCreated\":\"2016-08-02 15:27:18\",\"dateUpdated\":\"2016-08-02 15:27:18\",\"root\":null,\"lft\":null,\"rgt\":null,\"level\":null,\"searchScore\":null,\"customerId\":\"1\",\"userId\":\"1\",\"type\":\"one-off\",\"mode\":\"test\",\"customerName\":null,\"customerEmail\":\"briansbier@gmail.com\",\"description\":null,\"hash\":\"3bca7af110c80f38b010456029a64521\",\"notes\":null,\"meta\":{\"firstName\":\"Brian\",\"lastName\":\"Bier\",\"phone\":\"\"},\"sourceUrl\":\"donations\\/payment\",\"timestamp\":\"2016-08-02 15:27:18\",\"cardId\":null,\"cardToken\":\"tok_18e4nXKk3seM3VXeNK9tfKNo\",\"cardName\":null,\"cardAddressLine1\":\"310 west 143st\",\"cardAddressLine2\":null,\"cardAddressCity\":\"New York\",\"cardAddressState\":\"NY\",\"cardAddressZip\":\"10030\",\"cardAddressCountry\":null,\"cardLast4\":\"4242\",\"cardType\":\"Visa\",\"cardExpMonth\":\"8\",\"cardExpYear\":\"2016\",\"planAmount\":\"30\",\"planAmountInCents\":3000,\"planCurrency\":\"USD\",\"planInterval\":\"\",\"planIntervalCount\":null,\"planName\":null,\"planDiscount\":null,\"planFullAmount\":null,\"planChoice\":null,\"planOpts\":null,\"hasDiscount\":0,\"coupon\":null,\"planCoupon\":null,\"couponStripeId\":null,\"stripeAccountBalance\":null,\"actions\":null,\"content\":null,\"request\":{\"planAmount\":\"30\",\"planCurrency\":\"USD\",\"planAmountInCents\":3000,\"planName\":null,\"planDiscount\":null,\"planFullAmount\":null,\"planChoice\":null,\"planOpts\":null,\"planInterval\":\"\",\"planIntervalCount\":null,\"cardName\":null,\"cardAddressLine1\":\"310 west 143st\",\"cardAddressLine2\":null,\"cardAddressCity\":\"New York\",\"cardAddressState\":\"NY\",\"cardAddressZip\":\"10030\",\"cardAddressCountry\":null,\"cardLast4\":\"4242\",\"cardType\":\"Visa\",\"cardExpMonth\":\"8\",\"cardExpYear\":\"2016\",\"coupon\":null,\"couponStripeId\":null,\"stripeAccountBalance\":null},\"createAccount\":null,\"user\":null,\"__model__\":\"Craft\\\\ChargeModel\"}}', '2016-08-02 15:27:18', '2016-08-02 15:27:18', '2c614cb6-5916-45f9-83d9-04ea3de71f40'),
 ('380', 'unset', 'info', 'Cs8Fk9LfZUDqyw9uwqvoUtbPmgmn5iRTYUz3', 'Validating connection details.', NULL, '[]', '2016-08-03 14:56:03', '2016-08-03 14:56:03', '24b9b783-b0b9-4a6c-9061-5e9ee617b021'),
 ('381', 'test', 'request', 'hUVLDB0R1CKrUtSqNWXsAYvtLfkY0R5QkD8i', 'Charge request started ', NULL, '[]', '2016-08-03 15:02:51', '2016-08-03 15:02:51', '55e8dfd2-8064-47ca-bd10-b095b2503166'),
 ('382', 'test', 'api', 'hUVLDB0R1CKrUtSqNWXsAYvtLfkY0R5QkD8i', 'Found existing customer', NULL, '{\"customer\":{\"id\":\"1\",\"stripeId\":\"cus_8tP9YHp9S0V5Xp\",\"mode\":\"test\",\"userId\":\"1\",\"email\":\"briansbier@gmail.com\",\"name\":\"Brian Bier\",\"stripe\":null,\"dateCreated\":\"2016-07-26 20:39:49\",\"__model__\":\"Craft\\\\Charge_CustomerModel\"}}', '2016-08-03 15:02:51', '2016-08-03 15:02:51', '349b9c22-a6e1-465f-acf7-351a7a3571e6'),
 ('383', 'test', 'success', 'hUVLDB0R1CKrUtSqNWXsAYvtLfkY0R5QkD8i', 'Charge Successfully Completed', NULL, '{\"charge\":{\"id\":\"250\",\"enabled\":1,\"archived\":0,\"locale\":\"en_us\",\"localeEnabled\":1,\"slug\":\"dff4aba3c16c4caa9ff1a69d4f8f8dca\",\"uri\":\"charge\\/success\\/dff4aba3c16c4caa9ff1a69d4f8f8dca\",\"dateCreated\":\"2016-08-03 15:02:55\",\"dateUpdated\":\"2016-08-03 15:02:55\",\"root\":null,\"lft\":null,\"rgt\":null,\"level\":null,\"searchScore\":null,\"customerId\":\"1\",\"userId\":\"1\",\"type\":\"one-off\",\"mode\":\"test\",\"customerName\":null,\"customerEmail\":\"briansbier@gmail.com\",\"description\":null,\"hash\":\"dff4aba3c16c4caa9ff1a69d4f8f8dca\",\"notes\":null,\"meta\":{\"firstName\":\"Brian\",\"lastName\":\"Bier\",\"phone\":\"\"},\"sourceUrl\":\"donations\\/payment\",\"timestamp\":\"2016-08-03 15:02:55\",\"cardId\":null,\"cardToken\":\"tok_18eQtTKk3seM3VXeGUs6CyJi\",\"cardName\":null,\"cardAddressLine1\":\"310 west 143st\",\"cardAddressLine2\":null,\"cardAddressCity\":\"New York\",\"cardAddressState\":\"NY\",\"cardAddressZip\":\"10030\",\"cardAddressCountry\":null,\"cardLast4\":\"4242\",\"cardType\":\"Visa\",\"cardExpMonth\":\"8\",\"cardExpYear\":\"2016\",\"planAmount\":\"111\",\"planAmountInCents\":11100,\"planCurrency\":\"USD\",\"planInterval\":\"\",\"planIntervalCount\":null,\"planName\":null,\"planDiscount\":null,\"planFullAmount\":null,\"planChoice\":null,\"planOpts\":null,\"hasDiscount\":0,\"coupon\":null,\"planCoupon\":null,\"couponStripeId\":null,\"stripeAccountBalance\":null,\"actions\":null,\"content\":null,\"request\":{\"planAmount\":\"111\",\"planCurrency\":\"USD\",\"planAmountInCents\":11100,\"planName\":null,\"planDiscount\":null,\"planFullAmount\":null,\"planChoice\":null,\"planOpts\":null,\"planInterval\":\"\",\"planIntervalCount\":null,\"cardName\":null,\"cardAddressLine1\":\"310 west 143st\",\"cardAddressLine2\":null,\"cardAddressCity\":\"New York\",\"cardAddressState\":\"NY\",\"cardAddressZip\":\"10030\",\"cardAddressCountry\":null,\"cardLast4\":\"4242\",\"cardType\":\"Visa\",\"cardExpMonth\":\"8\",\"cardExpYear\":\"2016\",\"coupon\":null,\"couponStripeId\":null,\"stripeAccountBalance\":null},\"createAccount\":null,\"user\":null,\"__model__\":\"Craft\\\\ChargeModel\"}}', '2016-08-03 15:02:55', '2016-08-03 15:02:55', '4d226cb8-b560-4c0e-a8b3-aed1567c2894'),
 ('384', 'test', 'request', 'jw398ElRf3ORX4Wr5COOD1xTvWIj2yT8TGEl', 'Charge request started ', NULL, '[]', '2016-08-03 15:05:42', '2016-08-03 15:05:42', '756c87f8-ecdc-4cd3-88f6-3b3c54a2e50e'),
 ('385', 'test', 'api', 'jw398ElRf3ORX4Wr5COOD1xTvWIj2yT8TGEl', 'Found existing customer', NULL, '{\"customer\":{\"id\":\"1\",\"stripeId\":\"cus_8tP9YHp9S0V5Xp\",\"mode\":\"test\",\"userId\":\"1\",\"email\":\"briansbier@gmail.com\",\"name\":\"Brian Bier\",\"stripe\":null,\"dateCreated\":\"2016-07-26 20:39:49\",\"__model__\":\"Craft\\\\Charge_CustomerModel\"}}', '2016-08-03 15:05:42', '2016-08-03 15:05:42', '3908fcee-59bf-4093-a67f-abd528f4ef69'),
 ('386', 'test', 'success', 'jw398ElRf3ORX4Wr5COOD1xTvWIj2yT8TGEl', 'Charge Successfully Completed', NULL, '{\"charge\":{\"id\":\"252\",\"enabled\":1,\"archived\":0,\"locale\":\"en_us\",\"localeEnabled\":1,\"slug\":\"bb009e568db8443b28c2c6b0c707e4ed\",\"uri\":\"charge\\/success\\/bb009e568db8443b28c2c6b0c707e4ed\",\"dateCreated\":\"2016-08-03 15:05:46\",\"dateUpdated\":\"2016-08-03 15:05:46\",\"root\":null,\"lft\":null,\"rgt\":null,\"level\":null,\"searchScore\":null,\"customerId\":\"1\",\"userId\":\"1\",\"type\":\"one-off\",\"mode\":\"test\",\"customerName\":null,\"customerEmail\":\"briansbier@gmail.com\",\"description\":null,\"hash\":\"bb009e568db8443b28c2c6b0c707e4ed\",\"notes\":null,\"meta\":{\"firstName\":\"Brian\",\"lastName\":\"Bier\",\"phone\":\"\"},\"sourceUrl\":\"donations\\/payment\",\"timestamp\":\"2016-08-03 15:05:46\",\"cardId\":null,\"cardToken\":\"tok_18eQwEKk3seM3VXeymahZwBF\",\"cardName\":null,\"cardAddressLine1\":\"310 west 143st\",\"cardAddressLine2\":null,\"cardAddressCity\":\"New York\",\"cardAddressState\":\"NY\",\"cardAddressZip\":\"10030\",\"cardAddressCountry\":null,\"cardLast4\":\"4242\",\"cardType\":\"Visa\",\"cardExpMonth\":\"8\",\"cardExpYear\":\"2016\",\"planAmount\":\"89\",\"planAmountInCents\":8900,\"planCurrency\":\"USD\",\"planInterval\":\"week\",\"planIntervalCount\":null,\"planName\":null,\"planDiscount\":null,\"planFullAmount\":null,\"planChoice\":null,\"planOpts\":null,\"hasDiscount\":0,\"coupon\":null,\"planCoupon\":null,\"couponStripeId\":null,\"stripeAccountBalance\":null,\"actions\":null,\"content\":null,\"request\":{\"planAmount\":\"89\",\"planCurrency\":\"USD\",\"planAmountInCents\":8900,\"planName\":null,\"planDiscount\":null,\"planFullAmount\":null,\"planChoice\":null,\"planOpts\":null,\"planInterval\":\"week\",\"planIntervalCount\":null,\"cardName\":null,\"cardAddressLine1\":\"310 west 143st\",\"cardAddressLine2\":null,\"cardAddressCity\":\"New York\",\"cardAddressState\":\"NY\",\"cardAddressZip\":\"10030\",\"cardAddressCountry\":null,\"cardLast4\":\"4242\",\"cardType\":\"Visa\",\"cardExpMonth\":\"8\",\"cardExpYear\":\"2016\",\"coupon\":null,\"couponStripeId\":null,\"stripeAccountBalance\":null},\"createAccount\":null,\"user\":null,\"__model__\":\"Craft\\\\ChargeModel\"}}', '2016-08-03 15:05:46', '2016-08-03 15:05:46', '64c2891f-e2f6-4d79-b6d3-333fd526d35b'),
 ('387', 'test', 'request', 'ko5d8joDReGuoger2F1XGruYK7oPHImNA4jG', 'Charge request started ', NULL, '[]', '2016-08-03 15:06:14', '2016-08-03 15:06:14', 'cb6c750c-5a22-40cf-853d-8bd44156ce13'),
 ('388', 'test', 'note', 'ko5d8joDReGuoger2F1XGruYK7oPHImNA4jG', 'Returned to user with error', NULL, '{\"extra\":{\"errors\":[\"customerEmail : Email cannot be blank.\",\"There was a problem with your details, please check the form and try again\"]}}', '2016-08-03 15:06:14', '2016-08-03 15:06:14', '4ad75dd7-3468-41b9-be0c-0ee0b6d565c7'),
 ('389', 'test', 'request', 'z4hOiXUdFsACoBMpWBgKRcn2ewnrIBxPXm4c', 'Charge request started ', NULL, '[]', '2016-08-03 15:06:23', '2016-08-03 15:06:23', 'bf350bcc-00b3-4441-ad03-61bfa9df956f'),
 ('390', 'test', 'api', 'z4hOiXUdFsACoBMpWBgKRcn2ewnrIBxPXm4c', 'Found existing customer', NULL, '{\"customer\":{\"id\":\"1\",\"stripeId\":\"cus_8tP9YHp9S0V5Xp\",\"mode\":\"test\",\"userId\":\"1\",\"email\":\"briansbier@gmail.com\",\"name\":\"Brian Bier\",\"stripe\":null,\"dateCreated\":\"2016-07-26 20:39:49\",\"__model__\":\"Craft\\\\Charge_CustomerModel\"}}', '2016-08-03 15:06:23', '2016-08-03 15:06:23', '3fb31d4b-8172-42cc-888f-52c48c684447'),
 ('391', 'test', 'success', 'z4hOiXUdFsACoBMpWBgKRcn2ewnrIBxPXm4c', 'Charge Successfully Completed', NULL, '{\"charge\":{\"id\":\"254\",\"enabled\":1,\"archived\":0,\"locale\":\"en_us\",\"localeEnabled\":1,\"slug\":\"153cc07205afb46b0b832083dd0379fd\",\"uri\":\"charge\\/success\\/153cc07205afb46b0b832083dd0379fd\",\"dateCreated\":\"2016-08-03 15:06:26\",\"dateUpdated\":\"2016-08-03 15:06:26\",\"root\":null,\"lft\":null,\"rgt\":null,\"level\":null,\"searchScore\":null,\"customerId\":\"1\",\"userId\":\"1\",\"type\":\"one-off\",\"mode\":\"test\",\"customerName\":null,\"customerEmail\":\"briansbier@gmail.com\",\"description\":null,\"hash\":\"153cc07205afb46b0b832083dd0379fd\",\"notes\":null,\"meta\":{\"firstName\":\"Brian\",\"lastName\":\"Bier\",\"phone\":\"6465484363\"},\"sourceUrl\":\"donations\\/payment\",\"timestamp\":\"2016-08-03 15:06:26\",\"cardId\":null,\"cardToken\":\"tok_18eQwkKk3seM3VXeldTWq5fB\",\"cardName\":null,\"cardAddressLine1\":\"310 west 143st\",\"cardAddressLine2\":null,\"cardAddressCity\":\"New York\",\"cardAddressState\":\"NY\",\"cardAddressZip\":\"10030\",\"cardAddressCountry\":null,\"cardLast4\":\"4242\",\"cardType\":\"Visa\",\"cardExpMonth\":null,\"cardExpYear\":null,\"planAmount\":\"60\",\"planAmountInCents\":6000,\"planCurrency\":\"USD\",\"planInterval\":\"year\",\"planIntervalCount\":null,\"planName\":null,\"planDiscount\":null,\"planFullAmount\":null,\"planChoice\":null,\"planOpts\":null,\"hasDiscount\":0,\"coupon\":null,\"planCoupon\":null,\"couponStripeId\":null,\"stripeAccountBalance\":null,\"actions\":null,\"content\":null,\"request\":{\"planAmount\":\"60\",\"planCurrency\":\"USD\",\"planAmountInCents\":6000,\"planName\":null,\"planDiscount\":null,\"planFullAmount\":null,\"planChoice\":null,\"planOpts\":null,\"planInterval\":\"year\",\"planIntervalCount\":null,\"cardName\":null,\"cardAddressLine1\":\"310 west 143st\",\"cardAddressLine2\":null,\"cardAddressCity\":\"New York\",\"cardAddressState\":\"NY\",\"cardAddressZip\":\"10030\",\"cardAddressCountry\":null,\"cardLast4\":\"4242\",\"cardType\":\"Visa\",\"cardExpMonth\":null,\"cardExpYear\":null,\"coupon\":null,\"couponStripeId\":null,\"stripeAccountBalance\":null},\"createAccount\":null,\"user\":null,\"__model__\":\"Craft\\\\ChargeModel\"}}', '2016-08-03 15:06:26', '2016-08-03 15:06:26', '0dadaf4e-e842-47d1-833f-f884a3f53794'),
 ('392', 'test', 'request', '6ir1iTkm9Ia8ugxTwUKKXTrnGTMQcxeKN1HA', 'Charge request started ', NULL, '[]', '2016-08-03 15:21:04', '2016-08-03 15:21:04', '1f9503fd-8118-4869-921d-60c4f1155b86'),
 ('393', 'test', 'api', '6ir1iTkm9Ia8ugxTwUKKXTrnGTMQcxeKN1HA', 'Found existing customer', NULL, '{\"customer\":{\"id\":\"1\",\"stripeId\":\"cus_8tP9YHp9S0V5Xp\",\"mode\":\"test\",\"userId\":\"1\",\"email\":\"briansbier@gmail.com\",\"name\":\"Brian Bier\",\"stripe\":null,\"dateCreated\":\"2016-07-26 20:39:49\",\"__model__\":\"Craft\\\\Charge_CustomerModel\"}}', '2016-08-03 15:21:04', '2016-08-03 15:21:04', '48b5df29-52c0-4830-af72-70e358f35696'),
 ('394', 'test', 'success', '6ir1iTkm9Ia8ugxTwUKKXTrnGTMQcxeKN1HA', 'Charge Successfully Completed', NULL, '{\"charge\":{\"id\":\"256\",\"enabled\":1,\"archived\":0,\"locale\":\"en_us\",\"localeEnabled\":1,\"slug\":\"9c30f71b12e840dc2d0092d6271bc696\",\"uri\":\"charge\\/success\\/9c30f71b12e840dc2d0092d6271bc696\",\"dateCreated\":\"2016-08-03 15:21:07\",\"dateUpdated\":\"2016-08-03 15:21:07\",\"root\":null,\"lft\":null,\"rgt\":null,\"level\":null,\"searchScore\":null,\"customerId\":\"1\",\"userId\":\"1\",\"type\":\"one-off\",\"mode\":\"test\",\"customerName\":null,\"customerEmail\":\"briansbier@gmail.com\",\"description\":null,\"hash\":\"9c30f71b12e840dc2d0092d6271bc696\",\"notes\":null,\"meta\":{\"firstName\":\"Brian\",\"lastName\":\"Bier\",\"phone\":\"\"},\"sourceUrl\":\"donations\\/payment\",\"timestamp\":\"2016-08-03 15:21:07\",\"cardId\":null,\"cardToken\":\"tok_18eRB6Kk3seM3VXe0AL8UoMm\",\"cardName\":null,\"cardAddressLine1\":\"310 west 143st\",\"cardAddressLine2\":null,\"cardAddressCity\":\"New York\",\"cardAddressState\":\"NY\",\"cardAddressZip\":\"10030\",\"cardAddressCountry\":null,\"cardLast4\":\"4242\",\"cardType\":\"Visa\",\"cardExpMonth\":\"8\",\"cardExpYear\":\"2016\",\"planAmount\":\"60\",\"planAmountInCents\":6000,\"planCurrency\":\"USD\",\"planInterval\":\"\",\"planIntervalCount\":null,\"planName\":null,\"planDiscount\":null,\"planFullAmount\":null,\"planChoice\":null,\"planOpts\":null,\"hasDiscount\":0,\"coupon\":null,\"planCoupon\":null,\"couponStripeId\":null,\"stripeAccountBalance\":null,\"actions\":null,\"content\":null,\"request\":{\"planAmount\":\"60\",\"planCurrency\":\"USD\",\"planAmountInCents\":6000,\"planName\":null,\"planDiscount\":null,\"planFullAmount\":null,\"planChoice\":null,\"planOpts\":null,\"planInterval\":\"\",\"planIntervalCount\":null,\"cardName\":null,\"cardAddressLine1\":\"310 west 143st\",\"cardAddressLine2\":null,\"cardAddressCity\":\"New York\",\"cardAddressState\":\"NY\",\"cardAddressZip\":\"10030\",\"cardAddressCountry\":null,\"cardLast4\":\"4242\",\"cardType\":\"Visa\",\"cardExpMonth\":\"8\",\"cardExpYear\":\"2016\",\"coupon\":null,\"couponStripeId\":null,\"stripeAccountBalance\":null},\"createAccount\":null,\"user\":null,\"__model__\":\"Craft\\\\ChargeModel\"}}', '2016-08-03 15:21:08', '2016-08-03 15:21:08', 'cb103d5f-8772-4c74-a182-b2c100c2c8ec'),
 ('395', 'test', 'note', 'GX2wlfdrTHmgE4Pg8gGl0ifGDuHK5t8IE1sv', 'Creating refund for payment', NULL, '{\"payment\":{\"id\":\"257\",\"enabled\":\"1\",\"archived\":\"0\",\"locale\":\"en_us\",\"localeEnabled\":\"1\",\"slug\":\"\",\"uri\":null,\"dateCreated\":\"2016-08-03 15:21:08\",\"dateUpdated\":\"2016-08-03 15:21:08\",\"root\":null,\"lft\":null,\"rgt\":null,\"level\":null,\"searchScore\":null,\"stripeId\":\"ch_18eRB9Kk3seM3VXePjOZmDYr\",\"customerId\":null,\"chargeId\":\"256\",\"userId\":\"1\",\"mode\":\"test\",\"user\":null,\"amount\":\"6000\",\"amountRefunded\":null,\"status\":\"succeeded\",\"refunded\":\"0\",\"paid\":\"1\",\"captured\":\"1\",\"invoiceId\":null,\"receiptEmail\":null,\"failureCode\":null,\"failureMessage\":null,\"currency\":\"usd\",\"cardName\":null,\"cardAddressLine1\":\"310 west 143st\",\"cardAddressLine2\":null,\"cardAddressCity\":\"New York\",\"cardAddressState\":\"NY\",\"cardAddressZip\":\"10030\",\"cardAddressCountry\":null,\"cardLast4\":\"4242\",\"cardType\":\"Visa\",\"cardExpMonth\":\"8\",\"cardExpYear\":\"2016\",\"__model__\":\"Craft\\\\Charge_PaymentModel\"}}', '2016-08-03 15:21:52', '2016-08-03 15:21:52', 'c4321955-e8e2-4135-98c2-70490cc164c1'),
 ('396', 'test', 'success', 'GX2wlfdrTHmgE4Pg8gGl0ifGDuHK5t8IE1sv', 'Payment Refunded', NULL, '{\"payment\":{\"id\":\"257\",\"enabled\":\"1\",\"archived\":\"0\",\"locale\":\"en_us\",\"localeEnabled\":\"1\",\"slug\":\"\",\"uri\":null,\"dateCreated\":\"2016-08-03 15:21:08\",\"dateUpdated\":\"2016-08-03 15:21:08\",\"root\":null,\"lft\":null,\"rgt\":null,\"level\":null,\"searchScore\":null,\"stripeId\":\"ch_18eRB9Kk3seM3VXePjOZmDYr\",\"customerId\":null,\"chargeId\":\"256\",\"userId\":\"1\",\"mode\":\"test\",\"user\":null,\"amount\":\"6000\",\"amountRefunded\":null,\"status\":\"succeeded\",\"refunded\":\"0\",\"paid\":\"1\",\"captured\":\"1\",\"invoiceId\":null,\"receiptEmail\":null,\"failureCode\":null,\"failureMessage\":null,\"currency\":\"usd\",\"cardName\":null,\"cardAddressLine1\":\"310 west 143st\",\"cardAddressLine2\":null,\"cardAddressCity\":\"New York\",\"cardAddressState\":\"NY\",\"cardAddressZip\":\"10030\",\"cardAddressCountry\":null,\"cardLast4\":\"4242\",\"cardType\":\"Visa\",\"cardExpMonth\":\"8\",\"cardExpYear\":\"2016\",\"__model__\":\"Craft\\\\Charge_PaymentModel\"}}', '2016-08-03 15:21:54', '2016-08-03 15:21:54', '6b604da3-e0b4-4bd7-a34e-237ffbc2b5f1'),
 ('397', 'test', 'request', 'ZpeRzAQk0QzdD1RAHC4D6BDLZpzpFXQDDjp1', 'Charge request started ', NULL, '[]', '2016-08-03 15:40:54', '2016-08-03 15:40:54', 'a5714b38-6f6e-4278-9eea-7a921bb29839'),
 ('398', 'test', 'api', 'ZpeRzAQk0QzdD1RAHC4D6BDLZpzpFXQDDjp1', 'Found existing customer', NULL, '{\"customer\":{\"id\":\"1\",\"stripeId\":\"cus_8tP9YHp9S0V5Xp\",\"mode\":\"test\",\"userId\":\"1\",\"email\":\"briansbier@gmail.com\",\"name\":\"Brian Bier\",\"stripe\":null,\"dateCreated\":\"2016-07-26 20:39:49\",\"__model__\":\"Craft\\\\Charge_CustomerModel\"}}', '2016-08-03 15:40:54', '2016-08-03 15:40:54', '020feeeb-944d-45c0-ada6-d6e77e2b5dc5'),
 ('399', 'test', 'success', 'ZpeRzAQk0QzdD1RAHC4D6BDLZpzpFXQDDjp1', 'Charge Successfully Completed', NULL, '{\"charge\":{\"id\":\"258\",\"enabled\":1,\"archived\":0,\"locale\":\"en_us\",\"localeEnabled\":1,\"slug\":\"2ea77fb234ebbb664765c773f1e5760a\",\"uri\":\"charge\\/success\\/2ea77fb234ebbb664765c773f1e5760a\",\"dateCreated\":\"2016-08-03 15:40:58\",\"dateUpdated\":\"2016-08-03 15:40:58\",\"root\":null,\"lft\":null,\"rgt\":null,\"level\":null,\"searchScore\":null,\"customerId\":\"1\",\"userId\":\"1\",\"type\":\"one-off\",\"mode\":\"test\",\"customerName\":null,\"customerEmail\":\"briansbier@gmail.com\",\"description\":null,\"hash\":\"2ea77fb234ebbb664765c773f1e5760a\",\"notes\":null,\"meta\":{\"firstName\":\"Brian\",\"lastName\":\"Bier\",\"phone\":\"\"},\"sourceUrl\":\"donations\\/payment\",\"timestamp\":\"2016-08-03 15:40:58\",\"cardId\":null,\"cardToken\":\"tok_18eRUIKk3seM3VXeVc2mWTaz\",\"cardName\":null,\"cardAddressLine1\":\"310 west 143st\",\"cardAddressLine2\":null,\"cardAddressCity\":\"New York\",\"cardAddressState\":\"NY\",\"cardAddressZip\":\"10030\",\"cardAddressCountry\":null,\"cardLast4\":\"4242\",\"cardType\":\"Visa\",\"cardExpMonth\":\"8\",\"cardExpYear\":\"2016\",\"planAmount\":\"30\",\"planAmountInCents\":3000,\"planCurrency\":\"USD\",\"planInterval\":\"week\",\"planIntervalCount\":null,\"planName\":null,\"planDiscount\":null,\"planFullAmount\":null,\"planChoice\":null,\"planOpts\":null,\"hasDiscount\":0,\"coupon\":null,\"planCoupon\":null,\"couponStripeId\":null,\"stripeAccountBalance\":null,\"actions\":null,\"content\":null,\"request\":{\"planAmount\":\"30\",\"planCurrency\":\"USD\",\"planAmountInCents\":3000,\"planName\":null,\"planDiscount\":null,\"planFullAmount\":null,\"planChoice\":null,\"planOpts\":null,\"planInterval\":\"week\",\"planIntervalCount\":null,\"cardName\":null,\"cardAddressLine1\":\"310 west 143st\",\"cardAddressLine2\":null,\"cardAddressCity\":\"New York\",\"cardAddressState\":\"NY\",\"cardAddressZip\":\"10030\",\"cardAddressCountry\":null,\"cardLast4\":\"4242\",\"cardType\":\"Visa\",\"cardExpMonth\":\"8\",\"cardExpYear\":\"2016\",\"coupon\":null,\"couponStripeId\":null,\"stripeAccountBalance\":null},\"createAccount\":null,\"user\":null,\"__model__\":\"Craft\\\\ChargeModel\"}}', '2016-08-03 15:40:58', '2016-08-03 15:40:58', '38cf88e3-f84e-4193-8726-a274f7ec83b1'),
 ('400', 'test', 'request', 'GxtzbDti93pkP8Z32Xq3VApAXgMIjYgIrl3m', 'Charge request started ', NULL, '[]', '2016-08-03 15:45:03', '2016-08-03 15:45:03', 'be2d57e3-0dda-4ffb-b7d0-94e3aa6c519f');
INSERT INTO `craft_charge_logs` (`id`, `mode`, `level`, `requestKey`, `type`, `source`, `extra`, `dateCreated`, `dateUpdated`, `uid`) VALUES
 ('401', 'test', 'api', 'GxtzbDti93pkP8Z32Xq3VApAXgMIjYgIrl3m', 'Found existing customer', NULL, '{\"customer\":{\"id\":\"1\",\"stripeId\":\"cus_8tP9YHp9S0V5Xp\",\"mode\":\"test\",\"userId\":\"1\",\"email\":\"briansbier@gmail.com\",\"name\":\"Brian Bier\",\"stripe\":null,\"dateCreated\":\"2016-07-26 20:39:49\",\"__model__\":\"Craft\\\\Charge_CustomerModel\"}}', '2016-08-03 15:45:03', '2016-08-03 15:45:03', 'ea4a8982-1b8f-47e1-93e5-f73fddd9015c'),
 ('402', 'test', 'success', 'GxtzbDti93pkP8Z32Xq3VApAXgMIjYgIrl3m', 'Charge Successfully Completed', NULL, '{\"charge\":{\"id\":\"260\",\"enabled\":1,\"archived\":0,\"locale\":\"en_us\",\"localeEnabled\":1,\"slug\":\"c4f88001b3d81f00ea4921bd9e57052e\",\"uri\":\"charge\\/success\\/c4f88001b3d81f00ea4921bd9e57052e\",\"dateCreated\":\"2016-08-03 15:45:06\",\"dateUpdated\":\"2016-08-03 15:45:06\",\"root\":null,\"lft\":null,\"rgt\":null,\"level\":null,\"searchScore\":null,\"customerId\":\"1\",\"userId\":\"1\",\"type\":\"one-off\",\"mode\":\"test\",\"customerName\":null,\"customerEmail\":\"briansbier@gmail.com\",\"description\":null,\"hash\":\"c4f88001b3d81f00ea4921bd9e57052e\",\"notes\":null,\"meta\":{\"firstName\":\"Brian\",\"lastName\":\"Bier\",\"phone\":\"\"},\"sourceUrl\":\"donations\\/payment\",\"timestamp\":\"2016-08-03 15:45:06\",\"cardId\":null,\"cardToken\":\"tok_18eRYJKk3seM3VXeSlzFDU9X\",\"cardName\":null,\"cardAddressLine1\":\"310 west 143st\",\"cardAddressLine2\":null,\"cardAddressCity\":\"New York\",\"cardAddressState\":\"NY\",\"cardAddressZip\":\"10030\",\"cardAddressCountry\":null,\"cardLast4\":\"4242\",\"cardType\":\"Visa\",\"cardExpMonth\":\"8\",\"cardExpYear\":\"2016\",\"planAmount\":\"30\",\"planAmountInCents\":3000,\"planCurrency\":\"USD\",\"planInterval\":\"month\",\"planIntervalCount\":null,\"planName\":null,\"planDiscount\":null,\"planFullAmount\":null,\"planChoice\":null,\"planOpts\":null,\"hasDiscount\":0,\"coupon\":null,\"planCoupon\":null,\"couponStripeId\":null,\"stripeAccountBalance\":null,\"actions\":null,\"content\":null,\"request\":{\"planAmount\":\"30\",\"planCurrency\":\"USD\",\"planAmountInCents\":3000,\"planName\":null,\"planDiscount\":null,\"planFullAmount\":null,\"planChoice\":null,\"planOpts\":null,\"planInterval\":\"month\",\"planIntervalCount\":null,\"cardName\":null,\"cardAddressLine1\":\"310 west 143st\",\"cardAddressLine2\":null,\"cardAddressCity\":\"New York\",\"cardAddressState\":\"NY\",\"cardAddressZip\":\"10030\",\"cardAddressCountry\":null,\"cardLast4\":\"4242\",\"cardType\":\"Visa\",\"cardExpMonth\":\"8\",\"cardExpYear\":\"2016\",\"coupon\":null,\"couponStripeId\":null,\"stripeAccountBalance\":null},\"createAccount\":null,\"user\":null,\"__model__\":\"Craft\\\\ChargeModel\"}}', '2016-08-03 15:45:06', '2016-08-03 15:45:06', '485473c0-6d80-4de8-852d-9c0ef79545ff'),
 ('403', 'test', 'request', 'JWg5ZIFuSl4TzSdU4flWbiGmLgvAEnGOm0hC', 'Charge request started ', NULL, '[]', '2016-08-03 15:54:46', '2016-08-03 15:54:46', 'feaf8328-f8d7-4049-9355-7c68d043eff7'),
 ('404', 'test', 'api', 'JWg5ZIFuSl4TzSdU4flWbiGmLgvAEnGOm0hC', 'Found existing customer', NULL, '{\"customer\":{\"id\":\"1\",\"stripeId\":\"cus_8tP9YHp9S0V5Xp\",\"mode\":\"test\",\"userId\":\"1\",\"email\":\"briansbier@gmail.com\",\"name\":\"Brian Bier\",\"stripe\":null,\"dateCreated\":\"2016-07-26 20:39:49\",\"__model__\":\"Craft\\\\Charge_CustomerModel\"}}', '2016-08-03 15:54:46', '2016-08-03 15:54:46', '74579a76-7d10-47d0-ac40-f1396b8de865'),
 ('405', 'test', 'success', 'JWg5ZIFuSl4TzSdU4flWbiGmLgvAEnGOm0hC', 'Charge Successfully Completed', NULL, '{\"charge\":{\"id\":\"262\",\"enabled\":1,\"archived\":0,\"locale\":\"en_us\",\"localeEnabled\":1,\"slug\":\"d7037b2c3b5d1648509b56cb68644d4a\",\"uri\":\"charge\\/success\\/d7037b2c3b5d1648509b56cb68644d4a\",\"dateCreated\":\"2016-08-03 15:54:50\",\"dateUpdated\":\"2016-08-03 15:54:50\",\"root\":null,\"lft\":null,\"rgt\":null,\"level\":null,\"searchScore\":null,\"customerId\":\"1\",\"userId\":\"1\",\"type\":\"one-off\",\"mode\":\"test\",\"customerName\":null,\"customerEmail\":\"briansbier@gmail.com\",\"description\":null,\"hash\":\"d7037b2c3b5d1648509b56cb68644d4a\",\"notes\":null,\"meta\":{\"firstName\":\"Brian\",\"lastName\":\"Bier\",\"phone\":\"\"},\"sourceUrl\":\"donations\\/payment\",\"timestamp\":\"2016-08-03 15:54:49\",\"cardId\":null,\"cardToken\":\"tok_18eRhiKk3seM3VXeD04wVDNl\",\"cardName\":null,\"cardAddressLine1\":\"310 west 143st\",\"cardAddressLine2\":null,\"cardAddressCity\":\"New York\",\"cardAddressState\":\"NY\",\"cardAddressZip\":\"10030\",\"cardAddressCountry\":null,\"cardLast4\":\"4242\",\"cardType\":\"Visa\",\"cardExpMonth\":\"8\",\"cardExpYear\":\"2016\",\"planAmount\":\"30\",\"planAmountInCents\":3000,\"planCurrency\":\"USD\",\"planInterval\":\"month\",\"planIntervalCount\":null,\"planName\":null,\"planDiscount\":null,\"planFullAmount\":null,\"planChoice\":null,\"planOpts\":null,\"hasDiscount\":0,\"coupon\":null,\"planCoupon\":null,\"couponStripeId\":null,\"stripeAccountBalance\":null,\"actions\":null,\"content\":null,\"request\":{\"planAmount\":\"30\",\"planCurrency\":\"USD\",\"planAmountInCents\":3000,\"planName\":null,\"planDiscount\":null,\"planFullAmount\":null,\"planChoice\":null,\"planOpts\":null,\"planInterval\":\"month\",\"planIntervalCount\":null,\"cardName\":null,\"cardAddressLine1\":\"310 west 143st\",\"cardAddressLine2\":null,\"cardAddressCity\":\"New York\",\"cardAddressState\":\"NY\",\"cardAddressZip\":\"10030\",\"cardAddressCountry\":null,\"cardLast4\":\"4242\",\"cardType\":\"Visa\",\"cardExpMonth\":\"8\",\"cardExpYear\":\"2016\",\"coupon\":null,\"couponStripeId\":null,\"stripeAccountBalance\":null},\"createAccount\":null,\"user\":null,\"__model__\":\"Craft\\\\ChargeModel\"}}', '2016-08-03 15:54:50', '2016-08-03 15:54:50', '1536443b-0f61-4916-af5f-e2b2a7e25ff1'),
 ('406', 'test', 'request', 'ajkMbwnH4ew8WnOeLPKVFQT5cJo2YFPoIBk0', 'Charge request started ', NULL, '[]', '2016-08-03 15:56:53', '2016-08-03 15:56:53', '662dd068-40e7-4dc8-a778-00bd2eca4831'),
 ('407', 'test', 'api', 'ajkMbwnH4ew8WnOeLPKVFQT5cJo2YFPoIBk0', 'Found existing customer', NULL, '{\"customer\":{\"id\":\"1\",\"stripeId\":\"cus_8tP9YHp9S0V5Xp\",\"mode\":\"test\",\"userId\":\"1\",\"email\":\"briansbier@gmail.com\",\"name\":\"Brian Bier\",\"stripe\":null,\"dateCreated\":\"2016-07-26 20:39:49\",\"__model__\":\"Craft\\\\Charge_CustomerModel\"}}', '2016-08-03 15:56:53', '2016-08-03 15:56:53', 'db535073-198b-405a-9934-bcd9deca9f33'),
 ('408', 'test', 'success', 'ajkMbwnH4ew8WnOeLPKVFQT5cJo2YFPoIBk0', 'Charge Successfully Completed', NULL, '{\"charge\":{\"id\":\"264\",\"enabled\":1,\"archived\":0,\"locale\":\"en_us\",\"localeEnabled\":1,\"slug\":\"f557c46f3cca59ff4ee071d649481a84\",\"uri\":\"charge\\/success\\/f557c46f3cca59ff4ee071d649481a84\",\"dateCreated\":\"2016-08-03 15:56:56\",\"dateUpdated\":\"2016-08-03 15:56:56\",\"root\":null,\"lft\":null,\"rgt\":null,\"level\":null,\"searchScore\":null,\"customerId\":\"1\",\"userId\":\"1\",\"type\":\"one-off\",\"mode\":\"test\",\"customerName\":null,\"customerEmail\":\"briansbier@gmail.com\",\"description\":null,\"hash\":\"f557c46f3cca59ff4ee071d649481a84\",\"notes\":null,\"meta\":{\"firstName\":\"Brian\",\"lastName\":\"Bier\",\"phone\":\"\"},\"sourceUrl\":\"donations\\/payment\",\"timestamp\":\"2016-08-03 15:56:56\",\"cardId\":null,\"cardToken\":\"tok_18eRjlKk3seM3VXe9hZY1RJi\",\"cardName\":null,\"cardAddressLine1\":\"310 west 143st\",\"cardAddressLine2\":null,\"cardAddressCity\":\"New York\",\"cardAddressState\":\"NY\",\"cardAddressZip\":\"10030\",\"cardAddressCountry\":null,\"cardLast4\":\"4242\",\"cardType\":\"Visa\",\"cardExpMonth\":\"8\",\"cardExpYear\":\"2016\",\"planAmount\":\"30\",\"planAmountInCents\":3000,\"planCurrency\":\"USD\",\"planInterval\":\"\",\"planIntervalCount\":null,\"planName\":null,\"planDiscount\":null,\"planFullAmount\":null,\"planChoice\":null,\"planOpts\":null,\"hasDiscount\":0,\"coupon\":null,\"planCoupon\":null,\"couponStripeId\":null,\"stripeAccountBalance\":null,\"actions\":null,\"content\":null,\"request\":{\"planAmount\":\"30\",\"planCurrency\":\"USD\",\"planAmountInCents\":3000,\"planName\":null,\"planDiscount\":null,\"planFullAmount\":null,\"planChoice\":null,\"planOpts\":null,\"planInterval\":\"\",\"planIntervalCount\":null,\"cardName\":null,\"cardAddressLine1\":\"310 west 143st\",\"cardAddressLine2\":null,\"cardAddressCity\":\"New York\",\"cardAddressState\":\"NY\",\"cardAddressZip\":\"10030\",\"cardAddressCountry\":null,\"cardLast4\":\"4242\",\"cardType\":\"Visa\",\"cardExpMonth\":\"8\",\"cardExpYear\":\"2016\",\"coupon\":null,\"couponStripeId\":null,\"stripeAccountBalance\":null},\"createAccount\":null,\"user\":null,\"__model__\":\"Craft\\\\ChargeModel\"}}', '2016-08-03 15:56:56', '2016-08-03 15:56:56', '231269ec-8dcc-44c9-b264-ec9eb5fcc1af'),
 ('409', 'test', 'request', 'JiUj6zFgn9BO4eELHq0WQRD85c4f6jELpkru', 'Charge request started ', NULL, '[]', '2016-08-03 16:20:22', '2016-08-03 16:20:22', '57a5bbca-ca22-4567-ab24-96fd18afb7da'),
 ('410', 'test', 'api', 'JiUj6zFgn9BO4eELHq0WQRD85c4f6jELpkru', 'Found existing customer', NULL, '{\"customer\":{\"id\":\"1\",\"stripeId\":\"cus_8tP9YHp9S0V5Xp\",\"mode\":\"test\",\"userId\":\"1\",\"email\":\"briansbier@gmail.com\",\"name\":\"Brian Bier\",\"stripe\":null,\"dateCreated\":\"2016-07-26 20:39:49\",\"__model__\":\"Craft\\\\Charge_CustomerModel\"}}', '2016-08-03 16:20:22', '2016-08-03 16:20:22', '19bc552e-3bf8-4033-b1cf-33da19f98f20'),
 ('411', 'test', 'success', 'JiUj6zFgn9BO4eELHq0WQRD85c4f6jELpkru', 'Charge Successfully Completed', NULL, '{\"charge\":{\"id\":\"266\",\"enabled\":1,\"archived\":0,\"locale\":\"en_us\",\"localeEnabled\":1,\"slug\":\"99918bd6f222bf8f54084b724b780734\",\"uri\":\"charge\\/success\\/99918bd6f222bf8f54084b724b780734\",\"dateCreated\":\"2016-08-03 16:20:25\",\"dateUpdated\":\"2016-08-03 16:20:25\",\"root\":null,\"lft\":null,\"rgt\":null,\"level\":null,\"searchScore\":null,\"customerId\":\"1\",\"userId\":\"1\",\"type\":\"one-off\",\"mode\":\"test\",\"customerName\":null,\"customerEmail\":\"briansbier@gmail.com\",\"description\":null,\"hash\":\"99918bd6f222bf8f54084b724b780734\",\"notes\":null,\"meta\":{\"firstName\":\"Brian\",\"lastName\":\"Bier\",\"phone\":\"\"},\"sourceUrl\":\"donations\\/payment\",\"timestamp\":\"2016-08-03 16:20:25\",\"cardId\":null,\"cardToken\":\"tok_18eS6TKk3seM3VXeGhwv4NSZ\",\"cardName\":null,\"cardAddressLine1\":\"310 west 143st, 4G\",\"cardAddressLine2\":null,\"cardAddressCity\":\"New York\",\"cardAddressState\":\"NY\",\"cardAddressZip\":\"10030\",\"cardAddressCountry\":null,\"cardLast4\":\"4242\",\"cardType\":\"Visa\",\"cardExpMonth\":\"8\",\"cardExpYear\":\"2016\",\"planAmount\":\"30\",\"planAmountInCents\":3000,\"planCurrency\":\"USD\",\"planInterval\":\"\",\"planIntervalCount\":\"0\",\"planName\":null,\"planDiscount\":null,\"planFullAmount\":null,\"planChoice\":null,\"planOpts\":null,\"hasDiscount\":0,\"coupon\":null,\"planCoupon\":null,\"couponStripeId\":null,\"stripeAccountBalance\":null,\"actions\":null,\"content\":null,\"request\":{\"planAmount\":\"30\",\"planCurrency\":\"USD\",\"planAmountInCents\":3000,\"planName\":null,\"planDiscount\":null,\"planFullAmount\":null,\"planChoice\":null,\"planOpts\":null,\"planInterval\":\"\",\"planIntervalCount\":\"0\",\"cardName\":null,\"cardAddressLine1\":\"310 west 143st, 4G\",\"cardAddressLine2\":null,\"cardAddressCity\":\"New York\",\"cardAddressState\":\"NY\",\"cardAddressZip\":\"10030\",\"cardAddressCountry\":null,\"cardLast4\":\"4242\",\"cardType\":\"Visa\",\"cardExpMonth\":\"8\",\"cardExpYear\":\"2016\",\"coupon\":null,\"couponStripeId\":null,\"stripeAccountBalance\":null},\"createAccount\":null,\"user\":null,\"__model__\":\"Craft\\\\ChargeModel\"}}', '2016-08-03 16:20:25', '2016-08-03 16:20:25', '02898d68-5f50-4f42-9228-ce239caa8de9'),
 ('412', 'test', 'request', '3JW7byRd4S4YFZBV8YS55LXvRUlIxZIEg2Zn', 'Charge request started ', NULL, '[]', '2016-08-03 16:22:05', '2016-08-03 16:22:05', '48b361dc-3e1e-4b68-9544-9379f0dd3bab'),
 ('413', 'test', 'api', '3JW7byRd4S4YFZBV8YS55LXvRUlIxZIEg2Zn', 'Found existing customer', NULL, '{\"customer\":{\"id\":\"1\",\"stripeId\":\"cus_8tP9YHp9S0V5Xp\",\"mode\":\"test\",\"userId\":\"1\",\"email\":\"briansbier@gmail.com\",\"name\":\"Brian Bier\",\"stripe\":null,\"dateCreated\":\"2016-07-26 20:39:49\",\"__model__\":\"Craft\\\\Charge_CustomerModel\"}}', '2016-08-03 16:22:05', '2016-08-03 16:22:05', '44040da8-93a6-4ffe-b65e-095f3d67c87d'),
 ('414', 'test', 'success', '3JW7byRd4S4YFZBV8YS55LXvRUlIxZIEg2Zn', 'Charge Successfully Completed', NULL, '{\"charge\":{\"id\":\"268\",\"enabled\":1,\"archived\":0,\"locale\":\"en_us\",\"localeEnabled\":1,\"slug\":\"5e846874243ffdb1f3ecb7b95b2caa51\",\"uri\":\"charge\\/success\\/5e846874243ffdb1f3ecb7b95b2caa51\",\"dateCreated\":\"2016-08-03 16:22:08\",\"dateUpdated\":\"2016-08-03 16:22:08\",\"root\":null,\"lft\":null,\"rgt\":null,\"level\":null,\"searchScore\":null,\"customerId\":\"1\",\"userId\":\"1\",\"type\":\"one-off\",\"mode\":\"test\",\"customerName\":null,\"customerEmail\":\"briansbier@gmail.com\",\"description\":null,\"hash\":\"5e846874243ffdb1f3ecb7b95b2caa51\",\"notes\":null,\"meta\":{\"firstName\":\"Brian\",\"lastName\":\"Bier\",\"phone\":\"12123123123123\"},\"sourceUrl\":\"donations\\/payment\",\"timestamp\":\"2016-08-03 16:22:08\",\"cardId\":null,\"cardToken\":\"tok_18eS88Kk3seM3VXeJ5PByvdO\",\"cardName\":null,\"cardAddressLine1\":\"310 west 143st, 4G\",\"cardAddressLine2\":null,\"cardAddressCity\":\"New York\",\"cardAddressState\":\"NY\",\"cardAddressZip\":\"10030\",\"cardAddressCountry\":null,\"cardLast4\":\"4242\",\"cardType\":\"Visa\",\"cardExpMonth\":\"8\",\"cardExpYear\":\"2016\",\"planAmount\":\"200\",\"planAmountInCents\":20000,\"planCurrency\":\"USD\",\"planInterval\":\"year\",\"planIntervalCount\":\"0\",\"planName\":null,\"planDiscount\":null,\"planFullAmount\":null,\"planChoice\":null,\"planOpts\":null,\"hasDiscount\":0,\"coupon\":null,\"planCoupon\":null,\"couponStripeId\":null,\"stripeAccountBalance\":null,\"actions\":null,\"content\":null,\"request\":{\"planAmount\":\"200\",\"planCurrency\":\"USD\",\"planAmountInCents\":20000,\"planName\":null,\"planDiscount\":null,\"planFullAmount\":null,\"planChoice\":null,\"planOpts\":null,\"planInterval\":\"year\",\"planIntervalCount\":\"0\",\"cardName\":null,\"cardAddressLine1\":\"310 west 143st, 4G\",\"cardAddressLine2\":null,\"cardAddressCity\":\"New York\",\"cardAddressState\":\"NY\",\"cardAddressZip\":\"10030\",\"cardAddressCountry\":null,\"cardLast4\":\"4242\",\"cardType\":\"Visa\",\"cardExpMonth\":\"8\",\"cardExpYear\":\"2016\",\"coupon\":null,\"couponStripeId\":null,\"stripeAccountBalance\":null},\"createAccount\":null,\"user\":null,\"__model__\":\"Craft\\\\ChargeModel\"}}', '2016-08-03 16:22:08', '2016-08-03 16:22:08', '9e3e360e-ad22-4df6-a5e2-caf093fe1549');



DROP TABLE IF EXISTS `craft_charge_membershipsubscription_emails`;


--
-- Schema for table `craft_charge_membershipsubscription_emails`
--
CREATE TABLE `craft_charge_membershipsubscription_emails` (
  `id` int(11) NOT NULL AUTO_INCREMENT,
  `membershipSubscriptionId` int(11) NOT NULL,
  `emailId` int(11) NOT NULL,
  `type` varchar(255) COLLATE utf8_unicode_ci NOT NULL,
  `dateCreated` datetime NOT NULL,
  `dateUpdated` datetime NOT NULL,
  `uid` char(36) COLLATE utf8_unicode_ci NOT NULL DEFAULT '0',
  PRIMARY KEY (`id`),
  KEY `craft_charg_membershipsubscripti_email_membershipSubscription_fk` (`membershipSubscriptionId`),
  KEY `craft_charge_membershipsubscription_emails_emailId_fk` (`emailId`)
) ENGINE=InnoDB DEFAULT CHARSET=utf8 COLLATE=utf8_unicode_ci;

DROP TABLE IF EXISTS `craft_charge_membershipsubscriptions`;


--
-- Schema for table `craft_charge_membershipsubscriptions`
--
CREATE TABLE `craft_charge_membershipsubscriptions` (
  `id` int(11) NOT NULL AUTO_INCREMENT,
  `name` varchar(255) COLLATE utf8_unicode_ci NOT NULL,
  `handle` varchar(255) COLLATE utf8_unicode_ci NOT NULL,
  `enabled` tinyint(1) unsigned NOT NULL DEFAULT '0',
  `activeUserGroup` varchar(255) COLLATE utf8_unicode_ci NOT NULL,
  `dateCreated` datetime NOT NULL,
  `dateUpdated` datetime NOT NULL,
  `uid` char(36) COLLATE utf8_unicode_ci NOT NULL DEFAULT '0',
  PRIMARY KEY (`id`),
  UNIQUE KEY `craft_charge_membershipsubscriptions_handle_unq_idx` (`handle`)
) ENGINE=InnoDB DEFAULT CHARSET=utf8 COLLATE=utf8_unicode_ci;

DROP TABLE IF EXISTS `craft_charge_payments`;


--
-- Schema for table `craft_charge_payments`
--
CREATE TABLE `craft_charge_payments` (
  `id` int(11) NOT NULL,
  `stripeId` varchar(255) COLLATE utf8_unicode_ci DEFAULT NULL,
  `customerId` varchar(255) COLLATE utf8_unicode_ci DEFAULT NULL,
  `mode` enum('test','live') COLLATE utf8_unicode_ci DEFAULT 'test',
  `amount` int(10) DEFAULT NULL,
  `amountRefunded` int(10) DEFAULT NULL,
  `status` varchar(255) COLLATE utf8_unicode_ci DEFAULT NULL,
  `refunded` varchar(255) COLLATE utf8_unicode_ci DEFAULT NULL,
  `paid` varchar(255) COLLATE utf8_unicode_ci DEFAULT NULL,
  `captured` varchar(255) COLLATE utf8_unicode_ci DEFAULT NULL,
  `invoiceId` varchar(255) COLLATE utf8_unicode_ci DEFAULT NULL,
  `receiptEmail` varchar(255) COLLATE utf8_unicode_ci DEFAULT NULL,
  `failureCode` varchar(255) COLLATE utf8_unicode_ci DEFAULT NULL,
  `failureMessage` varchar(255) COLLATE utf8_unicode_ci DEFAULT NULL,
  `currency` varchar(255) COLLATE utf8_unicode_ci DEFAULT NULL,
  `userId` int(10) DEFAULT NULL,
  `chargeId` int(10) DEFAULT NULL,
  `cardName` varchar(255) COLLATE utf8_unicode_ci DEFAULT NULL,
  `cardAddressLine1` varchar(255) COLLATE utf8_unicode_ci DEFAULT NULL,
  `cardAddressLine2` varchar(255) COLLATE utf8_unicode_ci DEFAULT NULL,
  `cardAddressCity` varchar(255) COLLATE utf8_unicode_ci DEFAULT NULL,
  `cardAddressState` varchar(255) COLLATE utf8_unicode_ci DEFAULT NULL,
  `cardAddressZip` varchar(255) COLLATE utf8_unicode_ci DEFAULT NULL,
  `cardAddressCountry` varchar(255) COLLATE utf8_unicode_ci DEFAULT NULL,
  `cardLast4` varchar(255) COLLATE utf8_unicode_ci DEFAULT NULL,
  `cardType` varchar(255) COLLATE utf8_unicode_ci DEFAULT NULL,
  `cardExpMonth` varchar(255) COLLATE utf8_unicode_ci DEFAULT NULL,
  `cardExpYear` varchar(255) COLLATE utf8_unicode_ci DEFAULT NULL,
  `dateCreated` datetime NOT NULL,
  `dateUpdated` datetime NOT NULL,
  `uid` char(36) COLLATE utf8_unicode_ci NOT NULL DEFAULT '0',
  PRIMARY KEY (`id`),
  KEY `craft_charge_payments_chargeId_fk` (`chargeId`),
  KEY `craft_charge_payments_userId_fk` (`userId`)
) ENGINE=InnoDB DEFAULT CHARSET=utf8 COLLATE=utf8_unicode_ci;

--
-- Data for table `craft_charge_payments`
--

INSERT INTO `craft_charge_payments` (`id`, `stripeId`, `customerId`, `mode`, `amount`, `amountRefunded`, `status`, `refunded`, `paid`, `captured`, `invoiceId`, `receiptEmail`, `failureCode`, `failureMessage`, `currency`, `userId`, `chargeId`, `cardName`, `cardAddressLine1`, `cardAddressLine2`, `cardAddressCity`, `cardAddressState`, `cardAddressZip`, `cardAddressCountry`, `cardLast4`, `cardType`, `cardExpMonth`, `cardExpYear`, `dateCreated`, `dateUpdated`, `uid`) VALUES
 ('153', 'ch_18bcLDKk3seM3VXeehWp58vZ', 'cus_8tP9YHp9S0V5Xp', 'test', '500', NULL, 'succeeded', '0', '1', '1', NULL, NULL, NULL, NULL, 'usd', '1', '152', NULL, NULL, NULL, NULL, NULL, NULL, NULL, '4242', 'Visa', '7', '2016', '2016-07-26 20:39:52', '2016-07-26 20:39:52', 'e55be508-6d59-4113-8ef9-d4804fbb14ef'),
 ('155', 'ch_18bcTKKk3seM3VXesLeWJ4vx', 'cus_8tP9YHp9S0V5Xp', 'test', '500', NULL, 'succeeded', '0', '1', '1', NULL, NULL, NULL, NULL, 'usd', '1', '154', NULL, NULL, NULL, NULL, NULL, NULL, NULL, '4242', 'Visa', '7', '2016', '2016-07-26 20:48:15', '2016-07-26 20:48:15', '8d829977-163a-43f1-95c4-744ee7d405cc'),
 ('157', 'ch_18bcTuKk3seM3VXegODQQYSw', 'cus_8tP9YHp9S0V5Xp', 'test', '500', NULL, 'succeeded', '0', '1', '1', NULL, NULL, NULL, NULL, 'usd', '1', '156', NULL, NULL, NULL, NULL, NULL, NULL, NULL, '4242', 'Visa', '7', '2016', '2016-07-26 20:48:50', '2016-07-26 20:48:50', '1afae8b7-510e-4774-b611-a776691bff35'),
 ('159', 'ch_18bcWcKk3seM3VXeMcA67RI9', 'cus_8tP9YHp9S0V5Xp', 'test', '500', NULL, 'succeeded', '0', '1', '1', NULL, NULL, NULL, NULL, 'usd', '1', '158', NULL, NULL, NULL, NULL, NULL, NULL, NULL, '4242', 'Visa', '7', '2016', '2016-07-26 20:51:39', '2016-07-26 20:51:39', '0641c5ff-6c50-4d97-b979-f90c0282a3e4'),
 ('161', 'ch_18bcYfKk3seM3VXe91z2WIBG', 'cus_8tP9YHp9S0V5Xp', 'test', '500', NULL, 'succeeded', '0', '1', '1', NULL, NULL, NULL, NULL, 'usd', '1', '160', NULL, NULL, NULL, NULL, NULL, NULL, NULL, '4242', 'Visa', '7', '2016', '2016-07-26 20:53:46', '2016-07-26 20:53:46', '16184a20-b053-49a2-8bf9-076fc10a3a4b'),
 ('163', 'ch_18bd9KKk3seM3VXexIkP7jgE', 'cus_8tP9YHp9S0V5Xp', 'test', '500', NULL, 'succeeded', '0', '1', '1', NULL, NULL, NULL, NULL, 'usd', '1', '162', NULL, NULL, NULL, NULL, NULL, NULL, NULL, '4242', 'Visa', '7', '2016', '2016-07-26 21:31:38', '2016-07-26 21:31:38', '685fe9df-aefd-443e-a855-be8fe9b2cb98'),
 ('165', 'ch_18bdB8Kk3seM3VXeblzrXfpl', 'cus_8tP9YHp9S0V5Xp', 'test', '500', NULL, 'succeeded', '0', '1', '1', NULL, NULL, NULL, NULL, 'usd', '1', '164', NULL, NULL, NULL, NULL, NULL, NULL, NULL, '4242', 'Visa', '7', '2016', '2016-07-26 21:33:30', '2016-07-26 21:33:30', 'e910e77a-b00e-4364-ab10-39aad0034e2e'),
 ('167', 'ch_18bdGDKk3seM3VXeGRGVznL0', 'cus_8tP9YHp9S0V5Xp', 'test', '500', NULL, 'succeeded', '0', '1', '1', NULL, NULL, NULL, NULL, 'usd', '1', '166', NULL, NULL, NULL, NULL, NULL, NULL, NULL, '4242', 'Visa', '7', '2016', '2016-07-26 21:38:45', '2016-07-26 21:38:45', '66727fb5-8443-42e9-a380-fb90a81ca34f'),
 ('169', 'ch_18bdVDKk3seM3VXeTcraoo3M', 'cus_8tP9YHp9S0V5Xp', 'test', '5600', NULL, 'succeeded', '0', '1', '1', NULL, NULL, NULL, NULL, 'usd', '1', '168', NULL, NULL, NULL, NULL, NULL, NULL, NULL, '4242', 'Visa', '7', '2016', '2016-07-26 21:54:16', '2016-07-26 21:54:16', 'ad862ad9-0445-410c-a7ed-88c3394dbf93'),
 ('171', 'ch_18bdYSKk3seM3VXetYtelzk4', 'cus_8tP9YHp9S0V5Xp', 'test', '1000', NULL, 'succeeded', '0', '1', '1', NULL, NULL, NULL, NULL, 'usd', '1', '170', NULL, NULL, NULL, NULL, NULL, NULL, NULL, '4242', 'Visa', '7', '2017', '2016-07-26 21:57:36', '2016-07-26 21:57:36', '834cd4a4-2f84-4e42-b99f-805919f7da58'),
 ('175', 'ch_18btSIKk3seM3VXepnuTFIux', 'cus_8tP9YHp9S0V5Xp', 'test', '10000', NULL, 'succeeded', '0', '1', '1', NULL, NULL, NULL, NULL, 'usd', '1', '174', NULL, '310 west 143st', NULL, 'New York', 'AL', NULL, 'US', '4242', 'Visa', NULL, NULL, '2016-07-27 14:56:18', '2016-07-27 14:56:18', 'c9b82487-ccf3-4505-a203-82697a68f00a'),
 ('177', 'ch_18btkaKk3seM3VXeQajzpUPo', 'cus_8tP9YHp9S0V5Xp', 'test', '111100', NULL, 'succeeded', '0', '1', '1', NULL, NULL, NULL, NULL, 'usd', '1', '176', NULL, '310 west 143st', NULL, 'New York', 'NY', NULL, 'US', '4242', 'Visa', '7', '2016', '2016-07-27 15:15:12', '2016-07-27 15:15:12', '81419aec-9915-49d8-9ba3-29d5cf783194'),
 ('179', 'ch_18btlVKk3seM3VXeGZeZpd8e', 'cus_8tP9YHp9S0V5Xp', 'test', '20000', NULL, 'succeeded', '0', '1', '1', NULL, NULL, NULL, NULL, 'usd', '1', '178', NULL, '310 west 143st', NULL, 'New York', 'NY', NULL, 'US', '4242', 'Visa', '7', '2016', '2016-07-27 15:16:09', '2016-07-27 15:16:09', '5a41ca2e-7175-4fda-b212-d12e69f36a60'),
 ('181', 'ch_18btpjKk3seM3VXeJwNWseoR', 'cus_8tP9YHp9S0V5Xp', 'test', '13400', NULL, 'succeeded', '0', '1', '1', NULL, NULL, NULL, NULL, 'usd', '1', '180', NULL, '310 west 143st', NULL, 'New York', 'NY', NULL, 'US', '4242', 'Visa', '7', '2016', '2016-07-27 15:20:32', '2016-07-27 15:20:32', 'b66817bf-343e-4578-8266-c22c344e5c57'),
 ('183', 'ch_18bvXWKk3seM3VXeSPuq9afm', 'cus_8tP9YHp9S0V5Xp', 'test', '6000', NULL, 'succeeded', '0', '1', '1', NULL, NULL, NULL, NULL, 'usd', '1', '182', NULL, '310 west 143st', NULL, '4242 4242 4242 4242', 'NY', '10030', 'US', '4242', 'Visa', '7', '2016', '2016-07-27 17:09:50', '2016-07-27 17:09:50', '29c90ccd-195a-4e68-98c0-0b743b3a8271'),
 ('185', 'ch_18bvkGKk3seM3VXefwysAOEW', 'cus_8tP9YHp9S0V5Xp', 'test', '6000', NULL, 'succeeded', '0', '1', '1', NULL, NULL, NULL, NULL, 'usd', '1', '184', NULL, '310 west 143st', NULL, 'New York', 'NY', '10030', 'US', '4242', 'Visa', NULL, NULL, '2016-07-27 17:23:01', '2016-07-27 17:23:01', '1f8a06be-cb32-4708-a0fe-a54b08f28404'),
 ('187', 'ch_18bxArKk3seM3VXevFhSW5i8', 'cus_8tP9YHp9S0V5Xp', 'test', '6600', NULL, 'succeeded', '0', '1', '1', NULL, NULL, NULL, NULL, 'usd', '1', '186', NULL, '45 fdf', NULL, '4242 4242 4242 4242', 'AL', '34343', 'US', '4242', 'Visa', '7', '2016', '2016-07-27 18:54:34', '2016-07-27 18:54:34', 'df76a336-2f0f-42f3-b846-133acf021c0d'),
 ('189', 'ch_18byUFKk3seM3VXeqy9UtgD8', 'cus_8tP9YHp9S0V5Xp', 'test', '500', NULL, 'succeeded', '0', '1', '1', NULL, NULL, NULL, NULL, 'usd', '1', '188', NULL, NULL, NULL, NULL, NULL, NULL, NULL, '4242', 'Visa', '7', '2016', '2016-07-27 20:18:39', '2016-07-27 20:18:39', 'f6a57507-400b-41ea-8f30-27f20a896163'),
 ('191', 'ch_18byY4Kk3seM3VXep0nI2seh', 'cus_8tP9YHp9S0V5Xp', 'test', '500', NULL, 'succeeded', '0', '1', '1', NULL, NULL, NULL, NULL, 'usd', '1', '190', NULL, NULL, NULL, NULL, NULL, NULL, NULL, '4242', 'Visa', '7', '2016', '2016-07-27 20:22:36', '2016-07-27 20:22:36', '1c7f0ded-f2da-4d02-bb3a-b3470f5ba7b8'),
 ('193', 'ch_18bycCKk3seM3VXe9rKqmFdi', 'cus_8tP9YHp9S0V5Xp', 'test', '500', NULL, 'succeeded', '0', '1', '1', NULL, NULL, NULL, NULL, 'usd', '1', '192', NULL, NULL, NULL, NULL, NULL, NULL, NULL, '4242', 'Visa', '7', '2016', '2016-07-27 20:26:53', '2016-07-27 20:26:53', '6f7ff505-7eba-4ce4-ac4e-879b5878a2af'),
 ('195', 'ch_18byfKKk3seM3VXe5aRkxmIf', 'cus_8tP9YHp9S0V5Xp', 'test', '500', NULL, 'succeeded', '0', '1', '1', NULL, NULL, NULL, NULL, 'usd', '1', '194', NULL, NULL, NULL, NULL, NULL, NULL, NULL, '4242', 'Visa', '7', '2016', '2016-07-27 20:30:07', '2016-07-27 20:30:07', '37180a40-77ee-4ea7-b996-848d7ddded85'),
 ('197', 'ch_18bygjKk3seM3VXe7OL2zadi', 'cus_8tP9YHp9S0V5Xp', 'test', '500', NULL, 'succeeded', '0', '1', '1', NULL, NULL, NULL, NULL, 'usd', '1', '196', NULL, NULL, NULL, NULL, NULL, NULL, NULL, '4242', 'Visa', '7', '2016', '2016-07-27 20:31:34', '2016-07-27 20:31:34', '25cb9fe7-0bb8-487c-9150-5ba3618d6d2a'),
 ('199', 'ch_18byhCKk3seM3VXecvmdHdyT', 'cus_8tP9YHp9S0V5Xp', 'test', '500', NULL, 'succeeded', '0', '1', '1', NULL, NULL, NULL, NULL, 'usd', '1', '198', NULL, NULL, NULL, NULL, NULL, NULL, NULL, '4242', 'Visa', '7', '2016', '2016-07-27 20:32:02', '2016-07-27 20:32:02', '13dc1816-386e-4c3d-809e-dd76b4d33a07'),
 ('201', 'ch_18byhyKk3seM3VXeQiAbPxqO', 'cus_8tP9YHp9S0V5Xp', 'test', '500', NULL, 'succeeded', '0', '1', '1', NULL, NULL, NULL, NULL, 'usd', '1', '200', NULL, NULL, NULL, NULL, NULL, NULL, NULL, '4242', 'Visa', '7', '2016', '2016-07-27 20:32:50', '2016-07-27 20:32:50', '79548561-2afa-4307-b982-a90387031428'),
 ('203', 'ch_18byiwKk3seM3VXehoMsTOwO', 'cus_8tP9YHp9S0V5Xp', 'test', '500', NULL, 'succeeded', '0', '1', '1', NULL, NULL, NULL, NULL, 'usd', '1', '202', NULL, '310 west 143st', NULL, 'New York', 'NY', NULL, NULL, '4242', 'Visa', '7', '2016', '2016-07-27 20:33:51', '2016-07-27 20:33:51', '199ed4d3-19b6-4d39-b51b-1cba6931a971'),
 ('205', 'ch_18bynhKk3seM3VXeB0CqcT5A', 'cus_8tP9YHp9S0V5Xp', 'test', '500', NULL, 'succeeded', '0', '1', '1', NULL, NULL, NULL, NULL, 'usd', '1', '204', NULL, '310 west 143st', NULL, 'New York', 'AL', '10030', NULL, '4242', 'Visa', NULL, NULL, '2016-07-27 20:38:46', '2016-07-27 20:38:46', '72479602-e1c2-46c6-a6a4-9dd393c513a9'),
 ('207', 'ch_18byxHKk3seM3VXenhAUh8hQ', 'cus_8tP9YHp9S0V5Xp', 'test', '500', NULL, 'succeeded', '0', '1', '1', NULL, NULL, NULL, NULL, 'usd', '1', '206', NULL, '310 west 143st', NULL, 'New York', 'NY', '10030', NULL, '4242', 'Visa', '7', '2016', '2016-07-27 20:48:39', '2016-07-27 20:48:39', '47f76b73-e72f-4d5f-aabc-e1044e072b87'),
 ('209', 'ch_18byxqKk3seM3VXeMQZNPeEG', 'cus_8tP9YHp9S0V5Xp', 'test', '500', NULL, 'succeeded', '0', '1', '1', NULL, NULL, NULL, NULL, 'usd', '1', '208', NULL, '310 west 143st', NULL, 'New York', 'NY', '10030', NULL, '4242', 'Visa', '7', '2016', '2016-07-27 20:49:15', '2016-07-27 20:49:15', 'c04df482-ffcb-45e4-9d07-7624517b890f'),
 ('211', 'ch_18byyqKk3seM3VXejsFhFzYd', 'cus_8tP9YHp9S0V5Xp', 'test', '5000', NULL, 'succeeded', '0', '1', '1', NULL, NULL, NULL, NULL, 'usd', '1', '210', NULL, '310 west 143st', NULL, 'New York', 'NY', '10030', NULL, '4242', 'Visa', '7', '2016', '2016-07-27 20:50:17', '2016-07-27 20:50:17', 'a432f0ed-1a2b-4db6-b00f-ceadcfe57dfe'),
 ('213', 'ch_18bz1YKk3seM3VXeOQxQSkuI', 'cus_8tP9YHp9S0V5Xp', 'test', '500', NULL, 'succeeded', '0', '1', '1', NULL, NULL, NULL, NULL, 'usd', '1', '212', NULL, '310 west 143st', NULL, 'New York', 'NY', '10030', NULL, '4242', 'Visa', NULL, NULL, '2016-07-27 20:53:05', '2016-07-27 20:53:05', '84e7d8cb-7db9-434d-bbe3-57a2b4252959'),
 ('215', 'ch_18bz2tKk3seM3VXeioE9Darx', 'cus_8tP9YHp9S0V5Xp', 'test', '500', NULL, 'succeeded', '0', '1', '1', NULL, NULL, NULL, NULL, 'usd', '1', '214', NULL, '310 west 143st', NULL, '4242 4242 4242 4242', 'NY', '10030', NULL, '4242', 'Visa', '7', '2016', '2016-07-27 20:54:28', '2016-07-27 20:54:28', 'd3b716e0-ad27-4a23-bfef-e7811c3fe5ee'),
 ('217', 'ch_18bz3eKk3seM3VXemjIGBaYM', 'cus_8tP9YHp9S0V5Xp', 'test', '5000', NULL, 'succeeded', '0', '1', '1', NULL, NULL, NULL, NULL, 'usd', '1', '216', NULL, '310 west 143st', NULL, '4242 4242 4242 4242', 'NY', '10030', NULL, '4242', 'Visa', '7', '2016', '2016-07-27 20:55:15', '2016-07-27 20:55:15', '7722e791-f12a-463b-8017-23320e5766b8'),
 ('219', 'ch_18bz4fKk3seM3VXeIMf3Q7Ah', 'cus_8tP9YHp9S0V5Xp', 'test', '1000', NULL, 'succeeded', '0', '1', '1', NULL, NULL, NULL, NULL, 'usd', '1', '218', NULL, '310 west 143st', NULL, '4242 4242 4242 4242', 'NY', '10030', NULL, '4242', 'Visa', '7', '2016', '2016-07-27 20:56:17', '2016-07-27 20:56:17', '7d97e441-32ca-4f16-a17e-e96b4b8389f3'),
 ('221', 'ch_18bz7CKk3seM3VXewCk7bZ9Q', 'cus_8tP9YHp9S0V5Xp', 'test', '1200', NULL, 'succeeded', '0', '1', '1', NULL, NULL, NULL, NULL, 'usd', '1', '220', NULL, '310 west 143st', NULL, '4242 4242 4242 4242', 'NY', '10030', NULL, '4242', 'Visa', '7', '2016', '2016-07-27 20:58:55', '2016-07-27 20:58:55', '60d9b04c-ce8c-42ad-bd41-a9f098bcb1f6'),
 ('223', 'ch_18bz8UKk3seM3VXeB4vAc006', 'cus_8tP9YHp9S0V5Xp', 'test', '1000', NULL, 'succeeded', '0', '1', '1', NULL, NULL, NULL, NULL, 'usd', '1', '222', NULL, '310 west 143st', NULL, '4242 4242 4242 4242', 'NY', '10030', NULL, '4242', 'Visa', '7', '2016', '2016-07-27 21:00:14', '2016-07-27 21:00:14', '4218b276-da22-4cdc-a6be-d680190d8d6f'),
 ('225', 'ch_18bzA7Kk3seM3VXekmHrO84q', 'cus_8tP9YHp9S0V5Xp', 'test', '6000', NULL, 'succeeded', '0', '1', '1', NULL, NULL, NULL, NULL, 'usd', '1', '224', NULL, '310 west 143st', NULL, '4242 4242 4242 4242', 'NY', '10030', NULL, '4242', 'Visa', '7', '2016', '2016-07-27 21:01:55', '2016-07-27 21:01:55', 'd30f4f3d-8f33-400e-82c4-8fee95cf442a'),
 ('227', 'ch_18bzAdKk3seM3VXeRUcjAywp', 'cus_8tP9YHp9S0V5Xp', 'test', '100000', NULL, 'succeeded', '0', '1', '1', NULL, NULL, NULL, NULL, 'usd', '1', '226', NULL, '310 west 143st', NULL, '4242 4242 4242 4242', 'NY', '10030', NULL, '4242', 'Visa', '7', '2016', '2016-07-27 21:02:28', '2016-07-27 21:02:28', '55cc3807-aa66-4aa2-8872-6903cc85ae00'),
 ('229', 'ch_18bzDBKk3seM3VXeRRmXz1Xt', 'cus_8tP9YHp9S0V5Xp', 'test', '1212100', NULL, 'succeeded', '0', '1', '1', NULL, NULL, NULL, NULL, 'usd', '1', '228', NULL, '310 west 143st', NULL, '4242 4242 4242 4242', 'NY', '10030', NULL, '4242', 'Visa', '7', '2016', '2016-07-27 21:05:05', '2016-07-27 21:05:05', '7cf91053-1522-4566-a640-af58bef185a0'),
 ('231', 'ch_18bzEeKk3seM3VXeJcbmMIjm', 'cus_8tP9YHp9S0V5Xp', 'test', '1312100', NULL, 'succeeded', '0', '1', '1', NULL, NULL, NULL, NULL, 'usd', '1', '230', NULL, '310 west 143st', NULL, 'New York', 'NY', '10030', NULL, '4242', 'Visa', '7', '2016', '2016-07-27 21:06:37', '2016-07-27 21:06:37', 'f901aba3-bc80-4d69-8938-01258c795e7b'),
 ('233', 'ch_18bzI8Kk3seM3VXeMuJEmrr2', 'cus_8tP9YHp9S0V5Xp', 'test', '300000', NULL, 'succeeded', '0', '1', '1', NULL, NULL, NULL, NULL, 'usd', '1', '232', NULL, '310 west 143st', NULL, 'New York', 'NY', '10030', NULL, '4242', 'Visa', '7', '2016', '2016-07-27 21:10:12', '2016-07-27 21:10:12', 'f22c4518-f4a7-47ac-8fe5-14f0a25e0534'),
 ('235', 'ch_18bzPRKk3seM3VXeL65qp8sY', 'cus_8tP9YHp9S0V5Xp', 'test', '3000', NULL, 'succeeded', '0', '1', '1', NULL, NULL, NULL, NULL, 'usd', '1', '234', NULL, '310 west 143st', NULL, 'New York', 'NY', '10030', NULL, '4242', 'Visa', '7', '2016', '2016-07-27 21:17:46', '2016-07-27 21:17:46', 'e63b047d-8f66-43c0-936f-85b0a592240d'),
 ('237', 'ch_18bzUMKk3seM3VXeC9TGhd2F', 'cus_8tP9YHp9S0V5Xp', 'test', '32300', NULL, 'succeeded', '0', '1', '1', NULL, NULL, NULL, NULL, 'usd', '1', '236', NULL, '310 west 143st', NULL, 'New York', 'NY', '10030', NULL, '4242', 'Visa', '7', '2016', '2016-07-27 21:22:51', '2016-07-27 21:22:51', 'e242e8fd-1298-4851-a89a-dffcad593d97'),
 ('239', 'ch_18bzWzKk3seM3VXeECdHhJbp', 'cus_8tP9YHp9S0V5Xp', 'test', '2100', NULL, 'succeeded', '0', '1', '1', NULL, NULL, NULL, NULL, 'usd', '1', '238', NULL, '310 west 143st', NULL, 'New York', 'NY', '10030', NULL, '4242', 'Visa', '7', '2016', '2016-07-27 21:25:33', '2016-07-27 21:25:33', '7c86146e-93b4-4ad5-9d78-a5bf85b66b6e'),
 ('241', 'ch_18bzYdKk3seM3VXedJceVaNg', 'cus_8tP9YHp9S0V5Xp', 'test', '5000', NULL, 'succeeded', '0', '1', '1', NULL, NULL, NULL, NULL, 'usd', '1', '240', NULL, NULL, NULL, NULL, NULL, NULL, NULL, '4242', 'Visa', '7', '2016', '2016-07-27 21:27:16', '2016-07-27 21:27:16', '25d1b634-c322-4a30-8e4b-a3bb5ad5b41e'),
 ('243', 'ch_18bzZCKk3seM3VXeOkaFoTaS', 'cus_8tP9YHp9S0V5Xp', 'test', '500', NULL, 'succeeded', '0', '1', '1', NULL, NULL, NULL, NULL, 'usd', '1', '242', NULL, NULL, NULL, NULL, NULL, NULL, NULL, '4242', 'Visa', NULL, NULL, '2016-07-27 21:27:51', '2016-07-27 21:27:51', '5ada8838-6b27-42b3-9dc8-b93975103852'),
 ('245', 'ch_18e4iDKk3seM3VXefGEIjn1f', 'cus_8tP9YHp9S0V5Xp', 'test', '10000', NULL, 'succeeded', '0', '1', '1', NULL, NULL, NULL, NULL, 'usd', '1', '244', NULL, '310 west 143st', NULL, 'New York', 'NY', '10030', NULL, '4242', 'Visa', '8', '2016', '2016-08-02 15:21:45', '2016-08-02 15:21:45', '29c07f82-1d2e-484d-9496-0da46c9cf9b4'),
 ('247', 'ch_18e4kUKk3seM3VXeQXP4aIEr', 'cus_8tP9YHp9S0V5Xp', 'test', '3000', NULL, 'succeeded', '0', '1', '1', NULL, NULL, NULL, NULL, 'usd', '1', '246', NULL, '310 west 143st', NULL, 'New York', 'NY', '10030', NULL, '4242', 'Visa', '8', '2016', '2016-08-02 15:24:06', '2016-08-02 15:24:06', '96b8fde2-8304-4100-8f20-020c59f66498'),
 ('249', 'ch_18e4naKk3seM3VXelThI4Iw6', 'cus_8tP9YHp9S0V5Xp', 'test', '3000', NULL, 'succeeded', '0', '1', '1', NULL, NULL, NULL, NULL, 'usd', '1', '248', NULL, '310 west 143st', NULL, 'New York', 'NY', '10030', NULL, '4242', 'Visa', '8', '2016', '2016-08-02 15:27:18', '2016-08-02 15:27:18', 'cfd38b9d-a560-4c73-8f2e-8755ced61304'),
 ('251', 'ch_18eQtWKk3seM3VXe8tMDEREz', 'cus_8tP9YHp9S0V5Xp', 'test', '11100', NULL, 'succeeded', '0', '1', '1', NULL, NULL, NULL, NULL, 'usd', '1', '250', NULL, '310 west 143st', NULL, 'New York', 'NY', '10030', NULL, '4242', 'Visa', '8', '2016', '2016-08-03 15:02:55', '2016-08-03 15:02:55', '8603758a-ecec-406d-8ea2-18e20bdc0d01'),
 ('253', 'ch_18eQwHKk3seM3VXeqzJyVSfc', 'cus_8tP9YHp9S0V5Xp', 'test', '8900', NULL, 'succeeded', '0', '1', '1', NULL, NULL, NULL, NULL, 'usd', '1', '252', NULL, '310 west 143st', NULL, 'New York', 'NY', '10030', NULL, '4242', 'Visa', '8', '2016', '2016-08-03 15:05:46', '2016-08-03 15:05:46', 'a13a9d6a-1975-4240-8b45-b1f4f05446ac'),
 ('255', 'ch_18eQwwKk3seM3VXeFtICJbUy', 'cus_8tP9YHp9S0V5Xp', 'test', '6000', NULL, 'succeeded', '0', '1', '1', NULL, NULL, NULL, NULL, 'usd', '1', '254', NULL, '310 west 143st', NULL, 'New York', 'NY', '10030', NULL, '4242', 'Visa', NULL, NULL, '2016-08-03 15:06:26', '2016-08-03 15:06:26', '1afe044c-ac3f-4b16-8b57-fc24d28ae431'),
 ('257', 'ch_18eRB9Kk3seM3VXePjOZmDYr', 'cus_8tP9YHp9S0V5Xp', 'test', '6000', '6000', 'refunded', '1', '1', '1', NULL, NULL, NULL, NULL, 'usd', '1', '256', NULL, '310 west 143st', NULL, 'New York', 'NY', '10030', NULL, '4242', 'Visa', '8', '2016', '2016-08-03 15:21:08', '2016-08-03 15:21:54', 'ffb669fd-96f7-4f6b-9416-f9fd020a8f56'),
 ('259', 'ch_18eRULKk3seM3VXeDg9OHIP2', 'cus_8tP9YHp9S0V5Xp', 'test', '3000', NULL, 'succeeded', '0', '1', '1', NULL, NULL, NULL, NULL, 'usd', '1', '258', NULL, '310 west 143st', NULL, 'New York', 'NY', '10030', NULL, '4242', 'Visa', '8', '2016', '2016-08-03 15:40:58', '2016-08-03 15:40:58', '45fe5589-7c90-4941-b00c-44b1bc1203bd'),
 ('261', 'ch_18eRYMKk3seM3VXek1JopxXO', 'cus_8tP9YHp9S0V5Xp', 'test', '3000', NULL, 'succeeded', '0', '1', '1', NULL, NULL, NULL, NULL, 'usd', '1', '260', NULL, '310 west 143st', NULL, 'New York', 'NY', '10030', NULL, '4242', 'Visa', '8', '2016', '2016-08-03 15:45:06', '2016-08-03 15:45:06', '90d38acb-9f5d-41f5-9ac5-e148236aaa8c'),
 ('263', 'ch_18eRhlKk3seM3VXet7aMzqra', 'cus_8tP9YHp9S0V5Xp', 'test', '3000', NULL, 'succeeded', '0', '1', '1', NULL, NULL, NULL, NULL, 'usd', '1', '262', NULL, '310 west 143st', NULL, 'New York', 'NY', '10030', NULL, '4242', 'Visa', '8', '2016', '2016-08-03 15:54:50', '2016-08-03 15:54:50', '2626f6dd-b135-4110-8063-b2abafae657e'),
 ('265', 'ch_18eRjoKk3seM3VXePHlyXIIK', 'cus_8tP9YHp9S0V5Xp', 'test', '3000', NULL, 'succeeded', '0', '1', '1', NULL, NULL, NULL, NULL, 'usd', '1', '264', NULL, '310 west 143st', NULL, 'New York', 'NY', '10030', NULL, '4242', 'Visa', '8', '2016', '2016-08-03 15:56:56', '2016-08-03 15:56:56', 'ccc0acf6-bf3e-495b-8388-8ff0d222d8b1'),
 ('267', 'ch_18eS6WKk3seM3VXeLNSnBmJ6', 'cus_8tP9YHp9S0V5Xp', 'test', '3000', NULL, 'succeeded', '0', '1', '1', NULL, NULL, NULL, NULL, 'usd', '1', '266', NULL, '310 west 143st, 4G', NULL, 'New York', 'NY', '10030', NULL, '4242', 'Visa', '8', '2016', '2016-08-03 16:20:25', '2016-08-03 16:20:25', 'ad9322a8-278f-4418-8be0-539c8cc6a8d4'),
 ('269', 'ch_18eS8BKk3seM3VXeQyBCBCST', 'cus_8tP9YHp9S0V5Xp', 'test', '20000', NULL, 'succeeded', '0', '1', '1', NULL, NULL, NULL, NULL, 'usd', '1', '268', NULL, '310 west 143st, 4G', NULL, 'New York', 'NY', '10030', NULL, '4242', 'Visa', '8', '2016', '2016-08-03 16:22:08', '2016-08-03 16:22:08', '244dee4d-367c-4ba6-9e23-d1bba9882bb1');



DROP TABLE IF EXISTS `craft_charge_subscriber`;


--
-- Schema for table `craft_charge_subscriber`
--
CREATE TABLE `craft_charge_subscriber` (
  `id` int(11) NOT NULL,
  `userId` int(11) NOT NULL,
  `chargeId` int(11) DEFAULT NULL,
  `membershipSubscriptionId` int(11) NOT NULL,
  `status` varchar(255) COLLATE utf8_unicode_ci NOT NULL,
  `dateCreated` datetime NOT NULL,
  `dateUpdated` datetime NOT NULL,
  `uid` char(36) COLLATE utf8_unicode_ci NOT NULL DEFAULT '0',
  PRIMARY KEY (`id`),
  KEY `craft_charge_subscriber_userId_fk` (`userId`),
  KEY `craft_charge_subscriber_chargeId_fk` (`chargeId`),
  KEY `craft_charge_subscriber_membershipSubscriptionId_fk` (`membershipSubscriptionId`)
) ENGINE=InnoDB DEFAULT CHARSET=utf8 COLLATE=utf8_unicode_ci;

DROP TABLE IF EXISTS `craft_charge_subscriptions`;


--
-- Schema for table `craft_charge_subscriptions`
--
CREATE TABLE `craft_charge_subscriptions` (
  `id` int(11) NOT NULL AUTO_INCREMENT,
  `userId` int(11) DEFAULT NULL,
  `customerId` varchar(255) COLLATE utf8_unicode_ci DEFAULT NULL,
  `chargeId` int(10) DEFAULT NULL,
  `stripeId` varchar(255) COLLATE utf8_unicode_ci DEFAULT NULL,
  `mode` enum('test','live') COLLATE utf8_unicode_ci DEFAULT 'test',
  `status` varchar(255) COLLATE utf8_unicode_ci DEFAULT NULL,
  `start` int(10) DEFAULT NULL,
  `cancelAtPeriodEnd` tinyint(1) unsigned NOT NULL DEFAULT '0',
  `currentPeriodStart` int(10) DEFAULT NULL,
  `currentPeriodEnd` int(10) DEFAULT NULL,
  `endedAt` int(10) DEFAULT NULL,
  `trialStart` int(10) DEFAULT NULL,
  `trialEnd` int(10) DEFAULT NULL,
  `canceledAt` int(10) DEFAULT NULL,
  `quantity` int(10) DEFAULT NULL,
  `applicationFeePercent` int(10) DEFAULT NULL,
  `discount` int(10) DEFAULT NULL,
  `taxPercent` int(10) DEFAULT NULL,
  `planAmount` int(10) DEFAULT NULL,
  `planName` varchar(255) COLLATE utf8_unicode_ci DEFAULT NULL,
  `planInterval` varchar(255) COLLATE utf8_unicode_ci DEFAULT NULL,
  `planIntervalCount` int(10) DEFAULT NULL,
  `planTrialPeriodDays` int(10) DEFAULT NULL,
  `planCurrency` varchar(255) COLLATE utf8_unicode_ci DEFAULT NULL,
  `planStripeId` varchar(255) COLLATE utf8_unicode_ci DEFAULT NULL,
  `dateCreated` datetime NOT NULL,
  `dateUpdated` datetime NOT NULL,
  `uid` char(36) COLLATE utf8_unicode_ci NOT NULL DEFAULT '0',
  PRIMARY KEY (`id`),
  KEY `craft_charge_subscriptions_chargeId_fk` (`chargeId`),
  KEY `craft_charge_subscriptions_userId_fk` (`userId`)
) ENGINE=InnoDB AUTO_INCREMENT=3 DEFAULT CHARSET=utf8 COLLATE=utf8_unicode_ci;

--
-- Data for table `craft_charge_subscriptions`
--

INSERT INTO `craft_charge_subscriptions` (`id`, `userId`, `customerId`, `chargeId`, `stripeId`, `mode`, `status`, `start`, `cancelAtPeriodEnd`, `currentPeriodStart`, `currentPeriodEnd`, `endedAt`, `trialStart`, `trialEnd`, `canceledAt`, `quantity`, `applicationFeePercent`, `discount`, `taxPercent`, `planAmount`, `planName`, `planInterval`, `planIntervalCount`, `planTrialPeriodDays`, `planCurrency`, `planStripeId`, `dateCreated`, `dateUpdated`, `uid`) VALUES
 ('1', '1', 'cus_8tP9YHp9S0V5Xp', '180', 'sub_8thEv0n9olfS48', 'test', 'active', '1469632831', '0', '1469632831', '1501168831', NULL, NULL, NULL, NULL, '1', NULL, NULL, NULL, '13400', '134.00 USD Every 12 Months', 'month', '12', NULL, 'usd', '134.00 USD Every 12 Months', '2016-07-27 15:20:32', '2016-07-27 15:20:32', 'e7775716-15e2-4311-8ddc-97a6dc747052'),
 ('2', '1', 'cus_8tP9YHp9S0V5Xp', '242', 'sub_8tn9dP6OByWPF8', 'test', 'active', '1469654870', '0', '1469654870', '1477603670', NULL, NULL, NULL, NULL, '1', NULL, NULL, NULL, '500', '5.00 USD Every 3 Months', 'month', '3', NULL, 'usd', '5.00 USD Every 3 Months', '2016-07-27 21:27:51', '2016-07-27 21:27:51', 'd03a946a-569c-4331-a159-84bcb356fbdf');



DROP TABLE IF EXISTS `craft_charges`;


--
-- Schema for table `craft_charges`
--
CREATE TABLE `craft_charges` (
  `id` int(11) NOT NULL,
  `userId` int(11) DEFAULT NULL,
  `type` enum('one-off','recurring') COLLATE utf8_unicode_ci NOT NULL,
  `customerId` int(10) DEFAULT NULL,
  `mode` enum('test','live') COLLATE utf8_unicode_ci DEFAULT NULL,
  `sourceUrl` varchar(255) COLLATE utf8_unicode_ci DEFAULT NULL,
  `hash` varchar(255) COLLATE utf8_unicode_ci DEFAULT NULL,
  `request` text COLLATE utf8_unicode_ci,
  `actions` text COLLATE utf8_unicode_ci,
  `meta` text COLLATE utf8_unicode_ci,
  `notes` text COLLATE utf8_unicode_ci,
  `description` varchar(255) COLLATE utf8_unicode_ci DEFAULT NULL,
  `timestamp` datetime DEFAULT NULL,
  `dateCreated` datetime NOT NULL,
  `dateUpdated` datetime NOT NULL,
  `uid` char(36) COLLATE utf8_unicode_ci NOT NULL DEFAULT '0',
  PRIMARY KEY (`id`),
  UNIQUE KEY `craft_charges_hash_unq_idx` (`hash`),
  KEY `craft_charges_customerId_idx` (`customerId`),
  KEY `craft_charges_mode_idx` (`mode`),
  KEY `craft_charges_timestamp_idx` (`timestamp`),
  KEY `craft_charges_userId_fk` (`userId`)
) ENGINE=InnoDB DEFAULT CHARSET=utf8 COLLATE=utf8_unicode_ci;

--
-- Data for table `craft_charges`
--

INSERT INTO `craft_charges` (`id`, `userId`, `type`, `customerId`, `mode`, `sourceUrl`, `hash`, `request`, `actions`, `meta`, `notes`, `description`, `timestamp`, `dateCreated`, `dateUpdated`, `uid`) VALUES
 ('152', '1', 'one-off', '1', 'test', 'donations', '3490a71fb3327be30b8bf11faa4ec726', '{\"planAmount\":\"5\",\"planCurrency\":\"USD\",\"planAmountInCents\":500,\"planName\":null,\"planDiscount\":null,\"planFullAmount\":null,\"planChoice\":null,\"planOpts\":null,\"planInterval\":\"\",\"planIntervalCount\":\"0\",\"cardName\":null,\"cardAddressLine1\":null,\"cardAddressLine2\":null,\"cardAddressCity\":null,\"cardAddressState\":null,\"cardAddressZip\":null,\"cardAddressCountry\":null,\"cardLast4\":\"4242\",\"cardType\":\"Visa\",\"cardExpMonth\":\"7\",\"cardExpYear\":\"2016\",\"coupon\":null,\"couponStripeId\":null,\"stripeAccountBalance\":null}', NULL, '[]', NULL, NULL, '2016-07-26 20:39:51', '2016-07-26 20:39:52', '2016-07-26 20:39:52', 'e02fb702-d149-42b4-8e06-b5534af6e4b3'),
 ('154', '1', 'one-off', '1', 'test', 'donations', '41fec7e1ae41417413d12550e99db117', '{\"planAmount\":\"5\",\"planCurrency\":\"USD\",\"planAmountInCents\":500,\"planName\":null,\"planDiscount\":null,\"planFullAmount\":null,\"planChoice\":null,\"planOpts\":null,\"planInterval\":\"\",\"planIntervalCount\":\"0\",\"cardName\":null,\"cardAddressLine1\":null,\"cardAddressLine2\":null,\"cardAddressCity\":null,\"cardAddressState\":null,\"cardAddressZip\":null,\"cardAddressCountry\":null,\"cardLast4\":\"4242\",\"cardType\":\"Visa\",\"cardExpMonth\":\"7\",\"cardExpYear\":\"2016\",\"coupon\":null,\"couponStripeId\":null,\"stripeAccountBalance\":null}', NULL, '[]', NULL, NULL, '2016-07-26 20:48:15', '2016-07-26 20:48:15', '2016-07-26 20:48:15', 'f3381f6d-b007-49f1-8442-542da3343145'),
 ('156', '1', 'one-off', '1', 'test', 'donations', '06366ebe9e30db045e096c312b7f4167', '{\"planAmount\":\"5\",\"planCurrency\":\"USD\",\"planAmountInCents\":500,\"planName\":null,\"planDiscount\":null,\"planFullAmount\":null,\"planChoice\":null,\"planOpts\":null,\"planInterval\":\"\",\"planIntervalCount\":\"0\",\"cardName\":null,\"cardAddressLine1\":null,\"cardAddressLine2\":null,\"cardAddressCity\":null,\"cardAddressState\":null,\"cardAddressZip\":null,\"cardAddressCountry\":null,\"cardLast4\":\"4242\",\"cardType\":\"Visa\",\"cardExpMonth\":\"7\",\"cardExpYear\":\"2016\",\"coupon\":null,\"couponStripeId\":null,\"stripeAccountBalance\":null}', NULL, '[]', NULL, NULL, '2016-07-26 20:48:50', '2016-07-26 20:48:50', '2016-07-26 20:48:50', 'eefdc024-5de6-4ec9-a1c6-23473b93417f'),
 ('158', '1', 'one-off', '1', 'test', 'donations', '3e3b34df4a755526dbb85dcd6773b01d', '{\"planAmount\":\"5\",\"planCurrency\":\"USD\",\"planAmountInCents\":500,\"planName\":null,\"planDiscount\":null,\"planFullAmount\":null,\"planChoice\":null,\"planOpts\":null,\"planInterval\":\"\",\"planIntervalCount\":\"0\",\"cardName\":null,\"cardAddressLine1\":null,\"cardAddressLine2\":null,\"cardAddressCity\":null,\"cardAddressState\":null,\"cardAddressZip\":null,\"cardAddressCountry\":null,\"cardLast4\":\"4242\",\"cardType\":\"Visa\",\"cardExpMonth\":\"7\",\"cardExpYear\":\"2016\",\"coupon\":null,\"couponStripeId\":null,\"stripeAccountBalance\":null}', NULL, '[]', NULL, NULL, '2016-07-26 20:51:39', '2016-07-26 20:51:39', '2016-07-26 20:51:39', 'f6d991c4-26ea-426e-be2d-961fb757ac8c'),
 ('160', '1', 'one-off', '1', 'test', 'donations', '186522c27f5dba08cad29be29bd77360', '{\"planAmount\":\"5\",\"planCurrency\":\"USD\",\"planAmountInCents\":500,\"planName\":null,\"planDiscount\":null,\"planFullAmount\":null,\"planChoice\":null,\"planOpts\":null,\"planInterval\":\"\",\"planIntervalCount\":\"0\",\"cardName\":null,\"cardAddressLine1\":null,\"cardAddressLine2\":null,\"cardAddressCity\":null,\"cardAddressState\":null,\"cardAddressZip\":null,\"cardAddressCountry\":null,\"cardLast4\":\"4242\",\"cardType\":\"Visa\",\"cardExpMonth\":\"7\",\"cardExpYear\":\"2016\",\"coupon\":null,\"couponStripeId\":null,\"stripeAccountBalance\":null}', NULL, '[]', NULL, NULL, '2016-07-26 20:53:45', '2016-07-26 20:53:46', '2016-07-26 20:53:46', 'face7564-41b3-42c8-a020-5b24b12a5f99'),
 ('162', '1', 'one-off', '1', 'test', 'donations', 'f99108ca4ae63b72a3ff8484228d42f6', '{\"planAmount\":\"5\",\"planCurrency\":\"USD\",\"planAmountInCents\":500,\"planName\":null,\"planDiscount\":null,\"planFullAmount\":null,\"planChoice\":null,\"planOpts\":null,\"planInterval\":\"\",\"planIntervalCount\":\"0\",\"cardName\":null,\"cardAddressLine1\":null,\"cardAddressLine2\":null,\"cardAddressCity\":null,\"cardAddressState\":null,\"cardAddressZip\":null,\"cardAddressCountry\":null,\"cardLast4\":\"4242\",\"cardType\":\"Visa\",\"cardExpMonth\":\"7\",\"cardExpYear\":\"2016\",\"coupon\":null,\"couponStripeId\":null,\"stripeAccountBalance\":null}', NULL, '[]', NULL, NULL, '2016-07-26 21:31:38', '2016-07-26 21:31:38', '2016-07-26 21:31:38', 'c63fd7bf-273c-4f8b-bace-dfdcd6423c0d'),
 ('164', '1', 'one-off', '1', 'test', 'donations', 'd320ad4d0de7cbadcdfbc4d211567d57', '{\"planAmount\":\"5\",\"planCurrency\":\"USD\",\"planAmountInCents\":500,\"planName\":null,\"planDiscount\":null,\"planFullAmount\":null,\"planChoice\":null,\"planOpts\":null,\"planInterval\":\"\",\"planIntervalCount\":\"0\",\"cardName\":null,\"cardAddressLine1\":null,\"cardAddressLine2\":null,\"cardAddressCity\":null,\"cardAddressState\":null,\"cardAddressZip\":null,\"cardAddressCountry\":null,\"cardLast4\":\"4242\",\"cardType\":\"Visa\",\"cardExpMonth\":\"7\",\"cardExpYear\":\"2016\",\"coupon\":null,\"couponStripeId\":null,\"stripeAccountBalance\":null}', NULL, '[]', NULL, NULL, '2016-07-26 21:33:30', '2016-07-26 21:33:30', '2016-07-26 21:33:30', '307bbaf6-bb7c-4345-9a9f-99295c18fc2d'),
 ('166', '1', 'one-off', '1', 'test', 'donations', '1b0cd75d51df8737254f4e4d45317d69', '{\"planAmount\":\"5\",\"planCurrency\":\"USD\",\"planAmountInCents\":500,\"planName\":null,\"planDiscount\":null,\"planFullAmount\":null,\"planChoice\":null,\"planOpts\":null,\"planInterval\":\"\",\"planIntervalCount\":\"0\",\"cardName\":null,\"cardAddressLine1\":null,\"cardAddressLine2\":null,\"cardAddressCity\":null,\"cardAddressState\":null,\"cardAddressZip\":null,\"cardAddressCountry\":null,\"cardLast4\":\"4242\",\"cardType\":\"Visa\",\"cardExpMonth\":\"7\",\"cardExpYear\":\"2016\",\"coupon\":null,\"couponStripeId\":null,\"stripeAccountBalance\":null}', NULL, '[]', NULL, NULL, '2016-07-26 21:38:45', '2016-07-26 21:38:45', '2016-07-26 21:38:45', '0674111f-9be8-46e0-a6e5-a8b7afd484fa'),
 ('168', '1', 'one-off', '1', 'test', 'donations', 'c045f73ea251ec08166e3f37093e3b50', '{\"planAmount\":\"56\",\"planCurrency\":\"USD\",\"planAmountInCents\":5600,\"planName\":null,\"planDiscount\":null,\"planFullAmount\":null,\"planChoice\":null,\"planOpts\":null,\"planInterval\":\"\",\"planIntervalCount\":\"0\",\"cardName\":null,\"cardAddressLine1\":null,\"cardAddressLine2\":null,\"cardAddressCity\":null,\"cardAddressState\":null,\"cardAddressZip\":null,\"cardAddressCountry\":null,\"cardLast4\":\"4242\",\"cardType\":\"Visa\",\"cardExpMonth\":\"7\",\"cardExpYear\":\"2016\",\"coupon\":null,\"couponStripeId\":null,\"stripeAccountBalance\":null}', NULL, '[]', NULL, NULL, '2016-07-26 21:54:16', '2016-07-26 21:54:16', '2016-07-26 21:54:16', 'a1258c0b-9526-4c92-9f71-0cfb7feb6deb'),
 ('170', '1', 'one-off', '1', 'test', 'donations', 'c148f69c2ef5916b78bb87c21872fc27', '{\"planAmount\":\"10\",\"planCurrency\":\"USD\",\"planAmountInCents\":1000,\"planName\":null,\"planDiscount\":null,\"planFullAmount\":null,\"planChoice\":null,\"planOpts\":null,\"planInterval\":\"week\",\"planIntervalCount\":\"0\",\"cardName\":null,\"cardAddressLine1\":null,\"cardAddressLine2\":null,\"cardAddressCity\":null,\"cardAddressState\":null,\"cardAddressZip\":null,\"cardAddressCountry\":null,\"cardLast4\":\"4242\",\"cardType\":\"Visa\",\"cardExpMonth\":\"7\",\"cardExpYear\":\"2017\",\"coupon\":null,\"couponStripeId\":null,\"stripeAccountBalance\":null}', NULL, '[]', NULL, NULL, '2016-07-26 21:57:36', '2016-07-26 21:57:36', '2016-07-26 21:57:36', '1cd0f3bc-9fcf-4eca-b2eb-bddd7d62fa17'),
 ('174', '1', 'one-off', '1', 'test', 'donations', '014bfbaec1333c21e036cff1761f9a8d', '{\"planAmount\":\"100\",\"planCurrency\":\"USD\",\"planAmountInCents\":10000,\"planName\":null,\"planDiscount\":null,\"planFullAmount\":null,\"planChoice\":null,\"planOpts\":null,\"planInterval\":\"\",\"planIntervalCount\":\"0\",\"cardName\":null,\"cardAddressLine1\":\"310 west 143st\",\"cardAddressLine2\":null,\"cardAddressCity\":\"New York\",\"cardAddressState\":\"AL\",\"cardAddressZip\":null,\"cardAddressCountry\":\"US\",\"cardLast4\":\"4242\",\"cardType\":\"Visa\",\"cardExpMonth\":null,\"cardExpYear\":null,\"coupon\":null,\"couponStripeId\":null,\"stripeAccountBalance\":null}', NULL, '{\"firstName\":\"\",\"lastName\":\"\",\"phone\":\"\"}', NULL, NULL, '2016-07-27 14:56:18', '2016-07-27 14:56:18', '2016-07-27 14:56:18', '4764142d-6ed8-47b0-a90a-adf035966564'),
 ('176', '1', 'one-off', '1', 'test', 'donations', 'd0c3400ebe89a7109035d2d884975bb5', '{\"planAmount\":\"1111\",\"planCurrency\":\"USD\",\"planAmountInCents\":111100,\"planName\":null,\"planDiscount\":null,\"planFullAmount\":null,\"planChoice\":null,\"planOpts\":null,\"planInterval\":\"\",\"planIntervalCount\":\"0\",\"cardName\":null,\"cardAddressLine1\":\"310 west 143st\",\"cardAddressLine2\":null,\"cardAddressCity\":\"New York\",\"cardAddressState\":\"NY\",\"cardAddressZip\":null,\"cardAddressCountry\":\"US\",\"cardLast4\":\"4242\",\"cardType\":\"Visa\",\"cardExpMonth\":\"7\",\"cardExpYear\":\"2016\",\"coupon\":null,\"couponStripeId\":null,\"stripeAccountBalance\":null}', NULL, '{\"firstName\":\"Brian\",\"lastName\":\"Bier\",\"phone\":\"\"}', NULL, NULL, '2016-07-27 15:15:12', '2016-07-27 15:15:12', '2016-07-27 15:15:12', '008386ea-e5c3-4c8a-a436-2816f33eb276'),
 ('178', '1', 'one-off', '1', 'test', 'donations', 'e6c43b7be71d0e8d4fbed71cb7aa444e', '{\"planAmount\":\"200\",\"planCurrency\":\"USD\",\"planAmountInCents\":20000,\"planName\":null,\"planDiscount\":null,\"planFullAmount\":null,\"planChoice\":null,\"planOpts\":null,\"planInterval\":\"\",\"planIntervalCount\":\"0\",\"cardName\":null,\"cardAddressLine1\":\"310 west 143st\",\"cardAddressLine2\":null,\"cardAddressCity\":\"New York\",\"cardAddressState\":\"NY\",\"cardAddressZip\":null,\"cardAddressCountry\":\"US\",\"cardLast4\":\"4242\",\"cardType\":\"Visa\",\"cardExpMonth\":\"7\",\"cardExpYear\":\"2016\",\"coupon\":null,\"couponStripeId\":null,\"stripeAccountBalance\":null}', NULL, '{\"firstName\":\"Brian\",\"lastName\":\"Bier\",\"phone\":\"646-548-4363\"}', NULL, NULL, '2016-07-27 15:16:09', '2016-07-27 15:16:09', '2016-07-27 15:16:09', 'f61e8e5e-4b76-42d7-a52b-071b760727cd'),
 ('180', '1', 'recurring', '1', 'test', 'donations', 'd1543b40d791b1079b64b9328fa28e6b', '{\"planAmount\":\"134\",\"planCurrency\":\"USD\",\"planAmountInCents\":13400,\"planName\":null,\"planDiscount\":null,\"planFullAmount\":null,\"planChoice\":null,\"planOpts\":null,\"planInterval\":\"\",\"planIntervalCount\":\"12\",\"cardName\":null,\"cardAddressLine1\":\"310 west 143st\",\"cardAddressLine2\":null,\"cardAddressCity\":\"New York\",\"cardAddressState\":\"NY\",\"cardAddressZip\":null,\"cardAddressCountry\":\"US\",\"cardLast4\":\"4242\",\"cardType\":\"Visa\",\"cardExpMonth\":\"7\",\"cardExpYear\":\"2016\",\"coupon\":null,\"couponStripeId\":null,\"stripeAccountBalance\":null}', NULL, '{\"firstName\":\"Brian\",\"lastName\":\"Bier\",\"phone\":\"123456342\"}', NULL, NULL, '2016-07-27 15:20:32', '2016-07-27 15:20:32', '2016-07-27 15:20:32', '0d30cfd6-1329-4aae-8239-69c556b76163'),
 ('182', '1', 'one-off', '1', 'test', 'donations', '337e87effd172b7684f25192e6e814e4', '{\"planAmount\":\"60\",\"planCurrency\":\"USD\",\"planAmountInCents\":6000,\"planName\":null,\"planDiscount\":null,\"planFullAmount\":null,\"planChoice\":null,\"planOpts\":null,\"planInterval\":\"\",\"planIntervalCount\":null,\"cardName\":null,\"cardAddressLine1\":\"310 west 143st\",\"cardAddressLine2\":null,\"cardAddressCity\":\"4242 4242 4242 4242\",\"cardAddressState\":\"NY\",\"cardAddressZip\":\"10030\",\"cardAddressCountry\":\"US\",\"cardLast4\":\"4242\",\"cardType\":\"Visa\",\"cardExpMonth\":\"7\",\"cardExpYear\":\"2016\",\"coupon\":null,\"couponStripeId\":null,\"stripeAccountBalance\":null}', NULL, '{\"firstName\":\"Brian\",\"lastName\":\"Bier\",\"phone\":\"646-548-3333\"}', NULL, NULL, '2016-07-27 17:09:50', '2016-07-27 17:09:50', '2016-07-27 17:09:50', 'e19940aa-1342-48d9-9568-c53b4d4d484d'),
 ('184', '1', 'one-off', '1', 'test', 'donations', 'ed06661160a39590d2a5493be7c42e96', '{\"planAmount\":\"60\",\"planCurrency\":\"USD\",\"planAmountInCents\":6000,\"planName\":null,\"planDiscount\":null,\"planFullAmount\":null,\"planChoice\":null,\"planOpts\":null,\"planInterval\":\"\",\"planIntervalCount\":null,\"cardName\":null,\"cardAddressLine1\":\"310 west 143st\",\"cardAddressLine2\":null,\"cardAddressCity\":\"New York\",\"cardAddressState\":\"NY\",\"cardAddressZip\":\"10030\",\"cardAddressCountry\":\"US\",\"cardLast4\":\"4242\",\"cardType\":\"Visa\",\"cardExpMonth\":null,\"cardExpYear\":null,\"coupon\":null,\"couponStripeId\":null,\"stripeAccountBalance\":null}', NULL, '{\"firstName\":\"Brian\",\"lastName\":\"Bier\",\"phone\":\"88888888\"}', NULL, NULL, '2016-07-27 17:23:01', '2016-07-27 17:23:01', '2016-07-27 17:23:01', '8eedfbdb-a47e-40fb-a06b-c9286adc4fb8'),
 ('186', '1', 'one-off', '1', 'test', 'donations', 'd860feab6496a644b149ea82b8680733', '{\"planAmount\":\"66\",\"planCurrency\":\"USD\",\"planAmountInCents\":6600,\"planName\":null,\"planDiscount\":null,\"planFullAmount\":null,\"planChoice\":null,\"planOpts\":null,\"planInterval\":\"\",\"planIntervalCount\":null,\"cardName\":null,\"cardAddressLine1\":\"45 fdf\",\"cardAddressLine2\":null,\"cardAddressCity\":\"4242 4242 4242 4242\",\"cardAddressState\":\"AL\",\"cardAddressZip\":\"34343\",\"cardAddressCountry\":\"US\",\"cardLast4\":\"4242\",\"cardType\":\"Visa\",\"cardExpMonth\":\"7\",\"cardExpYear\":\"2016\",\"coupon\":null,\"couponStripeId\":null,\"stripeAccountBalance\":null}', NULL, '{\"firstName\":\"Dave\",\"lastName\":\"F\",\"phone\":\"\"}', NULL, NULL, '2016-07-27 18:54:34', '2016-07-27 18:54:34', '2016-07-27 18:54:34', '5cf94c67-b45d-4df3-a1d0-8ffa78e98a48'),
 ('188', '1', 'one-off', '1', 'test', 'donations', '60af75549a68d019fc6afc2cd37783ea', '{\"planAmount\":\"5\",\"planCurrency\":\"USD\",\"planAmountInCents\":500,\"planName\":null,\"planDiscount\":null,\"planFullAmount\":null,\"planChoice\":null,\"planOpts\":null,\"planInterval\":\"\",\"planIntervalCount\":\"0\",\"cardName\":null,\"cardAddressLine1\":null,\"cardAddressLine2\":null,\"cardAddressCity\":null,\"cardAddressState\":null,\"cardAddressZip\":null,\"cardAddressCountry\":null,\"cardLast4\":\"4242\",\"cardType\":\"Visa\",\"cardExpMonth\":\"7\",\"cardExpYear\":\"2016\",\"coupon\":null,\"couponStripeId\":null,\"stripeAccountBalance\":null}', NULL, '[]', NULL, NULL, '2016-07-27 20:18:39', '2016-07-27 20:18:39', '2016-07-27 20:18:39', 'd8082949-07ca-47e4-9e08-0c3c4dd8b99e'),
 ('190', '1', 'one-off', '1', 'test', 'donations', 'beafde79b27332cedc345141c4e23b75', '{\"planAmount\":\"5\",\"planCurrency\":\"USD\",\"planAmountInCents\":500,\"planName\":null,\"planDiscount\":null,\"planFullAmount\":null,\"planChoice\":null,\"planOpts\":null,\"planInterval\":\"\",\"planIntervalCount\":\"0\",\"cardName\":null,\"cardAddressLine1\":null,\"cardAddressLine2\":null,\"cardAddressCity\":null,\"cardAddressState\":null,\"cardAddressZip\":null,\"cardAddressCountry\":null,\"cardLast4\":\"4242\",\"cardType\":\"Visa\",\"cardExpMonth\":\"7\",\"cardExpYear\":\"2016\",\"coupon\":null,\"couponStripeId\":null,\"stripeAccountBalance\":null}', NULL, '[]', NULL, NULL, '2016-07-27 20:22:36', '2016-07-27 20:22:36', '2016-07-27 20:22:36', '3dab5c22-60b4-4320-96fe-1c2fda95be72'),
 ('192', '1', 'one-off', '1', 'test', 'donations', '7aa6c97cbe862cde888fa7370ef5d267', '{\"planAmount\":\"5\",\"planCurrency\":\"USD\",\"planAmountInCents\":500,\"planName\":null,\"planDiscount\":null,\"planFullAmount\":null,\"planChoice\":null,\"planOpts\":null,\"planInterval\":\"\",\"planIntervalCount\":\"0\",\"cardName\":null,\"cardAddressLine1\":null,\"cardAddressLine2\":null,\"cardAddressCity\":null,\"cardAddressState\":null,\"cardAddressZip\":null,\"cardAddressCountry\":null,\"cardLast4\":\"4242\",\"cardType\":\"Visa\",\"cardExpMonth\":\"7\",\"cardExpYear\":\"2016\",\"coupon\":null,\"couponStripeId\":null,\"stripeAccountBalance\":null}', NULL, '{\"firstName\":\"Brian\"}', NULL, NULL, '2016-07-27 20:26:52', '2016-07-27 20:26:53', '2016-07-27 20:26:53', '2dd81fe7-413c-4dd9-a2c6-0897113fcc5a'),
 ('194', '1', 'one-off', '1', 'test', 'donations', '69e8c41711185387877fe8897f4a16c6', '{\"planAmount\":\"5\",\"planCurrency\":\"USD\",\"planAmountInCents\":500,\"planName\":null,\"planDiscount\":null,\"planFullAmount\":null,\"planChoice\":null,\"planOpts\":null,\"planInterval\":\"\",\"planIntervalCount\":\"0\",\"cardName\":null,\"cardAddressLine1\":null,\"cardAddressLine2\":null,\"cardAddressCity\":null,\"cardAddressState\":null,\"cardAddressZip\":null,\"cardAddressCountry\":null,\"cardLast4\":\"4242\",\"cardType\":\"Visa\",\"cardExpMonth\":\"7\",\"cardExpYear\":\"2016\",\"coupon\":null,\"couponStripeId\":null,\"stripeAccountBalance\":null}', NULL, '[]', NULL, NULL, '2016-07-27 20:30:07', '2016-07-27 20:30:07', '2016-07-27 20:30:07', '974cc06a-4e31-47d3-916a-57593f20ead8'),
 ('196', '1', 'one-off', '1', 'test', 'donations', '22c802797bd5dbc8280ddb345ee9dd3c', '{\"planAmount\":\"5\",\"planCurrency\":\"USD\",\"planAmountInCents\":500,\"planName\":null,\"planDiscount\":null,\"planFullAmount\":null,\"planChoice\":null,\"planOpts\":null,\"planInterval\":\"\",\"planIntervalCount\":\"0\",\"cardName\":null,\"cardAddressLine1\":null,\"cardAddressLine2\":null,\"cardAddressCity\":null,\"cardAddressState\":null,\"cardAddressZip\":null,\"cardAddressCountry\":null,\"cardLast4\":\"4242\",\"cardType\":\"Visa\",\"cardExpMonth\":\"7\",\"cardExpYear\":\"2016\",\"coupon\":null,\"couponStripeId\":null,\"stripeAccountBalance\":null}', NULL, '{\"firstName\":\"Brian\"}', NULL, NULL, '2016-07-27 20:31:34', '2016-07-27 20:31:34', '2016-07-27 20:31:34', 'c697c2b3-d63e-408b-b605-918fa5e0f965'),
 ('198', '1', 'one-off', '1', 'test', 'donations', '20b7123c357f69706691502889dca2dd', '{\"planAmount\":\"5\",\"planCurrency\":\"USD\",\"planAmountInCents\":500,\"planName\":null,\"planDiscount\":null,\"planFullAmount\":null,\"planChoice\":null,\"planOpts\":null,\"planInterval\":\"\",\"planIntervalCount\":\"0\",\"cardName\":null,\"cardAddressLine1\":null,\"cardAddressLine2\":null,\"cardAddressCity\":null,\"cardAddressState\":null,\"cardAddressZip\":null,\"cardAddressCountry\":null,\"cardLast4\":\"4242\",\"cardType\":\"Visa\",\"cardExpMonth\":\"7\",\"cardExpYear\":\"2016\",\"coupon\":null,\"couponStripeId\":null,\"stripeAccountBalance\":null}', NULL, '{\"firstName\":\"Brian\"}', NULL, NULL, '2016-07-27 20:32:02', '2016-07-27 20:32:02', '2016-07-27 20:32:02', '39bd5b10-939a-4993-89a2-b4f463fa7ce7'),
 ('200', '1', 'one-off', '1', 'test', 'donations', 'ea33d3e23933d1aaeeccacae643f3670', '{\"planAmount\":\"5\",\"planCurrency\":\"USD\",\"planAmountInCents\":500,\"planName\":null,\"planDiscount\":null,\"planFullAmount\":null,\"planChoice\":null,\"planOpts\":null,\"planInterval\":\"\",\"planIntervalCount\":\"0\",\"cardName\":null,\"cardAddressLine1\":null,\"cardAddressLine2\":null,\"cardAddressCity\":null,\"cardAddressState\":null,\"cardAddressZip\":null,\"cardAddressCountry\":null,\"cardLast4\":\"4242\",\"cardType\":\"Visa\",\"cardExpMonth\":\"7\",\"cardExpYear\":\"2016\",\"coupon\":null,\"couponStripeId\":null,\"stripeAccountBalance\":null}', NULL, '{\"firstName\":\"Brian\",\"lastName\":\"Bier\"}', NULL, NULL, '2016-07-27 20:32:50', '2016-07-27 20:32:50', '2016-07-27 20:32:50', 'eccfc4fc-906e-4eff-a336-9737929d9cbd'),
 ('202', '1', 'one-off', '1', 'test', 'donations', 'd8678df38fb8517ce3ca6084abeeb1bf', '{\"planAmount\":\"5\",\"planCurrency\":\"USD\",\"planAmountInCents\":500,\"planName\":null,\"planDiscount\":null,\"planFullAmount\":null,\"planChoice\":null,\"planOpts\":null,\"planInterval\":\"\",\"planIntervalCount\":\"0\",\"cardName\":null,\"cardAddressLine1\":\"310 west 143st\",\"cardAddressLine2\":null,\"cardAddressCity\":\"New York\",\"cardAddressState\":\"NY\",\"cardAddressZip\":null,\"cardAddressCountry\":null,\"cardLast4\":\"4242\",\"cardType\":\"Visa\",\"cardExpMonth\":\"7\",\"cardExpYear\":\"2016\",\"coupon\":null,\"couponStripeId\":null,\"stripeAccountBalance\":null}', NULL, '{\"firstName\":\"Brian\",\"lastName\":\"Bier\"}', NULL, NULL, '2016-07-27 20:33:51', '2016-07-27 20:33:51', '2016-07-27 20:33:51', 'eb2f9a76-d29b-43b9-a7fa-5ab14bd8d05b'),
 ('204', '1', 'one-off', '1', 'test', 'donations', 'af6f3d943130629459c6ee6defe0e756', '{\"planAmount\":\"5\",\"planCurrency\":\"USD\",\"planAmountInCents\":500,\"planName\":null,\"planDiscount\":null,\"planFullAmount\":null,\"planChoice\":null,\"planOpts\":null,\"planInterval\":\"\",\"planIntervalCount\":\"0\",\"cardName\":null,\"cardAddressLine1\":\"310 west 143st\",\"cardAddressLine2\":null,\"cardAddressCity\":\"New York\",\"cardAddressState\":\"AL\",\"cardAddressZip\":\"10030\",\"cardAddressCountry\":null,\"cardLast4\":\"4242\",\"cardType\":\"Visa\",\"cardExpMonth\":null,\"cardExpYear\":null,\"coupon\":null,\"couponStripeId\":null,\"stripeAccountBalance\":null}', NULL, '{\"firstName\":\"\",\"lastName\":\"\",\"phone\":\"\"}', NULL, NULL, '2016-07-27 20:38:45', '2016-07-27 20:38:46', '2016-07-27 20:38:46', '276da198-c52c-4303-a002-2425a139f9a3'),
 ('206', '1', 'one-off', '1', 'test', 'donations', 'f67b15134fca36e0ce880ec329626d2d', '{\"planAmount\":\"5\",\"planCurrency\":\"USD\",\"planAmountInCents\":500,\"planName\":null,\"planDiscount\":null,\"planFullAmount\":null,\"planChoice\":null,\"planOpts\":null,\"planInterval\":\"\",\"planIntervalCount\":\"0\",\"cardName\":null,\"cardAddressLine1\":\"310 west 143st\",\"cardAddressLine2\":null,\"cardAddressCity\":\"New York\",\"cardAddressState\":\"NY\",\"cardAddressZip\":\"10030\",\"cardAddressCountry\":null,\"cardLast4\":\"4242\",\"cardType\":\"Visa\",\"cardExpMonth\":\"7\",\"cardExpYear\":\"2016\",\"coupon\":null,\"couponStripeId\":null,\"stripeAccountBalance\":null}', NULL, '{\"firstName\":\"Brian\",\"lastName\":\"Bier\",\"phone\":\"\"}', NULL, NULL, '2016-07-27 20:48:39', '2016-07-27 20:48:39', '2016-07-27 20:48:39', '7491da50-0d8e-40eb-9a7f-cd1133456b8d'),
 ('208', '1', 'one-off', '1', 'test', 'donations', '9b5027547299dcd2b423963596a5e999', '{\"planAmount\":\"5\",\"planCurrency\":\"USD\",\"planAmountInCents\":500,\"planName\":null,\"planDiscount\":null,\"planFullAmount\":null,\"planChoice\":null,\"planOpts\":null,\"planInterval\":null,\"planIntervalCount\":\"0\",\"cardName\":null,\"cardAddressLine1\":\"310 west 143st\",\"cardAddressLine2\":null,\"cardAddressCity\":\"New York\",\"cardAddressState\":\"NY\",\"cardAddressZip\":\"10030\",\"cardAddressCountry\":null,\"cardLast4\":\"4242\",\"cardType\":\"Visa\",\"cardExpMonth\":\"7\",\"cardExpYear\":\"2016\",\"coupon\":null,\"couponStripeId\":null,\"stripeAccountBalance\":null}', NULL, '{\"firstName\":\"Brian\",\"lastName\":\"Bier\",\"phone\":\"\"}', NULL, NULL, '2016-07-27 20:49:15', '2016-07-27 20:49:15', '2016-07-27 20:49:15', 'ec1101f9-8b11-42ca-bf13-a75e436976be'),
 ('210', '1', 'one-off', '1', 'test', 'donations', '44e08ec709b128461b42ce659b692d1a', '{\"planAmount\":\"50\",\"planCurrency\":\"USD\",\"planAmountInCents\":5000,\"planName\":null,\"planDiscount\":null,\"planFullAmount\":null,\"planChoice\":null,\"planOpts\":null,\"planInterval\":null,\"planIntervalCount\":null,\"cardName\":null,\"cardAddressLine1\":\"310 west 143st\",\"cardAddressLine2\":null,\"cardAddressCity\":\"New York\",\"cardAddressState\":\"NY\",\"cardAddressZip\":\"10030\",\"cardAddressCountry\":null,\"cardLast4\":\"4242\",\"cardType\":\"Visa\",\"cardExpMonth\":\"7\",\"cardExpYear\":\"2016\",\"coupon\":null,\"couponStripeId\":null,\"stripeAccountBalance\":null}', NULL, '{\"firstName\":\"Brian\",\"lastName\":\"Bier\",\"phone\":\"\"}', NULL, NULL, '2016-07-27 20:50:17', '2016-07-27 20:50:17', '2016-07-27 20:50:17', '8298aa68-d121-4fae-924c-4ccf70784b25'),
 ('212', '1', 'one-off', '1', 'test', 'donations', '6f1572d125d321c7752ddf6806f7f4d2', '{\"planAmount\":\"5\",\"planCurrency\":\"USD\",\"planAmountInCents\":500,\"planName\":null,\"planDiscount\":null,\"planFullAmount\":null,\"planChoice\":null,\"planOpts\":null,\"planInterval\":null,\"planIntervalCount\":null,\"cardName\":null,\"cardAddressLine1\":\"310 west 143st\",\"cardAddressLine2\":null,\"cardAddressCity\":\"New York\",\"cardAddressState\":\"NY\",\"cardAddressZip\":\"10030\",\"cardAddressCountry\":null,\"cardLast4\":\"4242\",\"cardType\":\"Visa\",\"cardExpMonth\":null,\"cardExpYear\":null,\"coupon\":null,\"couponStripeId\":null,\"stripeAccountBalance\":null}', NULL, '{\"firstName\":\"Brian\",\"lastName\":\"Bier\",\"phone\":\"\"}', NULL, NULL, '2016-07-27 20:53:05', '2016-07-27 20:53:05', '2016-07-27 20:53:05', 'b9bec8da-b9e2-4dac-bc32-1692503b2b86'),
 ('214', '1', 'one-off', '1', 'test', 'donations', '447c3329b97133dde64de863c8554123', '{\"planAmount\":\"5\",\"planCurrency\":\"USD\",\"planAmountInCents\":500,\"planName\":null,\"planDiscount\":null,\"planFullAmount\":null,\"planChoice\":null,\"planOpts\":null,\"planInterval\":null,\"planIntervalCount\":null,\"cardName\":null,\"cardAddressLine1\":\"310 west 143st\",\"cardAddressLine2\":null,\"cardAddressCity\":\"4242 4242 4242 4242\",\"cardAddressState\":\"NY\",\"cardAddressZip\":\"10030\",\"cardAddressCountry\":null,\"cardLast4\":\"4242\",\"cardType\":\"Visa\",\"cardExpMonth\":\"7\",\"cardExpYear\":\"2016\",\"coupon\":null,\"couponStripeId\":null,\"stripeAccountBalance\":null}', NULL, '{\"firstName\":\"Brian\",\"lastName\":\"Bier\",\"phone\":\"\"}', NULL, NULL, '2016-07-27 20:54:28', '2016-07-27 20:54:28', '2016-07-27 20:54:28', '3f631354-ac9f-473e-8eb1-b8e38a5671ee'),
 ('216', '1', 'one-off', '1', 'test', 'donations', '27b26d6374808399274a533d54fb3d7f', '{\"planAmount\":\"50\",\"planCurrency\":\"USD\",\"planAmountInCents\":5000,\"planName\":null,\"planDiscount\":null,\"planFullAmount\":null,\"planChoice\":null,\"planOpts\":null,\"planInterval\":null,\"planIntervalCount\":null,\"cardName\":null,\"cardAddressLine1\":\"310 west 143st\",\"cardAddressLine2\":null,\"cardAddressCity\":\"4242 4242 4242 4242\",\"cardAddressState\":\"NY\",\"cardAddressZip\":\"10030\",\"cardAddressCountry\":null,\"cardLast4\":\"4242\",\"cardType\":\"Visa\",\"cardExpMonth\":\"7\",\"cardExpYear\":\"2016\",\"coupon\":null,\"couponStripeId\":null,\"stripeAccountBalance\":null}', NULL, '{\"firstName\":\"Brian\",\"lastName\":\"Bier\",\"phone\":\"\"}', NULL, NULL, '2016-07-27 20:55:15', '2016-07-27 20:55:15', '2016-07-27 20:55:15', '12212f87-1fd4-4761-8e77-d91057783547'),
 ('218', '1', 'one-off', '1', 'test', 'donations', '3279ec86e9c9c874f1688207c8c3a10a', '{\"planAmount\":\"10\",\"planCurrency\":\"USD\",\"planAmountInCents\":1000,\"planName\":null,\"planDiscount\":null,\"planFullAmount\":null,\"planChoice\":null,\"planOpts\":null,\"planInterval\":null,\"planIntervalCount\":null,\"cardName\":null,\"cardAddressLine1\":\"310 west 143st\",\"cardAddressLine2\":null,\"cardAddressCity\":\"4242 4242 4242 4242\",\"cardAddressState\":\"NY\",\"cardAddressZip\":\"10030\",\"cardAddressCountry\":null,\"cardLast4\":\"4242\",\"cardType\":\"Visa\",\"cardExpMonth\":\"7\",\"cardExpYear\":\"2016\",\"coupon\":null,\"couponStripeId\":null,\"stripeAccountBalance\":null}', NULL, '{\"firstName\":\"Brian\",\"lastName\":\"Bier\",\"phone\":\"\"}', NULL, NULL, '2016-07-27 20:56:17', '2016-07-27 20:56:17', '2016-07-27 20:56:17', '402e7376-0423-4b7c-b37d-6696633207a7'),
 ('220', '1', 'one-off', '1', 'test', 'donations/payment', '5999d16fee95eb2cb30b9756f325bae6', '{\"planAmount\":\"12\",\"planCurrency\":\"USD\",\"planAmountInCents\":1200,\"planName\":null,\"planDiscount\":null,\"planFullAmount\":null,\"planChoice\":null,\"planOpts\":null,\"planInterval\":\"\",\"planIntervalCount\":null,\"cardName\":null,\"cardAddressLine1\":\"310 west 143st\",\"cardAddressLine2\":null,\"cardAddressCity\":\"4242 4242 4242 4242\",\"cardAddressState\":\"NY\",\"cardAddressZip\":\"10030\",\"cardAddressCountry\":null,\"cardLast4\":\"4242\",\"cardType\":\"Visa\",\"cardExpMonth\":\"7\",\"cardExpYear\":\"2016\",\"coupon\":null,\"couponStripeId\":null,\"stripeAccountBalance\":null}', NULL, '{\"firstName\":\"Brian\",\"lastName\":\"Bier\",\"phone\":\"\"}', NULL, NULL, '2016-07-27 20:58:55', '2016-07-27 20:58:55', '2016-07-27 20:58:55', '3eb7d592-757d-4982-b01d-6241183362ed'),
 ('222', '1', 'one-off', '1', 'test', 'donations/payment', '25fa2d3124b5498bf979c3922771617b', '{\"planAmount\":\"10\",\"planCurrency\":\"USD\",\"planAmountInCents\":1000,\"planName\":null,\"planDiscount\":null,\"planFullAmount\":null,\"planChoice\":null,\"planOpts\":null,\"planInterval\":\"year\",\"planIntervalCount\":null,\"cardName\":null,\"cardAddressLine1\":\"310 west 143st\",\"cardAddressLine2\":null,\"cardAddressCity\":\"4242 4242 4242 4242\",\"cardAddressState\":\"NY\",\"cardAddressZip\":\"10030\",\"cardAddressCountry\":null,\"cardLast4\":\"4242\",\"cardType\":\"Visa\",\"cardExpMonth\":\"7\",\"cardExpYear\":\"2016\",\"coupon\":null,\"couponStripeId\":null,\"stripeAccountBalance\":null}', NULL, '{\"firstName\":\"Brian\",\"lastName\":\"Bier\",\"phone\":\"\"}', NULL, NULL, '2016-07-27 21:00:14', '2016-07-27 21:00:14', '2016-07-27 21:00:14', 'd2b44086-0b9e-4f34-9f93-375cd6154648'),
 ('224', '1', 'one-off', '1', 'test', 'donations/payment', '47e0cc045999f9227aab22ab382337a4', '{\"planAmount\":\"60\",\"planCurrency\":\"USD\",\"planAmountInCents\":6000,\"planName\":null,\"planDiscount\":null,\"planFullAmount\":null,\"planChoice\":null,\"planOpts\":null,\"planInterval\":\"\",\"planIntervalCount\":null,\"cardName\":null,\"cardAddressLine1\":\"310 west 143st\",\"cardAddressLine2\":null,\"cardAddressCity\":\"4242 4242 4242 4242\",\"cardAddressState\":\"NY\",\"cardAddressZip\":\"10030\",\"cardAddressCountry\":null,\"cardLast4\":\"4242\",\"cardType\":\"Visa\",\"cardExpMonth\":\"7\",\"cardExpYear\":\"2016\",\"coupon\":null,\"couponStripeId\":null,\"stripeAccountBalance\":null}', NULL, '{\"firstName\":\"Brian\",\"lastName\":\"Bier\",\"phone\":\"\"}', NULL, NULL, '2016-07-27 21:01:55', '2016-07-27 21:01:55', '2016-07-27 21:01:55', 'f976de3c-f870-432b-a16b-eebaf99bf8c3'),
 ('226', '1', 'one-off', '1', 'test', 'donations/payment', 'd31a3d4eb35ec8b399f9acb8e97437ee', '{\"planAmount\":\"1000\",\"planCurrency\":\"USD\",\"planAmountInCents\":100000,\"planName\":null,\"planDiscount\":null,\"planFullAmount\":null,\"planChoice\":null,\"planOpts\":null,\"planInterval\":\"\",\"planIntervalCount\":null,\"cardName\":null,\"cardAddressLine1\":\"310 west 143st\",\"cardAddressLine2\":null,\"cardAddressCity\":\"4242 4242 4242 4242\",\"cardAddressState\":\"NY\",\"cardAddressZip\":\"10030\",\"cardAddressCountry\":null,\"cardLast4\":\"4242\",\"cardType\":\"Visa\",\"cardExpMonth\":\"7\",\"cardExpYear\":\"2016\",\"coupon\":null,\"couponStripeId\":null,\"stripeAccountBalance\":null}', NULL, '{\"firstName\":\"Brian\",\"lastName\":\"Bier\",\"phone\":\"646-548-3333\"}', NULL, NULL, '2016-07-27 21:02:27', '2016-07-27 21:02:28', '2016-07-27 21:02:28', '061fdf53-4b05-4542-8ca7-34c30b7663b2'),
 ('228', '1', 'one-off', '1', 'test', 'donations/payment', '2ed75529e74dd7262ea9addc317efcac', '{\"planAmount\":\"12121\",\"planCurrency\":\"USD\",\"planAmountInCents\":1212100,\"planName\":null,\"planDiscount\":null,\"planFullAmount\":null,\"planChoice\":null,\"planOpts\":null,\"planInterval\":\"\",\"planIntervalCount\":null,\"cardName\":null,\"cardAddressLine1\":\"310 west 143st\",\"cardAddressLine2\":null,\"cardAddressCity\":\"4242 4242 4242 4242\",\"cardAddressState\":\"NY\",\"cardAddressZip\":\"10030\",\"cardAddressCountry\":null,\"cardLast4\":\"4242\",\"cardType\":\"Visa\",\"cardExpMonth\":\"7\",\"cardExpYear\":\"2016\",\"coupon\":null,\"couponStripeId\":null,\"stripeAccountBalance\":null}', NULL, '{\"firstName\":\"Brian\",\"lastName\":\"Bier\",\"phone\":\"\"}', NULL, NULL, '2016-07-27 21:05:05', '2016-07-27 21:05:05', '2016-07-27 21:05:05', '9e8e1ef8-1e08-4df8-970b-ea9e4cca9d1e'),
 ('230', '1', 'one-off', '1', 'test', 'donations/payment', '3a7db39eb8ff7e14b0f1e1d7b9da6ece', '{\"planAmount\":\"13121\",\"planCurrency\":\"USD\",\"planAmountInCents\":1312100,\"planName\":null,\"planDiscount\":null,\"planFullAmount\":null,\"planChoice\":null,\"planOpts\":null,\"planInterval\":\"\",\"planIntervalCount\":null,\"cardName\":null,\"cardAddressLine1\":\"310 west 143st\",\"cardAddressLine2\":null,\"cardAddressCity\":\"New York\",\"cardAddressState\":\"NY\",\"cardAddressZip\":\"10030\",\"cardAddressCountry\":null,\"cardLast4\":\"4242\",\"cardType\":\"Visa\",\"cardExpMonth\":\"7\",\"cardExpYear\":\"2016\",\"coupon\":null,\"couponStripeId\":null,\"stripeAccountBalance\":null}', NULL, '{\"firstName\":\"Brian\",\"lastName\":\"Bier\",\"phone\":\"\"}', NULL, NULL, '2016-07-27 21:06:37', '2016-07-27 21:06:37', '2016-07-27 21:06:37', '9fc3489b-5d7f-4a34-8eeb-1bcc83049fca'),
 ('232', '1', 'one-off', '1', 'test', 'donations/payment', 'a4cba0c5940f190e43a87d79d1198e83', '{\"planAmount\":\"3000\",\"planCurrency\":\"USD\",\"planAmountInCents\":300000,\"planName\":null,\"planDiscount\":null,\"planFullAmount\":null,\"planChoice\":null,\"planOpts\":null,\"planInterval\":\"month\",\"planIntervalCount\":null,\"cardName\":null,\"cardAddressLine1\":\"310 west 143st\",\"cardAddressLine2\":null,\"cardAddressCity\":\"New York\",\"cardAddressState\":\"NY\",\"cardAddressZip\":\"10030\",\"cardAddressCountry\":null,\"cardLast4\":\"4242\",\"cardType\":\"Visa\",\"cardExpMonth\":\"7\",\"cardExpYear\":\"2016\",\"coupon\":null,\"couponStripeId\":null,\"stripeAccountBalance\":null}', NULL, '{\"firstName\":\"Brian\",\"lastName\":\"Bier\",\"phone\":\"\"}', NULL, NULL, '2016-07-27 21:10:12', '2016-07-27 21:10:12', '2016-07-27 21:10:12', 'b6ab083b-9e96-4604-839e-00392b5f0a6c'),
 ('234', '1', 'one-off', '1', 'test', 'donations/payment', 'ccea44e1eb3f0e437d04269e32da923a', '{\"planAmount\":\"30\",\"planCurrency\":\"USD\",\"planAmountInCents\":3000,\"planName\":null,\"planDiscount\":null,\"planFullAmount\":null,\"planChoice\":null,\"planOpts\":null,\"planInterval\":\"\",\"planIntervalCount\":null,\"cardName\":null,\"cardAddressLine1\":\"310 west 143st\",\"cardAddressLine2\":null,\"cardAddressCity\":\"New York\",\"cardAddressState\":\"NY\",\"cardAddressZip\":\"10030\",\"cardAddressCountry\":null,\"cardLast4\":\"4242\",\"cardType\":\"Visa\",\"cardExpMonth\":\"7\",\"cardExpYear\":\"2016\",\"coupon\":null,\"couponStripeId\":null,\"stripeAccountBalance\":null}', NULL, '{\"firstName\":\"Brian\",\"lastName\":\"Bier\",\"phone\":\"\"}', NULL, NULL, '2016-07-27 21:17:46', '2016-07-27 21:17:46', '2016-07-27 21:17:46', '356e1ea2-a63a-4c90-9f07-38e51ef5da24'),
 ('236', '1', 'one-off', '1', 'test', 'donations/payment', '933d09798d9f43c22d2ac296556de260', '{\"planAmount\":\"323\",\"planCurrency\":\"USD\",\"planAmountInCents\":32300,\"planName\":null,\"planDiscount\":null,\"planFullAmount\":null,\"planChoice\":null,\"planOpts\":null,\"planInterval\":\"month\",\"planIntervalCount\":null,\"cardName\":null,\"cardAddressLine1\":\"310 west 143st\",\"cardAddressLine2\":null,\"cardAddressCity\":\"New York\",\"cardAddressState\":\"NY\",\"cardAddressZip\":\"10030\",\"cardAddressCountry\":null,\"cardLast4\":\"4242\",\"cardType\":\"Visa\",\"cardExpMonth\":\"7\",\"cardExpYear\":\"2016\",\"coupon\":null,\"couponStripeId\":null,\"stripeAccountBalance\":null}', NULL, '{\"firstName\":\"Brian\",\"lastName\":\"Bier\",\"phone\":\"\"}', NULL, NULL, '2016-07-27 21:22:50', '2016-07-27 21:22:51', '2016-07-27 21:22:51', 'a78891f1-a442-465e-a079-1e3ac60e930b'),
 ('238', '1', 'one-off', '1', 'test', 'donations/payment', 'e66f0130c0f04b684646f10e0cd1fb3e', '{\"planAmount\":\"21\",\"planCurrency\":\"USD\",\"planAmountInCents\":2100,\"planName\":null,\"planDiscount\":null,\"planFullAmount\":null,\"planChoice\":null,\"planOpts\":null,\"planInterval\":\"\",\"planIntervalCount\":null,\"cardName\":null,\"cardAddressLine1\":\"310 west 143st\",\"cardAddressLine2\":null,\"cardAddressCity\":\"New York\",\"cardAddressState\":\"NY\",\"cardAddressZip\":\"10030\",\"cardAddressCountry\":null,\"cardLast4\":\"4242\",\"cardType\":\"Visa\",\"cardExpMonth\":\"7\",\"cardExpYear\":\"2016\",\"coupon\":null,\"couponStripeId\":null,\"stripeAccountBalance\":null}', NULL, '{\"firstName\":\"Brian\",\"lastName\":\"Bier\",\"phone\":\"\"}', NULL, NULL, '2016-07-27 21:25:33', '2016-07-27 21:25:33', '2016-07-27 21:25:33', '89a5ed9f-ccec-453d-b430-e90631b020da'),
 ('240', '1', 'one-off', '1', 'test', 'donations', '723a59f3c4a2ebd0f3036d9c0e85e90a', '{\"planAmount\":\"50\",\"planCurrency\":\"USD\",\"planAmountInCents\":5000,\"planName\":null,\"planDiscount\":null,\"planFullAmount\":null,\"planChoice\":null,\"planOpts\":null,\"planInterval\":\"month\",\"planIntervalCount\":\"0\",\"cardName\":null,\"cardAddressLine1\":null,\"cardAddressLine2\":null,\"cardAddressCity\":null,\"cardAddressState\":null,\"cardAddressZip\":null,\"cardAddressCountry\":null,\"cardLast4\":\"4242\",\"cardType\":\"Visa\",\"cardExpMonth\":\"7\",\"cardExpYear\":\"2016\",\"coupon\":null,\"couponStripeId\":null,\"stripeAccountBalance\":null}', NULL, '[]', NULL, NULL, '2016-07-27 21:27:16', '2016-07-27 21:27:16', '2016-07-27 21:27:16', 'e12c5a67-7a85-4bb1-85e1-e42e387ab05e'),
 ('242', '1', 'recurring', '1', 'test', 'donations', 'c8cdc33e0515d90586473aa941df031a', '{\"planAmount\":\"5\",\"planCurrency\":\"USD\",\"planAmountInCents\":500,\"planName\":null,\"planDiscount\":null,\"planFullAmount\":null,\"planChoice\":null,\"planOpts\":null,\"planInterval\":\"\",\"planIntervalCount\":\"3\",\"cardName\":null,\"cardAddressLine1\":null,\"cardAddressLine2\":null,\"cardAddressCity\":null,\"cardAddressState\":null,\"cardAddressZip\":null,\"cardAddressCountry\":null,\"cardLast4\":\"4242\",\"cardType\":\"Visa\",\"cardExpMonth\":null,\"cardExpYear\":null,\"coupon\":null,\"couponStripeId\":null,\"stripeAccountBalance\":null}', NULL, '[]', NULL, NULL, '2016-07-27 21:27:51', '2016-07-27 21:27:51', '2016-07-27 21:27:51', '6b2c4aee-7e16-407b-98e3-ffc9fa1dde18'),
 ('244', '1', 'one-off', '1', 'test', 'donations/payment', '6cab0d33e200ea481c3d8f45912a5bdc', '{\"planAmount\":\"100\",\"planCurrency\":\"USD\",\"planAmountInCents\":10000,\"planName\":null,\"planDiscount\":null,\"planFullAmount\":null,\"planChoice\":null,\"planOpts\":null,\"planInterval\":\"month\",\"planIntervalCount\":null,\"cardName\":null,\"cardAddressLine1\":\"310 west 143st\",\"cardAddressLine2\":null,\"cardAddressCity\":\"New York\",\"cardAddressState\":\"NY\",\"cardAddressZip\":\"10030\",\"cardAddressCountry\":null,\"cardLast4\":\"4242\",\"cardType\":\"Visa\",\"cardExpMonth\":\"8\",\"cardExpYear\":\"2016\",\"coupon\":null,\"couponStripeId\":null,\"stripeAccountBalance\":null}', NULL, '{\"firstName\":\"Brian\",\"lastName\":\"Bier\",\"phone\":\"6465484363\"}', NULL, NULL, '2016-08-02 15:21:45', '2016-08-02 15:21:45', '2016-08-02 15:21:45', '9dfa65cc-a382-47a8-84cc-b48959349d03'),
 ('246', '1', 'one-off', '1', 'test', 'donations/payment', 'ac0f83e6f0dd3f43b19adb1fbb126e20', '{\"planAmount\":\"30\",\"planCurrency\":\"USD\",\"planAmountInCents\":3000,\"planName\":null,\"planDiscount\":null,\"planFullAmount\":null,\"planChoice\":null,\"planOpts\":null,\"planInterval\":\"month\",\"planIntervalCount\":null,\"cardName\":null,\"cardAddressLine1\":\"310 west 143st\",\"cardAddressLine2\":null,\"cardAddressCity\":\"New York\",\"cardAddressState\":\"NY\",\"cardAddressZip\":\"10030\",\"cardAddressCountry\":null,\"cardLast4\":\"4242\",\"cardType\":\"Visa\",\"cardExpMonth\":\"8\",\"cardExpYear\":\"2016\",\"coupon\":null,\"couponStripeId\":null,\"stripeAccountBalance\":null}', NULL, '{\"firstName\":\"Brian\",\"lastName\":\"Bier\",\"phone\":\"\"}', NULL, NULL, '2016-08-02 15:24:06', '2016-08-02 15:24:06', '2016-08-02 15:24:06', '15f2fbb6-0b21-4bb5-9de0-7fd16a92407f'),
 ('248', '1', 'one-off', '1', 'test', 'donations/payment', '3bca7af110c80f38b010456029a64521', '{\"planAmount\":\"30\",\"planCurrency\":\"USD\",\"planAmountInCents\":3000,\"planName\":null,\"planDiscount\":null,\"planFullAmount\":null,\"planChoice\":null,\"planOpts\":null,\"planInterval\":\"\",\"planIntervalCount\":null,\"cardName\":null,\"cardAddressLine1\":\"310 west 143st\",\"cardAddressLine2\":null,\"cardAddressCity\":\"New York\",\"cardAddressState\":\"NY\",\"cardAddressZip\":\"10030\",\"cardAddressCountry\":null,\"cardLast4\":\"4242\",\"cardType\":\"Visa\",\"cardExpMonth\":\"8\",\"cardExpYear\":\"2016\",\"coupon\":null,\"couponStripeId\":null,\"stripeAccountBalance\":null}', NULL, '{\"firstName\":\"Brian\",\"lastName\":\"Bier\",\"phone\":\"\"}', NULL, NULL, '2016-08-02 15:27:18', '2016-08-02 15:27:18', '2016-08-02 15:27:18', 'c3a95e71-47b2-4793-a78d-9fd422334ca5'),
 ('250', '1', 'one-off', '1', 'test', 'donations/payment', 'dff4aba3c16c4caa9ff1a69d4f8f8dca', '{\"planAmount\":\"111\",\"planCurrency\":\"USD\",\"planAmountInCents\":11100,\"planName\":null,\"planDiscount\":null,\"planFullAmount\":null,\"planChoice\":null,\"planOpts\":null,\"planInterval\":\"\",\"planIntervalCount\":null,\"cardName\":null,\"cardAddressLine1\":\"310 west 143st\",\"cardAddressLine2\":null,\"cardAddressCity\":\"New York\",\"cardAddressState\":\"NY\",\"cardAddressZip\":\"10030\",\"cardAddressCountry\":null,\"cardLast4\":\"4242\",\"cardType\":\"Visa\",\"cardExpMonth\":\"8\",\"cardExpYear\":\"2016\",\"coupon\":null,\"couponStripeId\":null,\"stripeAccountBalance\":null}', NULL, '{\"firstName\":\"Brian\",\"lastName\":\"Bier\",\"phone\":\"\"}', NULL, NULL, '2016-08-03 15:02:55', '2016-08-03 15:02:55', '2016-08-03 15:02:55', '180bc8d5-4aa3-4325-9797-6f6883400cd0'),
 ('252', '1', 'one-off', '1', 'test', 'donations/payment', 'bb009e568db8443b28c2c6b0c707e4ed', '{\"planAmount\":\"89\",\"planCurrency\":\"USD\",\"planAmountInCents\":8900,\"planName\":null,\"planDiscount\":null,\"planFullAmount\":null,\"planChoice\":null,\"planOpts\":null,\"planInterval\":\"week\",\"planIntervalCount\":null,\"cardName\":null,\"cardAddressLine1\":\"310 west 143st\",\"cardAddressLine2\":null,\"cardAddressCity\":\"New York\",\"cardAddressState\":\"NY\",\"cardAddressZip\":\"10030\",\"cardAddressCountry\":null,\"cardLast4\":\"4242\",\"cardType\":\"Visa\",\"cardExpMonth\":\"8\",\"cardExpYear\":\"2016\",\"coupon\":null,\"couponStripeId\":null,\"stripeAccountBalance\":null}', NULL, '{\"firstName\":\"Brian\",\"lastName\":\"Bier\",\"phone\":\"\"}', NULL, NULL, '2016-08-03 15:05:46', '2016-08-03 15:05:46', '2016-08-03 15:05:46', '0eeb7ade-633a-4428-bfc7-659e6442399d'),
 ('254', '1', 'one-off', '1', 'test', 'donations/payment', '153cc07205afb46b0b832083dd0379fd', '{\"planAmount\":\"60\",\"planCurrency\":\"USD\",\"planAmountInCents\":6000,\"planName\":null,\"planDiscount\":null,\"planFullAmount\":null,\"planChoice\":null,\"planOpts\":null,\"planInterval\":\"year\",\"planIntervalCount\":null,\"cardName\":null,\"cardAddressLine1\":\"310 west 143st\",\"cardAddressLine2\":null,\"cardAddressCity\":\"New York\",\"cardAddressState\":\"NY\",\"cardAddressZip\":\"10030\",\"cardAddressCountry\":null,\"cardLast4\":\"4242\",\"cardType\":\"Visa\",\"cardExpMonth\":null,\"cardExpYear\":null,\"coupon\":null,\"couponStripeId\":null,\"stripeAccountBalance\":null}', NULL, '{\"firstName\":\"Brian\",\"lastName\":\"Bier\",\"phone\":\"6465484363\"}', NULL, NULL, '2016-08-03 15:06:26', '2016-08-03 15:06:26', '2016-08-03 15:06:26', '1bcda722-97c4-49a8-b2f6-e65a0e4afbdb'),
 ('256', '1', 'one-off', '1', 'test', 'donations/payment', '9c30f71b12e840dc2d0092d6271bc696', '{\"planAmount\":\"60\",\"planCurrency\":\"USD\",\"planAmountInCents\":6000,\"planName\":null,\"planDiscount\":null,\"planFullAmount\":null,\"planChoice\":null,\"planOpts\":null,\"planInterval\":\"\",\"planIntervalCount\":null,\"cardName\":null,\"cardAddressLine1\":\"310 west 143st\",\"cardAddressLine2\":null,\"cardAddressCity\":\"New York\",\"cardAddressState\":\"NY\",\"cardAddressZip\":\"10030\",\"cardAddressCountry\":null,\"cardLast4\":\"4242\",\"cardType\":\"Visa\",\"cardExpMonth\":\"8\",\"cardExpYear\":\"2016\",\"coupon\":null,\"couponStripeId\":null,\"stripeAccountBalance\":null}', NULL, '{\"firstName\":\"Brian\",\"lastName\":\"Bier\",\"phone\":\"\"}', NULL, NULL, '2016-08-03 15:21:07', '2016-08-03 15:21:08', '2016-08-03 15:21:08', 'b1f05ee3-baef-410c-9c07-b72557695712'),
 ('258', '1', 'one-off', '1', 'test', 'donations/payment', '2ea77fb234ebbb664765c773f1e5760a', '{\"planAmount\":\"30\",\"planCurrency\":\"USD\",\"planAmountInCents\":3000,\"planName\":null,\"planDiscount\":null,\"planFullAmount\":null,\"planChoice\":null,\"planOpts\":null,\"planInterval\":\"week\",\"planIntervalCount\":null,\"cardName\":null,\"cardAddressLine1\":\"310 west 143st\",\"cardAddressLine2\":null,\"cardAddressCity\":\"New York\",\"cardAddressState\":\"NY\",\"cardAddressZip\":\"10030\",\"cardAddressCountry\":null,\"cardLast4\":\"4242\",\"cardType\":\"Visa\",\"cardExpMonth\":\"8\",\"cardExpYear\":\"2016\",\"coupon\":null,\"couponStripeId\":null,\"stripeAccountBalance\":null}', NULL, '{\"firstName\":\"Brian\",\"lastName\":\"Bier\",\"phone\":\"\"}', NULL, NULL, '2016-08-03 15:40:58', '2016-08-03 15:40:58', '2016-08-03 15:40:58', 'e082cb4d-0dae-4777-b19d-2c04589c6f7c'),
 ('260', '1', 'one-off', '1', 'test', 'donations/payment', 'c4f88001b3d81f00ea4921bd9e57052e', '{\"planAmount\":\"30\",\"planCurrency\":\"USD\",\"planAmountInCents\":3000,\"planName\":null,\"planDiscount\":null,\"planFullAmount\":null,\"planChoice\":null,\"planOpts\":null,\"planInterval\":\"month\",\"planIntervalCount\":null,\"cardName\":null,\"cardAddressLine1\":\"310 west 143st\",\"cardAddressLine2\":null,\"cardAddressCity\":\"New York\",\"cardAddressState\":\"NY\",\"cardAddressZip\":\"10030\",\"cardAddressCountry\":null,\"cardLast4\":\"4242\",\"cardType\":\"Visa\",\"cardExpMonth\":\"8\",\"cardExpYear\":\"2016\",\"coupon\":null,\"couponStripeId\":null,\"stripeAccountBalance\":null}', NULL, '{\"firstName\":\"Brian\",\"lastName\":\"Bier\",\"phone\":\"\"}', NULL, NULL, '2016-08-03 15:45:06', '2016-08-03 15:45:06', '2016-08-03 15:45:06', '2db6b1df-a70f-4cb0-9543-2c384059c3f5'),
 ('262', '1', 'one-off', '1', 'test', 'donations/payment', 'd7037b2c3b5d1648509b56cb68644d4a', '{\"planAmount\":\"30\",\"planCurrency\":\"USD\",\"planAmountInCents\":3000,\"planName\":null,\"planDiscount\":null,\"planFullAmount\":null,\"planChoice\":null,\"planOpts\":null,\"planInterval\":\"month\",\"planIntervalCount\":null,\"cardName\":null,\"cardAddressLine1\":\"310 west 143st\",\"cardAddressLine2\":null,\"cardAddressCity\":\"New York\",\"cardAddressState\":\"NY\",\"cardAddressZip\":\"10030\",\"cardAddressCountry\":null,\"cardLast4\":\"4242\",\"cardType\":\"Visa\",\"cardExpMonth\":\"8\",\"cardExpYear\":\"2016\",\"coupon\":null,\"couponStripeId\":null,\"stripeAccountBalance\":null}', NULL, '{\"firstName\":\"Brian\",\"lastName\":\"Bier\",\"phone\":\"\"}', NULL, NULL, '2016-08-03 15:54:49', '2016-08-03 15:54:50', '2016-08-03 15:54:50', '4377f128-d08c-4b4f-8c49-46eeb779a2ae'),
 ('264', '1', 'one-off', '1', 'test', 'donations/payment', 'f557c46f3cca59ff4ee071d649481a84', '{\"planAmount\":\"30\",\"planCurrency\":\"USD\",\"planAmountInCents\":3000,\"planName\":null,\"planDiscount\":null,\"planFullAmount\":null,\"planChoice\":null,\"planOpts\":null,\"planInterval\":\"\",\"planIntervalCount\":null,\"cardName\":null,\"cardAddressLine1\":\"310 west 143st\",\"cardAddressLine2\":null,\"cardAddressCity\":\"New York\",\"cardAddressState\":\"NY\",\"cardAddressZip\":\"10030\",\"cardAddressCountry\":null,\"cardLast4\":\"4242\",\"cardType\":\"Visa\",\"cardExpMonth\":\"8\",\"cardExpYear\":\"2016\",\"coupon\":null,\"couponStripeId\":null,\"stripeAccountBalance\":null}', NULL, '{\"firstName\":\"Brian\",\"lastName\":\"Bier\",\"phone\":\"\"}', NULL, NULL, '2016-08-03 15:56:56', '2016-08-03 15:56:56', '2016-08-03 15:56:56', '73e399fb-f9b4-411c-b769-c708c70c3a76'),
 ('266', '1', 'one-off', '1', 'test', 'donations/payment', '99918bd6f222bf8f54084b724b780734', '{\"planAmount\":\"30\",\"planCurrency\":\"USD\",\"planAmountInCents\":3000,\"planName\":null,\"planDiscount\":null,\"planFullAmount\":null,\"planChoice\":null,\"planOpts\":null,\"planInterval\":\"\",\"planIntervalCount\":\"0\",\"cardName\":null,\"cardAddressLine1\":\"310 west 143st, 4G\",\"cardAddressLine2\":null,\"cardAddressCity\":\"New York\",\"cardAddressState\":\"NY\",\"cardAddressZip\":\"10030\",\"cardAddressCountry\":null,\"cardLast4\":\"4242\",\"cardType\":\"Visa\",\"cardExpMonth\":\"8\",\"cardExpYear\":\"2016\",\"coupon\":null,\"couponStripeId\":null,\"stripeAccountBalance\":null}', NULL, '{\"firstName\":\"Brian\",\"lastName\":\"Bier\",\"phone\":\"\"}', NULL, NULL, '2016-08-03 16:20:25', '2016-08-03 16:20:25', '2016-08-03 16:20:25', 'e9d92706-fa62-46a0-a2bb-1025f3628892'),
 ('268', '1', 'one-off', '1', 'test', 'donations/payment', '5e846874243ffdb1f3ecb7b95b2caa51', '{\"planAmount\":\"200\",\"planCurrency\":\"USD\",\"planAmountInCents\":20000,\"planName\":null,\"planDiscount\":null,\"planFullAmount\":null,\"planChoice\":null,\"planOpts\":null,\"planInterval\":\"year\",\"planIntervalCount\":\"0\",\"cardName\":null,\"cardAddressLine1\":\"310 west 143st, 4G\",\"cardAddressLine2\":null,\"cardAddressCity\":\"New York\",\"cardAddressState\":\"NY\",\"cardAddressZip\":\"10030\",\"cardAddressCountry\":null,\"cardLast4\":\"4242\",\"cardType\":\"Visa\",\"cardExpMonth\":\"8\",\"cardExpYear\":\"2016\",\"coupon\":null,\"couponStripeId\":null,\"stripeAccountBalance\":null}', NULL, '{\"firstName\":\"Brian\",\"lastName\":\"Bier\",\"phone\":\"12123123123123\"}', NULL, NULL, '2016-08-03 16:22:08', '2016-08-03 16:22:08', '2016-08-03 16:22:08', '3b89be56-1bbd-4b71-8c80-de34be45153a');



DROP TABLE IF EXISTS `craft_content`;


--
-- Schema for table `craft_content`
--
CREATE TABLE `craft_content` (
  `id` int(11) NOT NULL AUTO_INCREMENT,
  `elementId` int(11) NOT NULL,
  `locale` char(12) COLLATE utf8_unicode_ci NOT NULL,
  `title` varchar(255) COLLATE utf8_unicode_ci DEFAULT NULL,
  `field_body` text COLLATE utf8_unicode_ci,
  `field_date` datetime DEFAULT NULL,
  `field_publicationName` text COLLATE utf8_unicode_ci,
  `field_author` text COLLATE utf8_unicode_ci,
  `field_contactName` text COLLATE utf8_unicode_ci,
  `field_contactTitle` text COLLATE utf8_unicode_ci,
  `field_contactPhone` varchar(255) COLLATE utf8_unicode_ci DEFAULT NULL,
  `field_contactEmail` varchar(255) COLLATE utf8_unicode_ci DEFAULT NULL,
  `field_externalLink` text COLLATE utf8_unicode_ci,
  `field_startDate` datetime DEFAULT NULL,
  `field_endDate` datetime DEFAULT NULL,
  `field_storeHours` text COLLATE utf8_unicode_ci,
  `field_workingHere` text COLLATE utf8_unicode_ci,
  `field_values` text COLLATE utf8_unicode_ci,
  `field_benefits` text COLLATE utf8_unicode_ci,
  `field_overview` text COLLATE utf8_unicode_ci,
  `field_responsiblity` text COLLATE utf8_unicode_ci,
  `field_qualification` text COLLATE utf8_unicode_ci,
  `dateCreated` datetime NOT NULL,
  `dateUpdated` datetime NOT NULL,
  `uid` char(36) COLLATE utf8_unicode_ci NOT NULL DEFAULT '0',
  PRIMARY KEY (`id`),
  UNIQUE KEY `craft_content_elementId_locale_unq_idx` (`elementId`,`locale`),
  KEY `craft_content_title_idx` (`title`),
  KEY `craft_content_locale_fk` (`locale`)
) ENGINE=InnoDB AUTO_INCREMENT=188 DEFAULT CHARSET=utf8 COLLATE=utf8_unicode_ci;

--
-- Data for table `craft_content`
--

INSERT INTO `craft_content` (`id`, `elementId`, `locale`, `title`, `field_body`, `field_date`, `field_publicationName`, `field_author`, `field_contactName`, `field_contactTitle`, `field_contactPhone`, `field_contactEmail`, `field_externalLink`, `field_startDate`, `field_endDate`, `field_storeHours`, `field_workingHere`, `field_values`, `field_benefits`, `field_overview`, `field_responsiblity`, `field_qualification`, `dateCreated`, `dateUpdated`, `uid`) VALUES
 ('1', '1', 'en_us', NULL, NULL, NULL, NULL, NULL, NULL, NULL, NULL, NULL, NULL, NULL, NULL, NULL, NULL, NULL, NULL, NULL, NULL, NULL, '2016-07-11 16:21:52', '2016-07-11 16:21:52', '9aaea629-e56f-4374-8008-b95d10eaae26'),
 ('2', '2', 'en_us', 'Welcome to Housingworks.dev!', '<p>Its true, this site doesnt have a whole lot of content yet, but dont worry. Our web developers have just installed the CMS, and theyre setting things up for the content editors this very moment. Soon Housingworks.dev will be an oasis of fresh perspectives, sharp analyses, and astute opinions that will keep you coming back again and again.</p>', NULL, NULL, NULL, NULL, NULL, NULL, NULL, NULL, NULL, NULL, NULL, NULL, NULL, NULL, NULL, NULL, NULL, '2016-07-11 16:21:55', '2016-07-11 16:21:55', '9d02f345-b8cf-4c02-84cb-889366b2e5b6'),
 ('4', '4', 'en_us', 'Blm 7 7 16', NULL, NULL, NULL, NULL, NULL, NULL, NULL, NULL, NULL, NULL, NULL, NULL, NULL, NULL, NULL, NULL, NULL, NULL, '2016-07-11 16:47:09', '2016-07-11 16:47:09', 'dae6e6ad-7543-4d09-9b14-db6312618224'),
 ('5', '5', 'en_us', 'NYC Black Lives Matter Demonstration', '<p>New York, NYHousing Works is grateful to all the people from our communityHousing Works staff, clients, volunteers, supporters, and allieswho came out to march with us at the July 7 Black Lives Matter demonstration.</p>\n\n<p>The evening rally and march were peaceful and non-violent, but very disruptive, as we marched from the rally location in Union Square, into traffic up Fifth Avenue, through Herald Square and across 34th Street and eventually ending in Times Square. We stopped traffic all along the way, and once we reached and overtook Times Square, we were successful in staging a huge sit-in beforeNYPDswooped in and began making arrests.</p>', '2016-07-08 00:00:00', NULL, NULL, NULL, NULL, NULL, NULL, NULL, NULL, NULL, NULL, NULL, NULL, NULL, NULL, NULL, NULL, '2016-07-11 16:48:43', '2016-07-18 19:38:42', 'd409f35f-ffb5-41eb-a0c5-b227747462e8'),
 ('6', '6', 'en_us', 'Blm Say Their Names 7 7 16', NULL, NULL, NULL, NULL, NULL, NULL, NULL, NULL, NULL, NULL, NULL, NULL, NULL, NULL, NULL, NULL, NULL, NULL, '2016-07-11 17:16:48', '2016-07-11 21:27:06', 'bc4c45ef-e9c7-4945-9b2a-d75cc30dbddc'),
 ('7', '10', 'en_us', 'National Advocacy', '<p>With recent advancements in science, data, and health-care access, we can endAIDSif we have the resolve, even without a cureby dramatically reducing the number of newHIVinfections and by bringing those living withHIV/AIDS to optimal health. AnHIV+ person on treatment that renders the virus undetectable is not only healthy but also virtually unable to transmitHIVto others. By combining effective biomedical strategies with interventions addressing social drivers of the disease, we can bringHIVbelow epidemic levels nationally.<br /></p>\n\n<p><strong>A Framework for endingAIDSin the U.S. by 2025</strong></p>\n\n<p>The NationalHIV/AIDS Strategy (NHAS), the Affordable Care Act (ACA), and Medicaid expansion in some states across the nation offer unprecedented momentum and offer a solid framework for realizing the end ofAIDS. Housing Works national staff and partners facilitate broad collaborative efforts among state-based partners and coalitions (HIV-specific and beyond) to promote and advocate for meaningful implementation ofACA, Medicaid expansion (especially in states where incidence and prevalence remain high), and other systemic change necessary to end theAIDSepidemicaddressing viral suppression, incidence, disparities/inequities, and stigma. National staff also advocates for federal-level actions that encourage and support state-based planning and implementation.</p><p><br /></p>', NULL, NULL, NULL, NULL, NULL, NULL, NULL, NULL, NULL, NULL, NULL, NULL, NULL, NULL, NULL, NULL, NULL, '2016-07-11 18:25:48', '2016-07-11 22:23:55', '2bcd0c40-0d86-4026-accd-8032ca3533e6'),
 ('8', '11', 'en_us', 'Aids Free Usa 2025 Date Graphic', NULL, NULL, NULL, NULL, NULL, NULL, NULL, NULL, NULL, NULL, NULL, NULL, NULL, NULL, NULL, NULL, NULL, NULL, '2016-07-11 18:33:54', '2016-07-11 18:33:54', '5b164086-72bd-4d09-a2ef-d25078dc2ad5'),
 ('9', '12', 'en_us', 'Hiv Crim 2', NULL, NULL, NULL, NULL, NULL, NULL, NULL, NULL, NULL, NULL, NULL, NULL, NULL, NULL, NULL, NULL, NULL, NULL, '2016-07-11 19:04:08', '2016-07-11 19:04:08', '072d0de9-d690-4937-8211-2b397d0c871f'),
 ('10', '13', 'en_us', 'National HIV/AIDS Policy Priorities', '<h2><strong>NationalHIV/AIDS Policy Areas</strong></h2>\n\n<p>Currently, the Housing Works national advocacy strategy is focused in the followingHIV/AIDS policy areas:</p>\n\n<ul><li><strong>Health Care Reform</strong></li></ul><ul><li><strong>Ryan WhiteHIV/AIDS Program</strong></li></ul><ul><li><strong>Federal Budget Advocacy</strong></li></ul><ul><li><strong>HIVCriminalization</strong></li></ul><ul><li><strong>Hepatitis C</strong></li></ul><ul><li><strong>Syringe Access</strong></li></ul><h2><strong>Health Care Reform</strong></h2>\n\n<p>The Affordable Care Act (ACA) was signed into law in March 2010. Several provisions have already been implemented, however a number of provisions will be implemented in 2014 as Marketplaces go live and new insurance policies take effect. Provisions disallowing lifetime spending limits and denial of coverage due to preexisting conditions have already proven beneficial to people living withHIV/AIDS (PLWHA). We are monitoring ongoing implementation to ensure protections and identify opportunities forPLWHA, and support advocacy efforts for one of the most critical elements of the ACAMedicaid expansion in all 50 states.</p>', NULL, NULL, NULL, NULL, NULL, NULL, NULL, NULL, NULL, NULL, NULL, NULL, NULL, NULL, NULL, NULL, NULL, '2016-07-11 19:04:38', '2016-07-11 22:24:33', '2fb5e2ab-e5c0-4496-90ee-dd7404135b86'),
 ('11', '14', 'en_us', 'International', '<p><strong>AIDS-FREEWORLD2030CAMPAIGN</strong></p>\n\n<p>Housing WorksAIDS-Free Campaign is a collaborative, multi-year initiative committed to ending theAIDSepidemicin New York State by 2020, in the United States by 2025, and worldwide by 2030. With recent advancements in science, data, and health-care access, we can endAIDSif we have the resolve, even without a cureby dramatically reducing the number of newHIVinfections and by bringing those living withHIV/AIDS to optimal health.</p>\n\n<p><strong>How We Can EndAIDSWithout a Cure</strong></p>\n\n<p>AnHIV+ person on treatment that renders the virus undetectable is not only healthy but also virtually unable to transmitHIVto others. By combining effective biomedical strategies with interventions addressing social drivers of the disease, we can bringHIVbelow epidemic levels statewide, nationally, and globally. This community-driven advocacy campaign will rely on strategic partnerships with community-based organizations,PLWHAs, and government and administrative agencies. Housing Works role is to facilitate initiatives geared to on-the-ground realities in the three geographic realms and to promote a growing movement towards a collective end-of-AIDSagenda.</p>', NULL, NULL, NULL, NULL, NULL, NULL, NULL, NULL, NULL, NULL, NULL, NULL, NULL, NULL, NULL, NULL, NULL, '2016-07-11 19:44:53', '2016-07-11 22:26:31', 'e0e4af23-2466-4621-98d3-aa1fd6702c39'),
 ('12', '15', 'en_us', 'Har10 Map Haiti Small', NULL, NULL, NULL, NULL, NULL, NULL, NULL, NULL, NULL, NULL, NULL, NULL, NULL, NULL, NULL, NULL, NULL, NULL, '2016-07-11 19:45:37', '2016-07-11 19:45:37', 'c72c8ef6-390d-466e-b93e-f657bb1cd67b'),
 ('13', '16', 'en_us', 'Haiti', '<p>Since 2008, Housing Works has worked with Haitian organizations and coalitions of people living withHIV/AIDS to help stem the spread of the disease and to empower sexual minorities, includingLGBTHaitians and sex workers, to become full participants in Haitian society. Haiti continues to have one of the highest rates ofHIVin the Caribbean, with an estimated 150,000 individuals living withHIVand a prevalence rate among adults of 2.1% as of 2012 estimates fromUNAIDS.</p>\n\n<p>After the 2010 earthquake that killed 300,000 Haitians and displaced more than one million, Housing Works immediately responded with emergency aid, helping with the operations of one existing health clinic and establishing two others for those displaced by the natural disaster. Since then, Housing Works opened an office in Port-au-Prince to join the advocacy efforts of grassroots HaitianAIDSgroups, working closely with the Plateforme Haitienne Des Associations dePVVIH(PHAP+), a coalition of more than a dozen HaitianAIDSadvocacy and service groups.</p>', NULL, NULL, NULL, NULL, NULL, NULL, NULL, NULL, NULL, NULL, NULL, NULL, NULL, NULL, NULL, NULL, NULL, '2016-07-11 19:45:58', '2016-07-11 23:01:12', 'aee08c5a-d617-4cac-98ce-657bc89146d1'),
 ('14', '17', 'en_us', 'Hiv Continuum Nys Red Ribbon Style August 2014', NULL, NULL, NULL, NULL, NULL, NULL, NULL, NULL, NULL, NULL, NULL, NULL, NULL, NULL, NULL, NULL, NULL, NULL, '2016-07-11 20:12:37', '2016-07-11 20:12:37', '82c4464b-3687-413d-81a9-cf608d14fc0b'),
 ('15', '18', 'en_us', 'New York City & New York State Advocacy', '<p>This is a new York Category</p>\n\n<p><em>The Housing WorksAIDS-FREENY 2020 campaign is a collaborative, multi-year initiative committed to ending theAIDSepidemic in NY State by 2020.</em><br /></p>', NULL, NULL, NULL, NULL, NULL, NULL, NULL, NULL, NULL, NULL, NULL, NULL, NULL, NULL, NULL, NULL, NULL, '2016-07-11 20:12:44', '2016-07-11 21:54:15', 'c68d25ef-eefa-472f-b886-8a123bee9437'),
 ('16', '21', 'en_us', 'Knowing Your Epidemic', NULL, NULL, NULL, NULL, NULL, NULL, NULL, NULL, NULL, NULL, NULL, NULL, NULL, NULL, NULL, NULL, NULL, NULL, '2016-07-11 20:14:26', '2016-07-11 20:14:26', '926232ed-f4fb-4cff-b546-f10c361ea7da'),
 ('17', '22', 'en_us', 'HIV Testing And Data Sharing', '<p><strong>THESTATEOFOURSTATEINHIVTESTING&amp;DATASHARING</strong></p>\n\n<p>New York Governor Andrew Cuomos 20142015 budget included measures aimed at expanding New YorksHIVtesting law and modifying data sharing capabilities. These amendments were made to make it easier to identifyHIV-positive New Yorkers unaware of their status and link those out of care back into care.</p>\n\n\n\n\n\n\n\n\n\n\n\n\n\n<p>Written informed consent was eliminated from ourHIVtesting law, except in correctional facilities statewide. Previously New York was one of only two states that requiring written informed consent.</p>\n\n\n\n\n\n\n\n\n\n\n\n\n\n<p>The surveillance data law was also updated to allow data collected by the Department of Health (DOH) to be shared between authorizedDOHstaff and medical providers to promote linkage and retention in care.</p>', NULL, NULL, NULL, NULL, NULL, NULL, NULL, NULL, NULL, NULL, NULL, NULL, NULL, NULL, NULL, NULL, NULL, '2016-07-11 20:15:04', '2016-07-25 19:49:32', '2483177c-820d-4e52-ade2-f31e713f5580'),
 ('18', '23', 'en_us', 'Advocacy Resources', '<p>Artisan man braid mustache, bitters bicycle rights whatever narwhal mixtape neutra taxidermy art party dreamcatcher. Pop-up kale chips yuccie try-hard, neutra man braid keffiyeh. Asymmetrical jean shorts lumbersexual, stumptown sriracha neutra listicle pork belly bespoke lomo fanny pack roof party wayfarers truffaut four dollar toast. Bicycle rights put a bird on it cold-pressed irony aesthetic. Trust fund everyday carry kickstarter aesthetic authentic pug. Typewriter chambray fashion axe +1 microdosing master cleanse roof party squid, keffiyeh gochujang slow-carb. Heirloom bespoke kale chips meh, tattooed stumptown typewriter church-key flexitarian pabst.</p>\n\n<!--pagebreak-->\n\n<p><br /></p>', NULL, NULL, NULL, NULL, NULL, NULL, NULL, NULL, NULL, NULL, NULL, NULL, NULL, NULL, NULL, NULL, NULL, '2016-07-11 20:39:21', '2016-07-26 18:40:59', '9a32dfbf-5bb7-404f-967e-58dfb7ef217e'),
 ('20', '25', 'en_us', 'CEO Charles King Reflects on Alton Sterling & Philando Castile Shootings', '<p><strong>A Statement &amp; Call-to-Action by Housing WorksCEOCharles King on the Shootings of Alton Sterling &amp; Philado Castile</strong></p>\n\n<p>On more than one occasion, my partner and Housing Works co-founder Keith Cylar told me that the biggest threat to his existence was not asthma, which almost killed him as an infant and several more times throughout his life, nor drugs, to which he was addicted for most of his adulthood, norAIDS, which he lived with for over 20 years, nor homophobia, which he confronted almost every day from the time he came out as a teenager. The biggest threat to his existence, he said, was being a Black man living in America. I could not shake those words last night and again this morning reading and watching the videos of the police killings of Alton Sterling in Baton Rouge and then of Philando Castile in St. Paul. And I asked myself, why does this keep happening time after time after time after time?</p>\n\n\n\n\n\n\n\n\n\n\n\n\n\n\n\n\n\n<p>Of course, I know the answer to that question. If there is anything that we have learned over the last eight years with a Black man as our President, and if there is anything we have witnessed over the last year as Donald Trump has risen to become the presidential nominee of the Republican Party, it is that racism is not just something in our past. Rather, it is seeded in theDNAof our nation and in theDNAof every city, town, and hamlet in our land. It touches and taints everything around us. It is why Black women are so many times more likely than other women to be infected withHIV, especially in the deep South, and it is why young BlackMSMare more likely to be infected withHIVthan any other group right here in New York City. It is why people of color, and especially Black people, fair worse on almost every health indicator, and every other measure of well-being. Yes, there are other deeply seated isms in our society, including sexism, homophobia, and transphobia, but look at any one of these other prejudices through the prism of race and you can see just how utterly devastating racism really is.</p>', '2016-07-11 00:00:00', NULL, NULL, NULL, NULL, NULL, NULL, NULL, NULL, NULL, NULL, NULL, NULL, NULL, NULL, NULL, NULL, '2016-07-11 21:28:25', '2016-07-25 20:09:55', '0e76fc2e-bfee-49fa-89de-8ea61cd1e5ce'),
 ('21', '26', 'en_us', 'Truvada', NULL, NULL, NULL, NULL, NULL, NULL, NULL, NULL, NULL, NULL, NULL, NULL, NULL, NULL, NULL, NULL, NULL, NULL, '2016-07-11 22:04:57', '2016-07-11 22:04:57', '871901a5-ebee-4429-98cc-adff4a559cb3'),
 ('22', '27', 'en_us', 'Biomedical Interventions', '<p><strong>WHEREWESTANDONBIOMEDICALINTERVENTIONS</strong></p>\n\n<p>Housing Works supports the use of the full range ofHIVprevention tools available, including treatment as prevention (TASP), condoms, PrEP (pre-exposure prophylaxis), andPEP(post-exposure prophylaxis). To achieve anAIDS-FREENew York by 2020, we will need to be making use of every viable tool in theHIVprevention and treatment arsenals, and that means increasing education and awareness of each tool as well as access to them.</p>\n\n<p><strong>Biomedical Interventions: Our Strategies</strong></p>\n\n<ul><li>Recommend antiretrovirals (ARVs) for allHIV-positive adults and adolescents consistent with federal guidelines.</li></ul><ul><li>Make PrEP available for those who need it.</li></ul><ul><li>Make occupationalPEPavailable onsite and non-occupationalPEPavailable in pharmacies and community health clinics within two hours of exposure.</li></ul><ul><li>Require combinationHIVprevention care and services from all New York City and State providerspublic and privateas essential service under theACAprevention mandate.</li></ul><ul><li>Fully implement comprehensive, age-appropriate sex education in New York City and State schools.</li></ul>', NULL, NULL, NULL, NULL, NULL, NULL, NULL, NULL, NULL, NULL, NULL, NULL, NULL, NULL, NULL, NULL, NULL, '2016-07-11 22:05:26', '2016-07-11 22:05:26', 'c597547f-4cbd-4ac2-82df-63079b5cbdad'),
 ('23', '28', 'en_us', 'Martus Graduates Nov 2013 300X225', NULL, NULL, NULL, NULL, NULL, NULL, NULL, NULL, NULL, NULL, NULL, NULL, NULL, NULL, NULL, NULL, NULL, NULL, '2016-07-11 22:40:39', '2016-07-11 22:40:39', '6fdbeedd-1104-4ece-af78-d7be91e305dc'),
 ('25', '30', 'en_us', 'Suit Accuses Landlord of Discriminating Against Tenant With AIDS', '<p>New York Times coverage of lawsuit filed by Armen H. Merjian, </p>\n\n<p><a href=\"http://www.nytimes.com/2015/06/24/nyregion/suit-accuses-landlord-of-discriminating-against-tenant-with-aids.html\">http://www.nytimes.com/2015/06...</a></p>', '2016-07-12 00:00:00', 'New York Times', 'Noah Remnick', NULL, NULL, NULL, NULL, 'http://www.nytimes.com/2015/06/24/nyregion/suit-accuses-landlord-of-discriminating-against-tenant-with-aids.html', NULL, NULL, NULL, NULL, NULL, NULL, NULL, NULL, NULL, '2016-07-12 15:26:43', '2016-07-18 16:49:56', 'fc33dbbb-78dc-4a2b-a49e-0c2eb3619f9a'),
 ('26', '31', 'en_us', 'Thrift Shop', '<p>Nothing To display</p>', '2016-07-12 00:00:00', NULL, NULL, NULL, NULL, NULL, NULL, NULL, NULL, NULL, NULL, NULL, NULL, NULL, NULL, NULL, NULL, '2016-07-12 15:53:27', '2016-07-12 15:53:27', 'e3cfcd0c-dde7-475a-a97e-a09a1f129e75'),
 ('27', '32', 'en_us', 'Bookstore Cafe', '<p>Nothing to Display. But we are in the book store</p>', '2016-07-12 00:00:00', NULL, NULL, NULL, NULL, NULL, NULL, NULL, NULL, NULL, NULL, NULL, NULL, NULL, NULL, NULL, NULL, '2016-07-12 15:54:31', '2016-07-12 15:54:31', '1768b20b-0d3d-4097-b556-e8aa2de51606'),
 ('28', '33', 'en_us', 'Advocacy', '<p>This should display Everything related to Advocacy.</p>', NULL, NULL, NULL, NULL, NULL, NULL, NULL, NULL, NULL, NULL, NULL, NULL, NULL, NULL, NULL, NULL, NULL, '2016-07-12 15:56:00', '2016-07-12 15:56:00', '2c882052-ed95-4ae9-a6be-11f69de3427e'),
 ('29', '34', 'en_us', 'Events', '<p>This should display a list of events.</p>', '2016-07-11 00:00:00', NULL, NULL, NULL, NULL, NULL, NULL, NULL, NULL, NULL, NULL, NULL, NULL, NULL, NULL, NULL, NULL, '2016-07-12 15:56:26', '2016-07-12 15:56:42', '0027fe6d-fc9d-4460-a44b-f9edaaf45086'),
 ('30', '35', 'en_us', 'Org Press Pages F4 A2013 2 Glamour Magazine', NULL, NULL, NULL, NULL, NULL, NULL, NULL, NULL, NULL, NULL, NULL, NULL, NULL, NULL, NULL, NULL, NULL, NULL, '2016-07-12 15:58:08', '2016-07-12 15:58:08', 'fa2dbaca-299d-4d91-b1a0-b6febd9ffd1d'),
 ('32', '37', 'en_us', 'Website', NULL, NULL, NULL, NULL, NULL, NULL, NULL, NULL, NULL, NULL, NULL, NULL, NULL, NULL, NULL, NULL, NULL, NULL, '2016-07-12 16:03:53', '2016-07-12 16:03:53', 'c96b2672-28e1-4cd4-bc28-bf7f171acaf5'),
 ('33', '38', 'en_us', 'DatingAdvice.com', '<p><a href=\"http://www.datingadvice.com/for-men/housing-works-the-1-organization-fighting-to-end-homelessness-and-aids\">For the full story, click here</a></p>', '2016-07-12 00:00:00', 'Dating Advice', 'Brian Bier', NULL, NULL, NULL, NULL, 'http://www.datingadvice.com/for-men/housing-works-the-1-organization-fighting-to-end-homelessness-and-aids', NULL, NULL, NULL, NULL, NULL, NULL, NULL, NULL, NULL, '2016-07-12 16:04:00', '2016-07-18 16:49:56', '3821929c-e26e-426c-ae7f-c85b305b752d'),
 ('34', '39', 'en_us', 'Health Care', '<p>This is the health care section</p>', '2016-07-12 00:00:00', NULL, NULL, NULL, NULL, NULL, NULL, NULL, NULL, NULL, NULL, NULL, NULL, NULL, NULL, NULL, NULL, '2016-07-12 16:04:59', '2016-07-12 16:04:59', 'e5f7f1a8-d9a7-449c-86ac-e9d5c091d163'),
 ('35', '40', 'en_us', 'Fashion For Action', '', '2016-07-12 00:00:00', NULL, NULL, NULL, NULL, NULL, NULL, NULL, NULL, NULL, NULL, NULL, NULL, NULL, NULL, NULL, NULL, '2016-07-12 16:44:27', '2016-07-12 16:47:02', '465a1c9c-116f-4c50-9273-614b001f8581'),
 ('36', '41', 'en_us', ' Glamour Magazine', '<p><a href=\"http://www.glamour.com/fashion/blogs/dressed/2013/11/shopping-for-vintage-holiday-g.html\">For the full story, click here</a></p>', '2016-07-12 00:00:00', 'Glamore', 'Brian Bier', NULL, NULL, NULL, NULL, 'http://www.glamour.com/fashion/blogs/dressed/2013/11/shopping-for-vintage-holiday-g.html', NULL, NULL, NULL, NULL, NULL, NULL, NULL, NULL, NULL, '2016-07-12 16:53:28', '2016-07-18 16:49:56', '3fdf4ee4-3b65-4438-aee6-554c6e703424'),
 ('37', '42', 'en_us', 'Design On a Dime', '', NULL, NULL, NULL, NULL, NULL, NULL, NULL, NULL, NULL, NULL, NULL, NULL, NULL, NULL, NULL, NULL, NULL, '2016-07-12 17:05:49', '2016-07-12 17:05:49', 'ae2db885-61b9-4d6b-bc7d-39a8b779e7e2'),
 ('38', '43', 'en_us', '2 Editortv', NULL, NULL, NULL, NULL, NULL, NULL, NULL, NULL, NULL, NULL, NULL, NULL, NULL, NULL, NULL, NULL, NULL, NULL, '2016-07-12 17:06:40', '2016-07-12 17:06:40', '661fa75c-0c17-4ecd-a3b9-e9a4dbd107d8'),
 ('39', '44', 'en_us', ' Editor TV', '<p><a href=\"http://editoratlarge.com/editortv/designers-master-mad-dash-shopping-part-i/222\">For the full story, click here</a></p>', '2016-07-11 00:00:00', 'The Editor at Large', 'Brian BIer', NULL, NULL, NULL, NULL, 'http://editoratlarge.com/editortv/designers-master-mad-dash-shopping-part-i/222', NULL, NULL, NULL, NULL, NULL, NULL, NULL, NULL, NULL, '2016-07-12 17:07:09', '2016-07-18 16:49:56', 'ed956b53-daa8-4f60-8460-640129cdedc8'),
 ('40', '45', 'en_us', 'Org Press Pages F4 A2013 5 Ny Mag 1', NULL, NULL, NULL, NULL, NULL, NULL, NULL, NULL, NULL, NULL, NULL, NULL, NULL, NULL, NULL, NULL, NULL, NULL, '2016-07-12 17:09:25', '2016-07-12 17:09:25', '678cb7f9-b6c4-47c3-96a9-37c4f1f2ee57'),
 ('41', '46', 'en_us', 'New York Magazine', '<p><a href=\"http://nymag.com/daily/intelligencer/2013/11/patricia-clarkson-21-questions.html\">For the full story, click here</a></p>', '2016-07-12 00:00:00', 'New York Magazines', 'Brian Bier', NULL, NULL, NULL, NULL, 'http://nymag.com/daily/intelligencer/2013/11/patricia-clarkson-21-questions.html', NULL, NULL, NULL, NULL, NULL, NULL, NULL, NULL, NULL, '2016-07-12 17:09:29', '2016-07-18 16:49:56', '8c9e47bf-692b-4943-aafd-1eda038e62c4'),
 ('43', '48', 'en_us', 'Housing Is Healthcare', NULL, NULL, NULL, NULL, NULL, NULL, NULL, NULL, NULL, NULL, NULL, NULL, NULL, NULL, NULL, NULL, NULL, NULL, '2016-07-12 18:52:50', '2016-07-12 18:52:50', 'e18cb704-99ff-4e1c-9943-b7f47d2ab5a8'),
 ('44', '49', 'en_us', 'Governor Cuomo Announces State Support for Expanded Housing & Services for People with HIV', '<p><strong>Contacts:</strong>Mikola De Roo, 347-585-6051, m.deroo@housingworks.org Elizabeth Koke, 347-473-7459, e.koke@housingworks.org</p>\n\n<p><strong>Governor Cuomo Announces State Support for Expanded Housing &amp; Services for People withHIV</strong></p>\n\n\n\n<p>Albany, NYOn the eve of New York City Pride, a weekend of events celebrating lesbian, gay, bisexual, transgender, and gender-non-conforming New Yorkers, Governor Andrew Cuomo has announced the expansion ofHIV/AIDS housing and services to all income-eligible people withHIVin New York City. With this announcement, the State joins New York City in a significant step towards ending ourHIVepidemica victory forNYCresidents withHIV, Housing Works and otherHIV/AIDS Advocacy organizations that is the culmination of many years of a HASA for ALL campaign.</p>\n\n\n\n<p>Homelessness and housing instability remain obstacles to effectiveHIVtreatment for an estimated 10,000HIV-positive New Yorkers across the State. For an individual withHIV, lack of stable housing and access to transportation and food pose formidable barriers to engagement in effectiveHIVcare and can mean the difference between life and death. NYCsHIV/AIDS Services Administration (HASA) provides lifesaving social services including rental subsidies and transportation and nutritional assistance, but to date these essential benefits have been limited to persons withAIDSor other advancedHIVdisease by outdated eligibility criteria.</p>', '2016-07-12 14:00:00', NULL, NULL, NULL, NULL, NULL, NULL, NULL, NULL, NULL, NULL, NULL, NULL, NULL, NULL, NULL, NULL, '2016-07-12 18:53:02', '2016-07-26 15:28:37', '752b81fd-fbdb-4f20-808d-71c8f11d2771'),
 ('45', '50', 'en_us', 'Unaids Logo', NULL, NULL, NULL, NULL, NULL, NULL, NULL, NULL, NULL, NULL, NULL, NULL, NULL, NULL, NULL, NULL, NULL, NULL, '2016-07-12 19:06:37', '2016-07-12 19:06:37', 'c54cde4a-c288-44c7-ad52-738b7c6197aa'),
 ('46', '51', 'en_us', 'Side Event to the United Nations High-Level Meeting on Ending AIDS to Address Exclusion', '<p>Media Advisory\nFor Immediate Release\nJune 3, 2016\nContact: Elizabeth Koke, Housing Works, e.koke@housingworks.org (347) 473-7459</p>\n\n<p><strong>Side Event to the United Nations High-Level Meeting on EndingAIDSto Address Exclusion of Civil Society Organizations</strong>\nTuesday, June 7, 2016 1pm-3pm\nEast River Room, Ford Foundation (320 East 43rd Street, New York, NY)\n<strong>Rally &amp; Press Conference to follow</strong></p>\n\n\n\n<p><strong>New York, NY.</strong>Twenty-two civil society organizations on five continents that provide services forLGBTcommunities, drug users, and other marginalized populations have been excluded from the 2016 United Nations High-Level Meeting (HLM) on EndingAIDSby an anonymous veto from a UN member state. To address this situation, a coalition of allies, including Housing Works,ICASO, Pangea GlobalAIDS, Coalition for Vulnerable Communities (CVC), African Services Committee,EANNASO,GNP+, andMSMGlobal Forum, are organizing a side event, *The Impact of Civil Society Exclusion on Ending theAIDSEpidemic by 2030*, to shed light on the harm done by omittingLGBTcommunities, drug users, and other marginalized populations from international efforts to end theAIDSepidemic.</p>', '2016-07-11 18:30:00', NULL, NULL, NULL, NULL, NULL, NULL, NULL, NULL, NULL, NULL, NULL, NULL, NULL, NULL, NULL, NULL, '2016-07-12 19:07:02', '2016-07-26 15:28:37', '3d159560-3e49-49eb-9ba6-1a7467390564'),
 ('47', '52', 'en_us', 'Press Page', NULL, NULL, NULL, NULL, 'Katherine Oakes ', 'Public Relations Manager', '212-966-0466', 'K.Oakes@HousingWorks.org', NULL, NULL, NULL, NULL, NULL, NULL, NULL, NULL, NULL, NULL, '2016-07-12 19:57:50', '2016-07-26 16:07:12', 'b2a4fd5b-5e40-4825-a4d2-624a466d6f12'),
 ('49', '55', 'en_us', 'Bookstore Cafe', NULL, NULL, NULL, NULL, NULL, NULL, NULL, NULL, NULL, NULL, NULL, NULL, NULL, NULL, NULL, NULL, NULL, NULL, '2016-07-13 14:29:33', '2016-07-13 14:29:33', 'dcfccec3-4e2b-4254-9885-5ef745da6514'),
 ('50', '56', 'en_us', 'Housing Works', NULL, NULL, NULL, NULL, NULL, NULL, NULL, NULL, NULL, NULL, NULL, NULL, NULL, NULL, NULL, NULL, NULL, NULL, '2016-07-13 14:31:17', '2016-07-13 14:31:17', 'b435fd64-b756-4970-9ccb-b0fa39d9a202'),
 ('51', '57', 'en_us', 'Advocate', NULL, NULL, NULL, NULL, NULL, NULL, NULL, NULL, NULL, NULL, NULL, NULL, NULL, NULL, NULL, NULL, NULL, NULL, '2016-07-13 14:31:29', '2016-07-13 14:31:29', '29e9530b-e5c2-4c75-8e18-9ad65e13ad47'),
 ('52', '58', 'en_us', 'Online Sales', NULL, NULL, NULL, NULL, NULL, NULL, NULL, NULL, NULL, NULL, NULL, NULL, NULL, NULL, NULL, NULL, NULL, NULL, '2016-07-13 14:31:38', '2016-07-13 14:31:38', '34ac874a-5f9d-4ec9-bfab-686f13827b4f'),
 ('53', '59', 'en_us', 'Team Housing Works', NULL, NULL, NULL, NULL, NULL, NULL, NULL, NULL, NULL, NULL, NULL, NULL, NULL, NULL, NULL, NULL, NULL, NULL, '2016-07-13 14:31:55', '2016-07-13 14:31:55', '2e00ef46-ffa3-4d69-8f83-85e4b40b0ea9'),
 ('54', '60', 'en_us', 'Membership', NULL, NULL, NULL, NULL, NULL, NULL, NULL, NULL, NULL, NULL, NULL, NULL, NULL, NULL, NULL, NULL, NULL, NULL, '2016-07-13 14:32:05', '2016-07-13 14:32:05', 'd46cbb68-a727-40ed-a1ca-e4fbe9671b6f'),
 ('55', '61', 'en_us', 'Volunteer', NULL, NULL, NULL, NULL, NULL, NULL, NULL, NULL, NULL, NULL, NULL, NULL, NULL, NULL, NULL, NULL, NULL, NULL, '2016-07-13 14:32:16', '2016-07-13 14:32:16', 'edea4d45-4b4b-4a05-a3de-2b2a66177ab0'),
 ('56', '62', 'en_us', 'Summer Fiction Sale: All Day July 11 through July 18', '<p>Save 30% on hot reads for the beach or the B train. Includes all fiction, graphic novels, and YA.</p>', NULL, NULL, NULL, NULL, NULL, NULL, NULL, NULL, '2016-07-21 13:30:00', '2016-07-28 18:15:00', NULL, NULL, NULL, NULL, NULL, NULL, NULL, '2016-07-13 14:42:02', '2016-07-26 18:42:48', '2230d69d-827e-4f87-9157-1ee5790445ae'),
 ('57', '63', 'en_us', 'Bks Summer Fiction Sale', NULL, NULL, NULL, NULL, NULL, NULL, NULL, NULL, NULL, NULL, NULL, NULL, NULL, NULL, NULL, NULL, NULL, NULL, '2016-07-13 15:26:00', '2016-07-13 15:26:00', 'f39ddf89-8b30-48de-b90e-e5394a747dec'),
 ('58', '64', 'en_us', 'Bks Summer Fiction Sale', NULL, NULL, NULL, NULL, NULL, NULL, NULL, NULL, NULL, NULL, NULL, NULL, NULL, NULL, NULL, NULL, NULL, NULL, '2016-07-13 15:27:13', '2016-07-13 15:27:13', 'ebe9c69b-fe79-481e-a418-efe2bff4a2bb'),
 ('59', '65', 'en_us', 'Org Event Ad Storytime', NULL, NULL, NULL, NULL, NULL, NULL, NULL, NULL, NULL, NULL, NULL, NULL, NULL, NULL, NULL, NULL, NULL, NULL, '2016-07-13 15:32:45', '2016-07-13 15:32:45', 'ca74b848-1930-45e6-9b06-8f30e46237d1'),
 ('60', '66', 'en_us', '*CANCELLED*Storytime and Singalong for Kids', '<p>Join Amy Virginia Buchanan for reading, singing, and dancing appropriate for kids 3 and under and their caretakers.</p>', NULL, NULL, NULL, NULL, NULL, NULL, NULL, NULL, '2016-07-19 10:30:00', '2016-07-26 23:30:00', NULL, NULL, NULL, NULL, NULL, NULL, NULL, '2016-07-13 15:32:50', '2016-07-26 18:42:39', '1367bac4-6f91-41a4-8241-0a3bc99aa668'),
 ('62', '68', 'en_us', 'World Traveler Party', '<p>A fine collection of cameras, luggage, picture frames and journals to keep your summer memories alive.</p>', NULL, NULL, NULL, NULL, NULL, NULL, NULL, NULL, '2016-07-12 10:30:00', '2016-08-04 13:00:00', NULL, NULL, NULL, NULL, NULL, NULL, NULL, '2016-07-13 16:35:19', '2016-08-02 15:29:43', 'b09ee0ab-7b03-4103-87a2-3dece8c8b4b4'),
 ('63', '69', 'en_us', 'Mid-to-Publishings Fiction Editor/Agent Speed Dating Mixer', '<p>A night to mix, mingle, pitch, and exchange email addresses to your hearts content, hosted by the American Association of Publishers.</p>', NULL, NULL, NULL, NULL, NULL, NULL, NULL, NULL, '2016-07-14 11:45:00', '2016-07-30 17:45:00', NULL, NULL, NULL, NULL, NULL, NULL, NULL, '2016-07-13 16:35:54', '2016-07-26 18:42:29', 'cfd38505-13d7-49bc-a420-fe0f184554ac'),
 ('64', '70', 'en_us', NULL, NULL, NULL, NULL, NULL, NULL, NULL, NULL, NULL, NULL, NULL, NULL, NULL, NULL, NULL, NULL, NULL, NULL, NULL, '2016-07-13 18:35:43', '2016-07-13 21:44:00', '5eca78f5-bfef-4dff-b7a1-b08e45dbec0c'),
 ('65', '71', 'en_us', NULL, '<p><strong>Housing Works</strong>is a healing community of people living with and affected by HIV/AIDS. Our mission is to end the dual crises of homelessness and AIDS through relentless advocacy, the provision of lifesaving services, and entrepreneurial businesses that sustain our efforts.</p>', NULL, NULL, NULL, NULL, NULL, NULL, NULL, NULL, NULL, NULL, NULL, NULL, NULL, NULL, NULL, NULL, NULL, '2016-07-18 22:37:14', '2016-07-19 22:13:24', 'bea789be-b703-4422-b99b-e5dce77a2f69'),
 ('66', '72', 'en_us', 'Advocacy Offices', NULL, NULL, NULL, NULL, NULL, NULL, NULL, NULL, NULL, NULL, NULL, NULL, NULL, NULL, NULL, NULL, NULL, NULL, '2016-07-19 14:29:12', '2016-07-19 14:29:12', '008aa585-7311-4831-b309-3b8f33e3189e'),
 ('67', '73', 'en_us', 'Services', NULL, NULL, NULL, NULL, NULL, NULL, NULL, NULL, NULL, NULL, NULL, NULL, NULL, NULL, NULL, NULL, NULL, NULL, '2016-07-19 14:29:25', '2016-07-19 14:29:25', 'c16e3dcc-1106-409a-be2e-ca16e099c2da'),
 ('68', '74', 'en_us', 'Thrift Shops', NULL, NULL, NULL, NULL, NULL, NULL, NULL, NULL, NULL, NULL, NULL, NULL, NULL, NULL, NULL, NULL, NULL, NULL, '2016-07-19 14:29:43', '2016-07-19 14:29:43', '38fa291f-21ba-44ba-adde-cde5112342d0'),
 ('69', '75', 'en_us', 'Bookstore Cafe', NULL, NULL, NULL, NULL, NULL, NULL, NULL, NULL, NULL, NULL, NULL, NULL, NULL, NULL, NULL, NULL, NULL, NULL, '2016-07-19 14:34:57', '2016-07-19 14:34:57', '76f2f462-cff6-41d5-98e5-80c61a55eb88'),
 ('70', '76', 'en_us', '1 Train', NULL, NULL, NULL, NULL, NULL, NULL, NULL, NULL, NULL, NULL, NULL, NULL, NULL, NULL, NULL, NULL, NULL, NULL, '2016-07-19 14:40:07', '2016-07-19 14:40:07', '6ab921af-8011-4043-bea6-11b4eb5d9115'),
 ('71', '77', 'en_us', '2 Train', NULL, NULL, NULL, NULL, NULL, NULL, NULL, NULL, NULL, NULL, NULL, NULL, NULL, NULL, NULL, NULL, NULL, NULL, '2016-07-19 14:40:07', '2016-07-19 14:40:07', '51316acd-855b-408a-8ab9-d50145805fc2'),
 ('72', '78', 'en_us', '3 Train', NULL, NULL, NULL, NULL, NULL, NULL, NULL, NULL, NULL, NULL, NULL, NULL, NULL, NULL, NULL, NULL, NULL, NULL, '2016-07-19 14:40:07', '2016-07-19 14:40:07', '8e7511f9-fb44-4b68-ae3e-7796db1d9be5'),
 ('73', '79', 'en_us', '4 Train', NULL, NULL, NULL, NULL, NULL, NULL, NULL, NULL, NULL, NULL, NULL, NULL, NULL, NULL, NULL, NULL, NULL, NULL, '2016-07-19 14:40:07', '2016-07-19 14:40:07', '16bc3667-7e86-4d4b-845a-4b314553a604'),
 ('74', '80', 'en_us', '5 Train', NULL, NULL, NULL, NULL, NULL, NULL, NULL, NULL, NULL, NULL, NULL, NULL, NULL, NULL, NULL, NULL, NULL, NULL, '2016-07-19 14:40:08', '2016-07-19 14:40:08', '485bfe67-b5d6-466c-86cd-bfb5dd222e1d'),
 ('75', '81', 'en_us', '6 Train', NULL, NULL, NULL, NULL, NULL, NULL, NULL, NULL, NULL, NULL, NULL, NULL, NULL, NULL, NULL, NULL, NULL, NULL, '2016-07-19 14:40:08', '2016-07-19 14:40:08', 'dcdcebab-7088-4520-8e22-441348922697'),
 ('76', '82', 'en_us', '7 Train', NULL, NULL, NULL, NULL, NULL, NULL, NULL, NULL, NULL, NULL, NULL, NULL, NULL, NULL, NULL, NULL, NULL, NULL, '2016-07-19 14:40:08', '2016-07-19 14:40:08', 'e17f61bc-d370-4051-83e9-37f231915f90'),
 ('77', '83', 'en_us', 'A Train', NULL, NULL, NULL, NULL, NULL, NULL, NULL, NULL, NULL, NULL, NULL, NULL, NULL, NULL, NULL, NULL, NULL, NULL, '2016-07-19 14:40:09', '2016-07-19 14:40:09', 'c0ac9d57-23e3-47bc-bfa4-5f35be560c06'),
 ('78', '84', 'en_us', 'B Train', NULL, NULL, NULL, NULL, NULL, NULL, NULL, NULL, NULL, NULL, NULL, NULL, NULL, NULL, NULL, NULL, NULL, NULL, '2016-07-19 14:40:09', '2016-07-19 14:40:09', '8702b037-b9be-4a6f-8206-c9bb18faceb4'),
 ('79', '85', 'en_us', 'C Train', NULL, NULL, NULL, NULL, NULL, NULL, NULL, NULL, NULL, NULL, NULL, NULL, NULL, NULL, NULL, NULL, NULL, NULL, '2016-07-19 14:40:09', '2016-07-19 14:40:09', '1a182d38-b0cc-48e9-9d4f-2c248523cebb'),
 ('80', '86', 'en_us', 'D Train', NULL, NULL, NULL, NULL, NULL, NULL, NULL, NULL, NULL, NULL, NULL, NULL, NULL, NULL, NULL, NULL, NULL, NULL, '2016-07-19 14:40:09', '2016-07-19 14:40:09', '88309262-cf9c-40d4-8a95-566924890c06'),
 ('81', '87', 'en_us', 'E Train', NULL, NULL, NULL, NULL, NULL, NULL, NULL, NULL, NULL, NULL, NULL, NULL, NULL, NULL, NULL, NULL, NULL, NULL, '2016-07-19 14:40:10', '2016-07-19 14:40:10', '3f4b468d-66e2-4538-a4cf-68fb7031c7e9'),
 ('82', '88', 'en_us', 'F Train', NULL, NULL, NULL, NULL, NULL, NULL, NULL, NULL, NULL, NULL, NULL, NULL, NULL, NULL, NULL, NULL, NULL, NULL, '2016-07-19 14:40:10', '2016-07-19 14:40:10', '795177ef-57bf-4e30-9987-984e80234cff'),
 ('83', '89', 'en_us', 'G Train', NULL, NULL, NULL, NULL, NULL, NULL, NULL, NULL, NULL, NULL, NULL, NULL, NULL, NULL, NULL, NULL, NULL, NULL, '2016-07-19 14:40:10', '2016-07-19 14:40:10', 'db199299-4c8a-425e-8a8f-39b2309868c0'),
 ('84', '90', 'en_us', 'J Train', NULL, NULL, NULL, NULL, NULL, NULL, NULL, NULL, NULL, NULL, NULL, NULL, NULL, NULL, NULL, NULL, NULL, NULL, '2016-07-19 14:40:10', '2016-07-19 14:40:10', '31894da6-bfd2-43fd-9b36-5ab7fbe77fd2'),
 ('85', '91', 'en_us', 'L Train', NULL, NULL, NULL, NULL, NULL, NULL, NULL, NULL, NULL, NULL, NULL, NULL, NULL, NULL, NULL, NULL, NULL, NULL, '2016-07-19 14:40:11', '2016-07-19 14:40:11', 'e6aa287d-23d3-481e-b421-f07dcb06c216'),
 ('86', '92', 'en_us', 'M Train', NULL, NULL, NULL, NULL, NULL, NULL, NULL, NULL, NULL, NULL, NULL, NULL, NULL, NULL, NULL, NULL, NULL, NULL, '2016-07-19 14:40:11', '2016-07-19 14:40:11', '54dcb157-77c2-4957-acba-b7d9e60c5896'),
 ('87', '93', 'en_us', 'N Train', NULL, NULL, NULL, NULL, NULL, NULL, NULL, NULL, NULL, NULL, NULL, NULL, NULL, NULL, NULL, NULL, NULL, NULL, '2016-07-19 14:40:11', '2016-07-19 14:40:11', '25ae857e-f071-4efd-b046-ad9133f8fbcd'),
 ('88', '94', 'en_us', 'Q Train', NULL, NULL, NULL, NULL, NULL, NULL, NULL, NULL, NULL, NULL, NULL, NULL, NULL, NULL, NULL, NULL, NULL, NULL, '2016-07-19 14:40:12', '2016-07-19 14:40:12', 'f5619eda-6e17-4bd8-9b9e-121604c78eff'),
 ('89', '95', 'en_us', 'R Train', NULL, NULL, NULL, NULL, NULL, NULL, NULL, NULL, NULL, NULL, NULL, NULL, NULL, NULL, NULL, NULL, NULL, NULL, '2016-07-19 14:40:12', '2016-07-19 14:40:12', '04e2d411-f64b-44db-a9e8-ee743d1b82f4'),
 ('90', '96', 'en_us', 'S Train', NULL, NULL, NULL, NULL, NULL, NULL, NULL, NULL, NULL, NULL, NULL, NULL, NULL, NULL, NULL, NULL, NULL, NULL, '2016-07-19 14:40:12', '2016-07-19 14:40:12', 'd7fe85ac-c009-41cf-b4bb-77d4fd810f55'),
 ('91', '97', 'en_us', 'Z Train', NULL, NULL, NULL, NULL, NULL, NULL, NULL, NULL, NULL, NULL, NULL, NULL, NULL, NULL, NULL, NULL, NULL, NULL, '2016-07-19 14:40:12', '2016-07-19 14:40:12', '0e479919-85d5-447a-aa03-41a5cc6b37ba'),
 ('92', '98', 'en_us', ' AAIM:AIDS Action in Mississippi', '', NULL, NULL, NULL, NULL, NULL, '601-944-1403', NULL, NULL, NULL, NULL, '[{\"open\":\"2016-07-19 09:00:00\",\"close\":\"2016-07-19 22:00:00\"},{\"open\":\"2016-07-19 09:00:00\",\"close\":\"2016-07-19 22:00:00\"},{\"open\":\"2016-07-19 09:00:00\",\"close\":\"2016-07-19 22:30:00\"},{\"open\":\"2016-07-19 12:30:00\",\"close\":\"2016-07-19 19:30:00\"},{\"open\":\"2016-07-19 16:30:00\",\"close\":\"2016-07-19 23:30:00\"},{\"open\":\"2016-07-19 09:30:00\",\"close\":\"2016-07-19 16:00:00\"},{\"open\":\"\",\"close\":\"\"}]', NULL, NULL, NULL, NULL, NULL, NULL, '2016-07-19 14:43:50', '2016-07-19 14:58:45', '36135be5-c4c4-48f6-b770-607c5f51491c'),
 ('93', '100', 'en_us', 'Bookstore Cafe', '', NULL, NULL, NULL, NULL, NULL, '212-334-3324', NULL, NULL, NULL, NULL, '[{\"open\":\"2016-07-20 09:00:00\",\"close\":\"2016-07-20 22:00:00\"},{\"open\":\"2016-07-20 09:00:00\",\"close\":\"2016-07-20 22:00:00\"},{\"open\":\"2016-07-20 09:00:00\",\"close\":\"2016-07-20 22:30:00\"},{\"open\":\"2016-07-20 12:30:00\",\"close\":\"2016-07-20 19:30:00\"},{\"open\":\"2016-07-20 16:30:00\",\"close\":\"2016-07-20 23:30:00\"},{\"open\":\"2016-07-20 09:30:00\",\"close\":\"2016-07-20 16:00:00\"},{\"open\":\"\",\"close\":\"\"}]', NULL, NULL, NULL, NULL, NULL, NULL, '2016-07-19 14:43:50', '2016-07-20 14:53:12', 'e231a3ce-a895-49ee-a077-e6811f752e63'),
 ('94', '102', 'en_us', 'Broadway & 96th Thrift Shop', '', NULL, NULL, NULL, NULL, NULL, '212-334-3324', NULL, NULL, NULL, NULL, '[{\"open\":\"2016-07-20 16:30:00\",\"close\":\"2016-07-20 20:00:00\"},{\"open\":\"2016-07-20 16:30:00\",\"close\":\"2016-07-20 16:30:00\"},{\"open\":\"2016-07-20 08:00:00\",\"close\":\"2016-07-20 18:00:00\"},{\"open\":\"2016-07-20 08:00:00\",\"close\":\"2016-07-20 18:00:00\"},{\"open\":\"2016-07-20 08:00:00\",\"close\":\"2016-07-20 18:00:00\"},{\"open\":\"2016-07-20 08:00:00\",\"close\":\"2016-07-20 18:00:00\"},{\"open\":\"2016-07-20 08:00:00\",\"close\":\"2016-07-20 18:00:00\"}]', NULL, NULL, NULL, NULL, NULL, NULL, '2016-07-19 14:50:28', '2016-07-20 17:09:10', 'acfd6363-fbb9-448c-bd1d-8cde1af3d6e8'),
 ('95', '104', 'en_us', 'Bronx Health Home Care Management', '<p>WHAT IS A HEALTH HOME?</p>\n\n<p><em>Health Homes are networks of services that coordinate comprehensive client care in the areas of:</em></p>\n\n<ul><li>access to primary and specialty medicalcare</li><li>substance use treatment</li><li>mental health treatment</li><li>supportive social services</li></ul>', NULL, NULL, NULL, NULL, NULL, '718-924-2252', NULL, NULL, NULL, NULL, '[{\"open\":\"\",\"close\":\"\"},{\"open\":\"2016-07-19 09:30:00\",\"close\":\"2016-07-19 23:30:00\"},{\"open\":\"2016-07-19 09:30:00\",\"close\":\"2016-07-19 23:30:00\"},{\"open\":\"2016-07-19 09:30:00\",\"close\":\"2016-07-19 23:30:00\"},{\"open\":\"2016-07-19 09:30:00\",\"close\":\"2016-07-19 23:30:00\"},{\"open\":\"2016-07-19 09:30:00\",\"close\":\"2016-07-19 23:30:00\"},{\"open\":\"\",\"close\":\"\"}]', NULL, NULL, NULL, NULL, NULL, NULL, '2016-07-19 14:56:05', '2016-07-19 14:56:05', '5c7d773a-a914-4b08-a33e-f237e6c3bf6a'),
 ('96', '106', 'en_us', 'Buy the Bag Shop', '<p>Website:<a href=\"http://www.housingworks.org/events/buy-the-bag/\">http://www.housingworks.org/events/buy-the-bag/</a></p>', NULL, NULL, NULL, NULL, NULL, '718-840-2923', NULL, NULL, NULL, NULL, '[{\"open\":\"2016-07-20 12:00:00\",\"close\":\"2016-07-20 17:00:00\"},{\"open\":\"\",\"close\":\"\"},{\"open\":\"\",\"close\":\"\"},{\"open\":\"2016-07-20 12:00:00\",\"close\":\"2016-07-20 18:00:00\"},{\"open\":\"2016-07-20 12:00:00\",\"close\":\"2016-07-20 18:00:00\"},{\"open\":\"2016-07-20 12:00:00\",\"close\":\"2016-07-20 18:00:00\"},{\"open\":\"2016-07-20 12:00:00\",\"close\":\"2016-07-20 18:00:00\"}]', NULL, NULL, NULL, NULL, NULL, NULL, '2016-07-19 15:00:33', '2016-07-20 18:49:22', '5e703ff3-a0a1-4375-a482-c5f3a79195d7'),
 ('97', '108', 'en_us', 'Career Page', '', NULL, NULL, NULL, NULL, NULL, NULL, NULL, NULL, NULL, NULL, NULL, '<p>I joined Housing Works as a staff person a year ago, but Ive been a member of the family for some time. Shortly after I moved to NYC eight years ago, I stumbled across the Bookstore Cafe and fell in love. I started volunteering and was a member of the Thursday night posse for 5 years. I got even more involved with Housing Works and its mission by serving on the Inc. Board as the volunteer representative for 3 years.</p>', '<p>At Housing Works our Community Values shape our culture and how we further our mission. We are looking for talented people who want to work in an environment that exudes these values</p>', '<ul><li>Full time staff receive five weeks of paid time off their first year, and it only goes up from there.Great, comprehensive health and dental insurance after just 30 days of employment for full time and some part time staff.</li><li>Help with student loans.</li><li>Help with gym memberships and other health and educational needs.</li><li>Retirement plan.</li><li>Life insurance.</li></ul>', NULL, NULL, NULL, '2016-07-19 19:44:21', '2016-08-02 15:00:35', '6fb0287b-16e9-4415-80cf-d82080e1095f'),
 ('99', '110', 'en_us', 'Employment Social Enterprises', NULL, NULL, NULL, NULL, NULL, NULL, NULL, NULL, NULL, NULL, NULL, NULL, NULL, NULL, NULL, NULL, NULL, NULL, '2016-07-19 20:27:44', '2016-07-19 20:27:44', '53caaa17-c105-4980-a0a0-e4e910f4e414'),
 ('100', '111', 'en_us', 'Social Services', NULL, NULL, NULL, NULL, NULL, NULL, NULL, NULL, NULL, NULL, NULL, NULL, NULL, NULL, NULL, NULL, NULL, NULL, '2016-07-19 20:27:57', '2016-07-19 20:27:57', 'ccab45dc-d6e5-48a5-98e2-dce91727ebb5'),
 ('101', '112', 'en_us', 'Advocacy', NULL, NULL, NULL, NULL, NULL, NULL, NULL, NULL, NULL, NULL, NULL, NULL, NULL, NULL, NULL, NULL, NULL, NULL, '2016-07-19 20:28:08', '2016-07-19 20:28:08', 'fcb8358e-bea3-4327-822d-764b489be05a'),
 ('102', '113', 'en_us', 'Administrative', NULL, NULL, NULL, NULL, NULL, NULL, NULL, NULL, NULL, NULL, NULL, NULL, NULL, NULL, NULL, NULL, NULL, NULL, '2016-07-19 20:28:23', '2016-07-19 20:28:23', 'da7907f7-4f73-4514-b1bc-6251b44ebab8'),
 ('103', '114', 'en_us', 'Nurse Care Coordinator (RN)', NULL, NULL, NULL, NULL, NULL, NULL, NULL, NULL, 'https://workforcenow.adp.com/jobs/apply/posting.html?client=hsngwrks&jobId=122177&lang=en_US&source=CC3', NULL, NULL, NULL, NULL, NULL, NULL, '<p>The Adult Day Health Care (ADHC) Program at Housing Works is a unique community based health care program that provides comprehensive nursing, social work, nutrition, mental health and substance use services to individuals living with chronic illnesses includingHIV, behavioral health conditions, diabetes, hypertension and others. Housing Works is seeking a Nurse Coordinator to serve as lead nurse, responsible for oversight of the nursing services at our twoADHClocations, Manhattan and Downtown Brooklyn. This is a unique opportunity for community health focused Registered Nurse (RN) with clinical experience and management interest to work in a collaborative, outcome focused setting.</p>\n\n<p>Housing Works offers a competitive compensation package and values a diverse workplace.</p>', '<p>With the support of the Chief Medical Officer, Clinical Director and an interdisciplinary team of professionals, the Nursing Coordinator will help achieve improved health outcomes for our client population. The ideal candidate will be familiar with population health model and comfortable using data to guide practice.</p>', '<p>NYSRegistered Nurse required, Masters Degree preferred.</p>\n\n<p>Housing Works provides equal employment opportunities (EEO) to all employees and applicants for employment without regard to race, color, religion, sex, national origin, age, disability or genetics. In addition to federal law requirements. Housing Works complies with applicable state and local laws governing nondiscrimination in employment in every location in which the company has facilities. This policy applies to all terms and conditions of employment, including recruiting, hiring, placement, promotion, termination, layoff, recall, transfer, leaves of absence, compensation and training.</p>', '2016-07-19 20:46:47', '2016-07-19 21:13:31', '7f5f0ca9-9b86-4763-bd62-849204bb9289'),
 ('104', '115', 'en_us', 'Sales Associate Full Time - West Village Thrift Shop', NULL, NULL, NULL, NULL, NULL, NULL, NULL, NULL, 'https://workforcenow.adp.com/jobs/apply/posting.html?client=hsngwrks&jobId=122590&lang=en_US&source=CC3', NULL, NULL, NULL, NULL, NULL, NULL, '<p>The Sales Associate works to provide first-rate customer and donor services, maximizing sales and to support the daily operations of the store.</p>', '<p>Customer Service and Sales:</p>\n\n<ul><li>To understand and fully implement Housing Works customer service program which includes:\no The 10/4 Greeting\no The 4 Steps to Great Customer Service\no And the 5 Steps to Handling Customer Complaints</li><li>Showcase exemplary customer/donor service, including but not limited to greeting, saying thank you, and explaining policies clearly and politely to the satisfaction of the customer.</li><li>Prioritize assisting customers over all other store tasks.</li><li>To be able to service multiple customers at one time with courtesy and sincerity.</li><li>To employ suggestive selling techniques to better meet the customers needs.</li><li>Know the daily sales goals and upcoming events or promotions.</li><li>Actively promote upcoming events, sales, promotions and Housing Works mission at all stations and at all times.</li><li>Assist with marketing store in neighborhood, especially during upcoming events.</li><li>Cultivate relationships with repeat customers in order to serve them better.</li><li>Preserve positive work-atmosphere by communicating with coworkers, volunteers, supervisors and customers/donors cordially and effectively.</li></ul><p>Point of Sale/Cash Wrap</p>\n\n<ul><li>Complete cash/charge transactions quickly and accurately, bag purchases efficiently and communicate upcoming events and promotions to the customer.</li><li>Conduct furniture sales as outlined in policies and procedures manual.</li><li>Maintain register cleanliness, cash wrap area must be clean and uncluttered, bags and supplies must be stocked and organized for efficiency.</li></ul><p>Donations:</p>\n\n<ul><li>Greet and thank donors with walk-in donations and provide excellent customer service as per the Housing Works customer service program.</li><li>Offer Donor Inventory Form and provide assistance as necessary to the donor.</li><li>Process merchandise according to store standards.</li><li>Efficiently distribute goods to proper locations, taking into account all safety/processing guidelines.\n?\nGeneral Duties/Asset Protection:</li><li>Maintain cleanliness and organization of sales floor, stock rooms, cash wrap, and fitting rooms.</li><li>Demonstrate a high degree of integrity and enforce/uphold all Housing Works policies and procedures.</li><li>Utilizing the 10/4 greeting, acknowledge all customers, monitor fitting rooms and be aware of potential theft/tag switching.</li><li>Ensure register, cash handling and banking practices are in compliance with Housing Works policies and procedures.</li><li>Ensure that inventory and pricing guidelines are complied with and maintained.</li><li>Report unsafe working conditions immediately and demonstrate safe work habits.</li></ul><p>Housing Works Ambassador:</p>\n\n<ul><li>Participate in at least one direct action per quarter aimed at ending the twin crises of homelessness andHIV/AIDS.</li><li>Know the Housing Works Mission Statement and goals and be able to inform and discuss with customers.</li></ul><p>Create Volunteer Culture:</p>\n\n<ul><li>Embraces the Volunteer Toolkit and assists the management team with implementation of the guidelines.</li><li>Create and maintain a welcoming environment for volunteers.</li><li>Work with all staff to train and develop volunteers.</li><li>Actively recruit for volunteers from customers, donors, and neighborhood institutions.</li></ul><p>Community Outreach:</p>\n\n<ul><li>Develop reciprocal relationships with neighborhood establishments.</li><li>Reach out to neighborhood to drive donations.</li><li>Develop and utilize local store marketing kit and in store marketing tools.</li></ul>', '<ul><li>Prior retail experience preferred</li><li>Commitment to excellent customer service</li><li>Experience/knowledge of thrift store environment preferred</li><li>Excellent communications skills (both verbal and written), interpersonal and team-oriented skills</li><li>Self-starting, self motivating mindset</li><li>Attention to detail</li><li>Strong interest in the HW mission to end the dual crises of homelessness andHIV/AIDS</li><li>Basic mathematical skills to include adding, subtracting, multiplying, dividing, and calculating percentages</li><li>Basic knowledge of Microsoft Word, Excel, and web based email applications</li><li>High School Diploma or equivalent</li><li>Flexibility in schedule, weekends and holidays are required</li><li>Ability to stand, walk, kneel, and bend for long periods of time and lift up to 40 pounds</li></ul><p>Housing Works provides equal employment opportunities (EEO) to all employees and applicants for employment without regard to race, color, religion, sex, national origin, age, disability or genetics. In addition to federal law requirements. Housing Works complies with applicable state and local laws governing nondiscrimination in employment in every location in which the company has facilities. This policy applies to all terms and conditions of employment, including recruiting, hiring, placement, promotion, termination, layoff, recall, transfer, leaves of absence, compensation and training.</p>', '2016-07-19 21:15:56', '2016-07-19 21:15:56', '360e021d-49ea-4228-bde8-735dc185cf38'),
 ('105', '116', 'en_us', 'NYS Community Organizer', NULL, NULL, NULL, NULL, NULL, NULL, NULL, NULL, 'https://workforcenow.adp.com/jobs/apply/posting.html?client=hsngwrks&jobId=111408&lang=en_US&source=CC3', NULL, NULL, NULL, NULL, NULL, NULL, '<p>Housing Works, Inc. seeks a community organizer to join its Upstate team in Albany, New York. This position will be responsible for tailored outreach to engage and activate persons withHIVand service providers from across Upstate New York and Long Island to connect them with the EndAIDS2020 Community Coalition to further our collective goal of ending theAIDSepidemic by 2020 in New York.</p>', '<ul><li>Conduct strategic outreach to specific populations.</li><li>Build upon the existing EndAIDS2020 Community Coalition.</li><li>Serve as a spokesperson for both Housing Works and the Coalition at events and meetings.</li><li>Establish, strengthen and maintain existing connections with community individuals and partners.</li><li>Develop and maintain Capital Region advocacy group comprised of individuals and service providers, dedicated to providing education and outreach to end theAIDSepidemic.</li><li>Work with Housing Works clients to provide education on ending theAIDSepidemic initiatives and assist with legislative education events.</li><li>Schedule meetings with various stakeholders including legislators, agency representatives and community partners.</li><li>Administrative functions including answering phones, petty cash account reconciliation, opening mail, general office duties.</li></ul>', '<ul><li>Previous outreach, organizing and administrative experience.</li><li>Ability and comfort approaching and speaking to a wide variety of people in a variety of circumstances.</li><li>Ability to build and maintain relationships.</li><li>Ability to work in a team and in collaboration with other organizations.</li><li>Ability to work independently to meet goals.</li><li>Must be willing to work occasional week nights and weekends.</li><li>Comfort using technology including social media outlets, Microsoft Office Suite.</li><li>Ability to engage, motivate and inspire others.</li><li>Ability and experience working with diverse communities.</li><li>Must be willing to travel (around the state and toNYCheadquarters in Brooklyn).</li></ul><p>Housing Works provides equal employment opportunities (EEO) to all employees and applicants for employment without regard to race, color, religion, sex, national origin, age, disability or genetics. In addition to federal law requirements; Housing Works complies with applicable state and local laws governing nondiscrimination in employment in every location in which the company has facilities. This policy applies to all terms and conditions of employment, including recruiting, hiring, placement, promotion, termination, layoff, recall, transfer, leaves of absence, compensation and training.</p>', '2016-07-19 21:18:11', '2016-07-19 21:18:11', '70ce09c7-54a3-471e-b9ab-9f980ce34a3e'),
 ('106', '117', 'en_us', 'Junior System Administrator', NULL, NULL, NULL, NULL, NULL, NULL, NULL, NULL, 'https://workforcenow.adp.com/jobs/apply/posting.html?client=hsngwrks&jobId=114852&lang=en_US&source=CC3', NULL, NULL, NULL, NULL, NULL, NULL, '<p>Provides support for implementation, troubleshooting and maintenance of Information Technology (IT) systems. Manages IT system infrastructure and any processes related to these systems. Provides support to IT systems including day-to-day operations, monitoring and problem resolution for all of the client/server/storage/network devices, mobile devices, etc.</p>', '<ul><li>Provides Tier 1 (Help Desk) and Tier 2 (Escalation) problem identification, diagnosis and resolution of problems.</li></ul><ul><li>Provide support for the escalation and communication of status to agency management and internal customers.</li></ul><ul><li>Assist Network Administrator maintain network servers such as file servers,VPNgateways, intrusion detection systems.</li></ul><ul><li>Assist Network Administrator maintains network performance by performing network monitoring and analysis, and performance tuning; troubleshooting network problems; escalating problems to vendor.</li></ul><ul><li>Secures network by developing network access, monitoring, control, and evaluation; maintaining documentation.</li></ul><ul><li>Upgrades network by conferring with vendors; developing, testing, evaluating, and installing enhancements.</li></ul><ul><li>Protects organizations value by keeping information confidential.</li></ul><ul><li>Accomplishes organization goals by accepting ownership for accomplishing new and different requests; exploring opportunities to add value to job accomplishments.</li></ul><ul><li>Configures and manages Windows operating systems and installs/loads operating system software, troubleshoots, maintains integrity and configures network components along with implementing operating systems enhancements to improve reliability and performance.</li></ul>', '<ul><li>Associates Degree in Networking,CIS, or 2 years equivalent work experience.</li></ul><ul><li>Experience withTCP-IP, Active Directory, MS Exchange, General Knowledge of Network Topology, Network Performance Tuning,LANKnowledge, Network Design and Implementation.</li></ul><ul><li>Ability to communicate effectively, both orally and in writing.</li></ul><ul><li>Ability to plan and organize work.</li></ul><p>* Ability to prioritize.<br /></p>\n\n<ul><li>Position requires working evening and/or weekend hours when necessary.</li></ul><p>Housing Works provides equal employment opportunities (EEO) to all employees and applicants for employment without regard to race, color, religion, sex, national origin, age, disability or genetics. In addition to federal law requirements; Housing Works complies with applicable state and local laws governing nondiscrimination in employment in every location in which the company has facilities. This policy applies to all terms and conditions of employment, including recruiting, hiring, placement, promotion, termination, layoff, recall, transfer, leaves of absence, compensation and training.</p>', '2016-07-19 21:19:46', '2016-07-19 21:22:49', 'd55e78e5-04ce-48bc-b9a8-e4e5fd401859'),
 ('107', '118', 'en_us', 'Donations/Event Intern', NULL, NULL, NULL, NULL, NULL, NULL, NULL, NULL, 'Email resume to a.marino@housingworks.org with the subject header Donation/Event Internship', NULL, NULL, NULL, NULL, NULL, NULL, '<p>The Donations Department is looking for an intern to help secure in-kind donations for our thrift shops, for the thrifts special events, and for Housing Works two annual fundraisers.</p>\n\n<p>Please email your resume, a thoughtful cover letter addressing why you are a great fit for this experience, and your time availability to Allison Marino at<a href=\"mailto:a.marino@housingworks.org\">a.marino@housingworks.org</a>with the subject header Donation/Event Internship</p>\n\n\n\n\n\n<p>Available to work 15 hours per week minimum during 9am-6pm time frame (any days Monday through Friday  we are happy to work with your schedule. Preferred summer schedule is 12pm-6pm Tuesday-Thursday). Our office is located inside of our SoHo Thrift Shop in New York  130 Crosby Street</p>', '<ul><li>Support the Manager of Special Events and Systems in all administrative event preparations:\no Conduct research on prospective event participants\no Conduct correspondence with event participants, vendors, and other event stakeholders\no Record and track incoming donations using our online database, Salesforce\no Process gift acknowledgement and event thank you letters\no Other administrative tasks as delegated</li><li>Attend the events as a volunteer and see the finished product</li></ul>', '<ul><li>Detail oriented</li><li>Great at following directions</li><li>Experienced with basic computer programs (Microsoft Word and Excel)</li><li>Proficient in internet research</li><li>Experienced in data entry and/or database management (Salesforce or Raisers Edge experience highly preferred)</li><li>A great communicator (both written and spoken, especially on the phone)</li><li>Interest or experience in interior design, special events, fundraising, nonprofit administration or similar (preferred but not required)</li><li>Excited to gain hands-on experience in a nonprofit environment</li><li>Available to commit to intern summer and fall terms (at least through October 2016), with preference given to candidates that can commit to a long-term internship, through the spring semester of 2017</li></ul><p>What you get in return:</p>\n\n<ul><li>Experience in using and managingCRMsoftware (we will train you on your first day!)</li><li>First-hand experience in nonprofit events and in-kind fundraising</li><li>Administrative support experience</li><li>School credit (if applicable  we are prepared to work with your program and instructors to fulfill all requirements of credit-based internships)</li><li>25% off in Housing Works Thrift Shops!</li></ul>', '2016-07-19 21:22:38', '2016-07-19 21:24:55', '4d236311-1895-422a-9dea-75ece2561826'),
 ('108', '119', 'en_us', 'Volunteer/Internships', NULL, NULL, NULL, NULL, NULL, NULL, NULL, NULL, NULL, NULL, NULL, NULL, NULL, NULL, NULL, NULL, NULL, NULL, '2016-07-19 21:24:14', '2016-07-19 21:24:14', 'b684997c-64fa-4904-bd60-3c007b02b595');
INSERT INTO `craft_content` (`id`, `elementId`, `locale`, `title`, `field_body`, `field_date`, `field_publicationName`, `field_author`, `field_contactName`, `field_contactTitle`, `field_contactPhone`, `field_contactEmail`, `field_externalLink`, `field_startDate`, `field_endDate`, `field_storeHours`, `field_workingHere`, `field_values`, `field_benefits`, `field_overview`, `field_responsiblity`, `field_qualification`, `dateCreated`, `dateUpdated`, `uid`) VALUES
 ('109', '120', 'en_us', 'Books By The Foot', NULL, NULL, NULL, NULL, NULL, NULL, NULL, NULL, NULL, NULL, NULL, NULL, NULL, NULL, NULL, NULL, NULL, NULL, '2016-07-20 15:45:36', '2016-07-20 15:45:36', 'a96e4de1-2f47-4d94-bb6d-87846ee296b0'),
 ('110', '121', 'en_us', 'Bookstore Cafe Volunteers', '<p><strong>Bookstore Cafe</strong></p>\n\n\n\n<p>What I enjoy most about volunteering at Housing Works, aside from the relationships Ive built, is the knowledge that my efforts directly affect a community that needs my help now more than ever. It really feels good to know that Im making a difference.</p>\n\n\n\n\n\n\n\n\n\n<p>We have many exciting volunteer opportunities for individuals and groups in the bookstore and cafe. You can immerse yourself in a cozy, cultured atmosphere and give back to the community at the same time.</p>\n\n\n\n\n\n\n\n\n\n<p>Also as a Housing Works Volunteer, you are encouraged to participate in any and all advocacy and activist activities. We hold rallies and civil disobedience actions wherever we can have a meaningful impact on pressing issues that affect homeless people and families living withHIV&amp;AIDS.</p>\n\n\n\n\n\n\n\n\n\n<p><strong>Volunteer Requirements</strong>\n Complete the online application. At the bottom you must check that you have read and understand the Housing Works Volunteer Accepted Duty to Act and theHIVAttestation forms.\n Be at least 16 years of age to be a sales associate, and at least 18 years of age to be a barista.\n Attend a New Volunteer Information Session, to which you will be invited shortly after you apply click<a href=\"http://www.housingworks.org/Bookstore_July_2016_Info_Sessions.pdf\">here</a>to see the list of upcoming Info Sessions).\n Commit to one four-hour shift per week for a minimum of six months. We are not recruiting short-term volunteers, so please apply if you can find a shift that will fit with your schedule for the next six months.</p>\n\n\n\n\n\n\n\n\n\n<p><strong>Volunteer Shifts</strong>\nMonday-Friday, 9-2p, 2-6p, 6-10p\nSaturday-Sunday, 10-2p, 2-6p</p>\n\n\n\n\n\n\n\n\n\n<h3>VOLUNTEER POSITIONS</h3>\n\n\n\n\n\n\n\n\n\n<p><strong>Bookstore Sales, Inventory</strong>\nOur bookstore serves many purposes for the community and with that, our volunteers enjoy a wide variety of responsibilities! Bookstore Sales Associates price and shelve books, run the register, take donations, maintain sections and displays, and help customers.</p>\n\n\n\n\n\n\n\n\n\n<p><strong>Inventory &amp; Internet Sales Volunteers</strong>\nInventory &amp; Internet Sales Associates help to manage over 60,000 books listed online. You will process all of our customer orders, help pick books from shelves and pack them for shipping. Other responsibilities include helping to process donations, organizing and maintaining shelves and the packing area, and moving boxes of books.</p>\n\n\n\n\n\n\n\n\n\n<p><strong>Barista &amp; Cafe Support</strong>\nIf you are looking for something more fast-paced and customer-oriented, join our team of Baristas! Responsibilities include making espresso drinks, serving food, stocking and maintaining the cafe, washing dishes, working at the cash register, and, most importantly, helping us sustain the warm, welcoming, and unique environment our caf has come to provide. In addition to assisting our Baristas, our Cafe Support Volunteers primary tasks include bussing tables (removing garbage, clearing dishes, taking stray books to the front register), assist Bookstore Sales Volunteers when needed, and encourage customers and patrons to honor cafe rules. (Cafe Support Volunteers are only Mondays-Fridays, 10-2p and 2-6p.)</p>\n\n\n\n\n\n\n\n\n\n<p><em>Prerequisites</em>: This position is demanding! You must be willing to work hard and work well with people. Food handling and espresso-making experience are a plus, but as long as you are passionate about working in the cafe, we would love to train you! Finally, we serve alcohol, so baristas must be 18+</p>\n\n\n\n\n\n\n\n\n\n<p><strong>Special Project Volunteer</strong>\nOur Special Project Volunteers are ready to fill positions at major and designated events, help out where we are understaffed, and other projects when needed. You must be prepared to transition store floor to and from performance space (assemble/disassemble stage, set up/clean up chairs, set up/break down extra bar, assist with Cafe needs, manage large crowds, empty trash cans, sweep, mop, and other duties relevant to opening and closing during an event). Event Volunteers also prepare, manage, and close aHWBCbooth at an off site event (includes, but not limited to networking, selling books and otherHWBCitems, and hauling donated books back to the store).</p>\n\n\n\n\n\n\n\n\n\n<p><em>Pre-requisites</em>: Interested Special Project Volunteers must attend a mandatory orientation and volunteer a minimum of two projects a month. For events you may be required to serve or sell alcohol you must be 18+ and for off site opportunities a valid picture ID.</p>\n\n\n\n\n\n\n\n\n\n<p>For individuals and groups interested in completing community service at the bookstore, please email<a href=\"mailto:Volunteer@housingworksbookstore.org\">Volunteer@housingworksbookstore.org</a>.</p>\n\n\n\n\n\n\n\n\n\n<p></p>\n\n\n\n\n\n\n\n\n\n<p>If youre interested in volunteering at our bookstore please</p>', NULL, NULL, NULL, NULL, NULL, NULL, NULL, NULL, NULL, NULL, NULL, NULL, NULL, NULL, NULL, NULL, NULL, '2016-07-20 15:45:41', '2016-07-20 19:22:57', '0567fe3d-5e02-41a8-bdd1-7e608b3a6f8a'),
 ('111', '122', 'en_us', 'Page Volunteer Thrift L', NULL, NULL, NULL, NULL, NULL, NULL, NULL, NULL, NULL, NULL, NULL, NULL, NULL, NULL, NULL, NULL, NULL, NULL, '2016-07-20 16:19:19', '2016-07-20 16:19:19', 'abe76718-db7f-46c7-acef-19293df964aa'),
 ('112', '123', 'en_us', 'Thrift Shop, Processing & Distribution Center Volunteers', '<p><strong>So many ways to help</strong></p>\n\n<p>Housing Works depends on the generosity of volunteers in our fight to endAIDSand homelessness. Our thrift shops cannot run without the commitment and hard work of our staff and volunteers.</p>\n\n\n\n\n\n<p>Volunteers like you started our very first thrift shop in Chelsea and continue to support us to this day in our shops. By volunteering at a Housing Works Thrift shop, you are directly responsible for providing funding to New Yorkers affected by homelessness andHIV/AIDS.</p>\n\n\n\n\n\n<p>Were always on the lookout for dynamic and friendly people to help provide great customer service and an outstanding thrifting experience in our shops. Volunteers will accept merchandise donations, assist customers at our fitting rooms, refill and organize our clothing racks and housewares shelves, assist to merchandise the shop, and work with staff on a wide variety of special projects. Each volunteer is trained to have knowledge of each area of the shop, and each persons volunteer experience can be tailored to their personal skills and interests.</p>\n\n\n\n\n\n<p>We invite you to become part of our thrift shop family.</p>\n\n\n\n\n\n<p><strong>Thrift Sales Associate</strong>\nThe Volunteer Sales Associate works to provide first-rate customer and donor services, maximizing sales and to support the daily operations of their respective Thrift Shop. Essential Job Functions include, but are not limited to assist with marketing the Shop in your neighborhood, conducting and completing sales, process donated merchandise, maintaining cleanliness and organization of sales floor, and ensure that inventory and pricing guidelines are complied with and maintained.</p>\n\n\n\n\n\n<p><a href=\"http://www.housingworks.org/internal-files/thrifts/Volunteer_Sales_Associate_JD_2013.docx\">Please click here to view the full job description</a></p>\n\n\n\n\n\n<p><strong>Administrative Volunteer, Processing &amp; Merchandising Volunteer (PDC)</strong>\nOur<a href=\"http://www.housingworks.org/volunteer/corporate-group-volunteerism/\">Processing &amp; Distribution Center (PDC)</a>in Long Island City receives thousands of units of clothing per day.PDCvolunteers help expedite processing donations and restocking stores, which ultimately helps generate greatly needed revenue for our organization. Processing &amp; Distribution Volunteer tasks include sorting donations, hanging and tagging merchandise, and organizing inventory and back-stock. Administrative Volunteers assist staff with filing and organizing paperwork, answering phones, and all other administrative duties at thePDC. (Volunteer shifts at thePDCare Monday-Friday, 8-12p and 1-4p.)</p>\n\n\n\n\n\n<p>###p<br /></p>\n\n\n\n<p><em>Pre-requistes</em>: Future Volunteers must fill out online form (link is below) and attend our Volunteer Information Session (###a href=\"https://drive.google.com/file/d/0B_uH_Kiir2EyY2xCN0VVU2czNWc/view?usp=sharing\" target=\"_blank\" \"=\"\"&gt;click here to see the schedule of upcoming Info Sessions). You must be able to commit to volunteer for one (1) four-hour shift per 7 day work week for a minimum of 6 months. Shop hours vary and shift times can be flexible, for store hours, click on the store of your interest on the navbar on the right. Must be 16 and over to apply independently. Young people aged 14 and 15 must obtain working papers from their school and parents permission before attending a session.</p>', NULL, NULL, NULL, NULL, NULL, NULL, NULL, NULL, NULL, NULL, NULL, NULL, NULL, NULL, NULL, NULL, NULL, '2016-07-20 16:19:23', '2016-07-20 19:22:57', '434d17c0-379e-4acc-8c82-539f15482f44'),
 ('113', '124', 'en_us', 'Btb', NULL, NULL, NULL, NULL, NULL, NULL, NULL, NULL, NULL, NULL, NULL, NULL, NULL, NULL, NULL, NULL, NULL, NULL, '2016-07-20 16:20:16', '2016-07-20 16:20:16', '7d3289b1-5c99-4acb-9a7d-c3db576e6f94'),
 ('114', '125', 'en_us', 'Buy The Bag', '<p>On December 1, 2012, Housing Works opens its brand new and exciting Buy the Bag shop! Customers pay $25 and get a bag to fill up with contemporary, designer and vintage apparel  some in need of a littleTLC. Known as thrifters heaven by savvy shoppers, bloggers and media, including<a href=\"http://www.nytimes.com/2012/01/01/fashion/thrift-stores-add-perks.html\">The New York Times</a>and<a href=\"http://video.today.msnbc.msn.com/today/46626336#46626336\">The Today Show</a>, Buy the Bag is not your typical retail experience and were looking for a few good volunteers up to the task.</p>\n\n<p>We seek to provide customers with the same level of service that we are known for at our twelve thrift shops, and are looking for hard working, dedicated people to call this new shop their volunteer home. Volunteers at Buy the Bag will assist our staff by:</p>\n\n\n\n<p> Providing excellent customer service throughout the shop\n Maintaining the neatness and cleanliness of the sales floor\n Ringing purchases at the register\n Talking to customers about Housing Works fight to endHIV/AIDS and Homelessness</p>', NULL, NULL, NULL, NULL, NULL, NULL, NULL, NULL, NULL, NULL, NULL, NULL, NULL, NULL, NULL, NULL, NULL, '2016-07-20 16:21:46', '2016-07-20 19:22:57', '38cf3ba3-577f-44d0-a7c0-bfd5901e9673'),
 ('115', '126', 'en_us', 'Group Volunteer', NULL, NULL, NULL, NULL, NULL, NULL, NULL, NULL, NULL, NULL, NULL, NULL, NULL, NULL, NULL, NULL, NULL, NULL, '2016-07-20 16:24:26', '2016-07-20 16:24:26', '09ce3e6e-2df4-4aa6-92ff-fe026d533100'),
 ('116', '127', 'en_us', 'Group Volunteerism', '<p><strong>Your Organization at Housing Works</strong>\nGroups of volunteers assist our organization greatly, by coming together to better the communities that they live and work in. Housing Works is pleased to partner with corporations, universities, and community based groups, in the creation and implementation of volunteer projects that benefit homeless men and women living withHIV/AIDS. We are one of New York Citys largest and most successful support services for those in these under served communities, and becoming a part of the Housing Works family is an exciting way for companies to give back.</p>\n\n<p>Each project challenges volunteers to develop new skills and engage new people, contributing to a greater sense of camaraderie. We welcome the opportunity to work with corporations to find volunteer opportunities that meet their needs and priorities. Volunteering with Housing Works is a great way for companies to engage employees while demonstrating their commitment to the fight against homelessness andAIDS, and the improvement of the lives of all at-risk New Yorkers.</p>\n\n<p><strong>Housing Works Thrifts Processing and Distribution Center</strong>\nHousing Works, Inc. is a pioneer in the social enterprise business model movement. Our 12 city wide thrift shops generate revenue to support our programs and services. The merchandise at our 12 Thrift Shops depends on the generous donations of all New Yorkers. All profits are used to aid our mission to end the dual crises ofAIDSand homelessness. Their annual revenues total approximately $15 million.</p>\n\n<ul><li>All clothing donations are sent to our Processing and Distribution Center (PDC) in Long Island City, Queens. There, a dedicated team of staff and volunteers prepare these donations to be sold in our thrift shops.</li><li>Volunteer roles consist of:\n- Sorting donations\n- Hanging and tagging merchandise\n- Inventory and back-stock\n- Organizing</li><li>Volunteer shifts are available Mondays, Wednesdays, and Fridays, from either 9am12pm or 1pm3pm.</li><li>ThePDCcan accommodate a maximum of 15 volunteers per shift and no prior experience is required.</li></ul><p><strong>How Your Group Helps at thePDC</strong></p>\n\n<ul><li>ThePDCreceives thousands of units of clothing per day.PDCvolunteers help expedite processing donations and restocking stores, which ultimately helps generate greatly needed revenue for our organization.</li><li>PDCvolunteers find the volunteer experience both incredibly rewarding and exciting. We invite your company to join us in the fight against the dual crises of homelessness andAIDSin New York City.</li></ul>', NULL, NULL, NULL, NULL, NULL, NULL, NULL, NULL, NULL, NULL, NULL, NULL, NULL, NULL, NULL, NULL, NULL, '2016-07-20 16:24:29', '2016-07-20 19:22:57', 'd50d17c0-8900-4ab5-8798-001658808692'),
 ('117', '128', 'en_us', 'Page Internship2 L1', NULL, NULL, NULL, NULL, NULL, NULL, NULL, NULL, NULL, NULL, NULL, NULL, NULL, NULL, NULL, NULL, NULL, NULL, '2016-07-20 16:36:15', '2016-07-20 16:36:15', 'ab35cbdc-9fa0-4c32-ac7e-b5a95fc08718'),
 ('118', '129', 'en_us', 'Health/Preventive Service Opportunities', '<p>Housing Works offers a wide variety of Health/Preventive service opportunities for those looking to serve; the volunteer/intern positions listed in this section reflect our current needs</p>', NULL, NULL, NULL, NULL, NULL, NULL, NULL, NULL, NULL, NULL, NULL, NULL, NULL, NULL, NULL, NULL, NULL, '2016-07-20 16:36:18', '2016-07-20 19:22:58', 'd5c24736-b0a9-4508-b511-660e6cb79f00'),
 ('119', '130', 'en_us', 'Fashion for Action Volunteer Application', '<p><b>PLEASENOTETHEFOLLOWINGBEFOREFILLINGOUTTHISAPPLICATION</b></p>\n\n<b>This application is for those interested in volunteering only for Fashion for Action</b><b>\n\nYou must attend an information session in order to be able to volunteer for the event, please be sure to select a date from the drop down menu below that you are able to attend\n\nIf you have volunteered at a Housing Works special event in the past, or currently volunteer at a thrift shop,<u>do not</u>fill out this application. Please contact us directly.</b>', NULL, NULL, NULL, NULL, NULL, NULL, NULL, NULL, NULL, NULL, NULL, NULL, NULL, NULL, NULL, NULL, NULL, '2016-07-20 16:47:11', '2016-07-20 19:22:58', '41e9cd5e-8dad-4945-bb40-417e8f41b751'),
 ('120', '131', 'en_us', 'Design on a Dime Volunteer Opportunities', '<p>On April 21, 2016, Housing Works will present New York Citys most popular interior design benefit event at the Metropolitan Pavilion in Chelsea. Design on a Dime features more than 60 of the worlds top interior designers, who create unforgettable room vignettes with new merchandise, which is donated and then sold for 50 to 70 percent off retail! Each year, Design on a Dime depends on the hard work of hundreds of volunteers. You can volunteer to help in many ways, from event setup, sales and breakdown, to event merchandise preparation and sorting at our Thrift Shop Warehouse. Individual, corporate group and student group volunteer opportunities are available.</p>\n\n<p>Below is a list of days, shifts, and tasks to choose from (multiple days and shifts are allowed):</p>\n\n\n\n\n\n<p><strong>Tuesday April 19</strong>12-4p, 4-8p | Volunteers will assist staff in one of three teams; unloading merchandise from trucks, setting up furniture around event space, and trash removal (volunteers must be able to lift up to 40 pounds). 4-7p, 7-10p | Volunteers will assist designers and staff with set up, preparation, and trash removal.</p>\n\n\n\n\n\n<p><strong>Wednesday April 20</strong>9-1:30p | Assist designers and staff with set up, preparation, and trash removal. 1-5:30p, 5-10p | Volunteers will assist staff with preparation and pricing of merchandise for sale throughout event space.</p>\n\n\n\n\n\n<p><strong>Thursday April 21</strong>9-12p, 12-3p | Experienced retail volunteers needed to assist staff with last minute prep, final touches, and merchandise pricing. 4:45-10:45p | The evening is all about the Gala Night! Volunteers will assist with customer service on the sales floor, running sold tickets between merchandise and register, bagging purchases at the register, providing excellent customer service to our patrons, and closing at the end, preparing the sales/exhibit space for the next day (prompt attendance required for Gala Night; you must be able to arrive no later than by 5p).</p>\n\n\n\n\n\n<p><strong>Friday April 22</strong>8:30-12p | Today begins the first of two public day sales and volunteers are needed to help organize back stock and consolidate merchandise. 9-1:30p, 1-5p, 4:30-7:30p | Volunteer tasks during these shifts include bagging at registers, line help, sold tag runners, room &amp; sales assistance. 7-10p | Volunteers on the Friday night re-set team will help condense the merchandise left to be sold on Saturday and separate sold merchandise for pick up.</p>\n\n\n\n\n\n<p><strong>Saturday April 22</strong>9-1:30p, 1-5p | The second and last day of our public sale day continues with tasks including bagging at registers, line help, sold tag runners, and room &amp; sales assistance. 2-5p, 4-8p | The weeks begin to sales wind down, the clean-up and clear out begins. Volunteers will help with organizing and loading out merchandise, and emptying the event space. 5-11p | Volunteers will report to our Chelsea and Gramercy Thrifts to receive merchandise arriving from the Design on a Dime exhibit space.</p>\n\n\n\n\n\n<p>###b</p>\n\n\n\n\n\n<p>If you are interested in volunteering, or would like to sign up your group to a volunteer for Design on a Dime 2016 please email###a href=\"mailto:volunteers@housingworks.org\"&gt;volunteers@housingworks.org.</p>', NULL, NULL, NULL, NULL, NULL, NULL, NULL, NULL, NULL, NULL, NULL, NULL, NULL, NULL, NULL, NULL, NULL, '2016-07-20 16:48:24', '2016-07-26 19:08:24', '3431e287-fc91-4a32-941c-6a3383899451'),
 ('121', '132', 'en_us', 'Health Care Centers', NULL, NULL, NULL, NULL, NULL, NULL, NULL, NULL, NULL, NULL, NULL, NULL, NULL, NULL, NULL, NULL, NULL, NULL, '2016-07-20 18:53:39', '2016-07-20 18:53:39', '0cf9b5c6-03dd-4d1c-96de-2790c87ecb57'),
 ('122', '133', 'en_us', 'Downtown Brooklyn Health Center', '<p>Our newly renovated Downtown Brooklyn Health Center offers a wide range of services from caring professionals in one convenient location.</p>\n\n<p>We accept Medicaid, Medicare and most insurance plans and offer a reduced sliding fee schedule based on a persons income and family size.</p>', NULL, NULL, NULL, NULL, NULL, '718-907-6230', NULL, NULL, NULL, NULL, '[{\"open\":\"2016-07-20 09:00:00\",\"close\":\"2016-07-20 17:00:00\"},{\"open\":\"2016-07-20 09:00:00\",\"close\":\"2016-07-20 17:00:00\"},{\"open\":\"2016-07-20 09:00:00\",\"close\":\"2016-07-20 17:00:00\"},{\"open\":\"2016-07-20 09:00:00\",\"close\":\"2016-07-20 17:00:00\"},{\"open\":\"2016-07-20 09:00:00\",\"close\":\"2016-07-20 17:00:00\"},{\"open\":\"2016-07-20 09:00:00\",\"close\":\"2016-07-20 17:00:00\"},{\"open\":\"2016-07-20 09:00:00\",\"close\":\"2016-07-20 17:00:00\"}]', NULL, NULL, NULL, NULL, NULL, NULL, '2016-07-20 19:01:05', '2016-07-20 19:01:05', '4295469c-db53-442b-ae88-15d4dc08efb1'),
 ('123', '135', 'en_us', 'Positive Health Project', '<p>WHAT IS A HEALTH HOME?</p>\n\n<p><em>Health Homes are networks of services that coordinate comprehensive client care in the areas of:</em></p>\n\n<ul><li>access to primary and specialty medicalcare</li><li>substance use treatment</li><li>mental health treatment</li><li>supportive social services</li></ul>', NULL, NULL, NULL, NULL, NULL, '718-348-5900', NULL, NULL, NULL, NULL, '[{\"open\":\"2016-07-20 10:00:00\",\"close\":\"2016-07-20 17:30:00\"},{\"open\":\"2016-07-20 10:00:00\",\"close\":\"2016-07-20 17:30:00\"},{\"open\":\"2016-07-20 10:00:00\",\"close\":\"2016-07-20 17:30:00\"},{\"open\":\"2016-07-20 10:00:00\",\"close\":\"2016-07-20 17:30:00\"},{\"open\":\"2016-07-20 10:00:00\",\"close\":\"2016-07-20 17:30:00\"},{\"open\":\"2016-07-20 10:00:00\",\"close\":\"2016-07-20 17:30:00\"},{\"open\":\"\",\"close\":\"\"}]', NULL, NULL, NULL, NULL, NULL, NULL, '2016-07-20 19:04:39', '2016-07-20 19:04:39', 'e1a67059-1881-4528-abbc-07e5b40b2db9'),
 ('124', '137', 'en_us', 'Brooklyn West Health Home Care Management', '<p>HOW CAN HEALTH HOMES HELP?</p>\n\n<p><em>The Housing Works Health Home Care Management Program (formerly known asCOBRA) helps by:</em></p>\n\n\n\n<ul><li>removing barriers to care</li><li>improving access to health and social services</li><li>improving retention in health care and improve health outcomes</li><li>reducing preventable hospitalizations and emergency room visits</li></ul>', NULL, NULL, NULL, NULL, NULL, '347-473-7417', NULL, NULL, NULL, NULL, '[{\"open\":\"\",\"close\":\"\"},{\"open\":\"\",\"close\":\"\"},{\"open\":\"\",\"close\":\"\"},{\"open\":\"\",\"close\":\"\"},{\"open\":\"\",\"close\":\"\"},{\"open\":\"\",\"close\":\"\"},{\"open\":\"\",\"close\":\"\"}]', NULL, NULL, NULL, NULL, NULL, NULL, '2016-07-20 19:06:53', '2016-07-20 19:18:42', 'd64603e1-b873-4789-ad25-9d7ab1316dd7'),
 ('125', '138', 'en_us', 'Manhattan Harm Reduction Center', '<p>Offerings: Syringe Exchange Program</p>\n\n<p>Our Manhattan Syringe Exchange Center provides clean needles to injection drug users in order to reduce the spreed ofHIVand Hepatitis C infections. What we offer:</p>\n\n<p><strong>Syringe Exchange</strong></p>\n\n<ul><li>Clean needles</li><li>Bleach kits</li><li>Crack kits</li><li>Syringes for hormone injection</li><li>Safer sex kits</li><li>Overdose prevention kit</li><li>Hygiene kits</li></ul><!--pagebreak--><p><br /></p>', NULL, NULL, NULL, NULL, NULL, '212-966-0466', NULL, NULL, NULL, NULL, '[{\"open\":\"2016-07-20 09:00:00\",\"close\":\"2016-07-20 05:00:00\"},{\"open\":\"2016-07-20 09:00:00\",\"close\":\"2016-07-20 05:00:00\"},{\"open\":\"2016-07-20 09:00:00\",\"close\":\"2016-07-20 05:00:00\"},{\"open\":\"2016-07-20 09:00:00\",\"close\":\"2016-07-20 05:00:00\"},{\"open\":\"2016-07-20 09:00:00\",\"close\":\"2016-07-20 05:00:00\"},{\"open\":\"2016-07-20 09:00:00\",\"close\":\"2016-07-20 05:00:00\"},{\"open\":\"\",\"close\":\"\"}]', NULL, NULL, NULL, NULL, NULL, NULL, '2016-07-20 19:17:48', '2016-07-20 19:17:48', 'a4b9bc57-2721-4b2e-b3e2-692c3cbb49fd'),
 ('126', '140', 'en_us', 'Page Medical Dental L', NULL, NULL, NULL, NULL, NULL, NULL, NULL, NULL, NULL, NULL, NULL, NULL, NULL, NULL, NULL, NULL, NULL, NULL, '2016-07-20 19:25:58', '2016-07-20 19:25:58', 'c4d11300-8afe-4f97-907c-da1f235afd42'),
 ('127', '148', 'en_us', 'Board Of Directors', NULL, NULL, NULL, NULL, NULL, NULL, NULL, NULL, NULL, NULL, NULL, NULL, NULL, NULL, NULL, NULL, NULL, NULL, '2016-07-26 14:10:08', '2016-07-26 14:24:21', '4812c6d5-e553-40b0-ae00-e9f9faf0b9dc'),
 ('128', '150', 'en_us', 'Blue bottle aesthetic freegan mustache,', '<p>Blue bottle aesthetic freegan mustache, XOXO hoodie lomo slow-carb bushwick readymade wayfarers you probably haven\'t heard of them artisan cardigan cold-pressed. Chillwave salvia truffaut pickled retro mumblecore. Fingerstache viral lumbersexual, PBR&amp;B pitchfork pickled tattooed slow-carb master cleanse vice. Wolf tousled tilde meditation leggings green juice, keffiyeh four loko thundercats ramps drinking vinegar ennui yuccie farm-to-table. Slow-carb fingerstache distillery kinfolk, fashion axe viral pickled. Roof party typewriter meditation authentic banjo man braid, echo park portland aesthetic stumptown pitchfork crucifix meggings next level. Vegan try-hard forage, tumblr fap jean shorts mustache meh fingerstache brooklyn craft beer hammock fashion axe sartorial squid.</p>\n\n<p>Actually butcher vice migas, YOLO 90\'s viral affogato. Tattooed offal meditation, lumbersexual pinterest normcore disrupt synth leggings. Raw denim pour-over cornhole meh fanny pack normcore. XOXO mustache taxidermy you probably haven\'t heard of them, ennui actually hella man bun. Mlkshk deep v cornhole kogi. Heirloom cardigan ramps +1, four dollar toast skateboard aesthetic put a bird on it polaroid blue bottle synth mlkshk. Selfies PBR&amp;B ethical chartreuse, godard kinfolk portland keytar swag skateboard lumbersexual master cleanse single-origin coffee hella ugh.</p>', '2016-07-26 15:30:00', NULL, NULL, NULL, NULL, NULL, NULL, NULL, NULL, NULL, NULL, NULL, NULL, NULL, NULL, NULL, NULL, '2016-07-26 18:26:12', '2016-08-02 14:39:55', 'd8979392-8534-4c83-9d33-ae7c77f18a07'),
 ('129', '151', 'en_us', 'Donation', NULL, NULL, NULL, NULL, NULL, NULL, NULL, NULL, NULL, NULL, NULL, NULL, NULL, NULL, NULL, NULL, NULL, NULL, '2016-07-26 19:48:28', '2016-08-02 15:15:31', '4b27a810-2656-494c-946a-9fa239123c4f'),
 ('130', '152', 'en_us', NULL, NULL, NULL, NULL, NULL, NULL, NULL, NULL, NULL, NULL, NULL, NULL, NULL, NULL, NULL, NULL, NULL, NULL, NULL, '2016-07-26 20:39:51', '2016-07-26 20:39:51', '609a9ad0-1820-4dba-a751-62fbc4557567'),
 ('131', '154', 'en_us', NULL, NULL, NULL, NULL, NULL, NULL, NULL, NULL, NULL, NULL, NULL, NULL, NULL, NULL, NULL, NULL, NULL, NULL, NULL, '2016-07-26 20:48:15', '2016-07-26 20:48:15', '7de451c2-569f-4d97-84af-30b2b71ea33c'),
 ('132', '156', 'en_us', NULL, NULL, NULL, NULL, NULL, NULL, NULL, NULL, NULL, NULL, NULL, NULL, NULL, NULL, NULL, NULL, NULL, NULL, NULL, '2016-07-26 20:48:50', '2016-07-26 20:48:50', '79855192-37b3-4a59-bd1b-ed5d10f4bc81'),
 ('133', '158', 'en_us', NULL, NULL, NULL, NULL, NULL, NULL, NULL, NULL, NULL, NULL, NULL, NULL, NULL, NULL, NULL, NULL, NULL, NULL, NULL, '2016-07-26 20:51:39', '2016-07-26 20:51:39', '3dc34f77-697d-4102-a0e9-a58e8da72722'),
 ('134', '160', 'en_us', NULL, NULL, NULL, NULL, NULL, NULL, NULL, NULL, NULL, NULL, NULL, NULL, NULL, NULL, NULL, NULL, NULL, NULL, NULL, '2016-07-26 20:53:46', '2016-07-26 20:53:46', '62f8eee5-c86d-4863-a995-2a1c06f5f3b5'),
 ('135', '162', 'en_us', NULL, NULL, NULL, NULL, NULL, NULL, NULL, NULL, NULL, NULL, NULL, NULL, NULL, NULL, NULL, NULL, NULL, NULL, NULL, '2016-07-26 21:31:38', '2016-07-26 21:31:38', '51e8d642-0cd4-48ab-8cdc-63f51f46b023'),
 ('136', '164', 'en_us', NULL, NULL, NULL, NULL, NULL, NULL, NULL, NULL, NULL, NULL, NULL, NULL, NULL, NULL, NULL, NULL, NULL, NULL, NULL, '2016-07-26 21:33:30', '2016-07-26 21:33:30', 'e643564a-23f2-4d21-991e-dfcd89f67b7a'),
 ('137', '166', 'en_us', NULL, NULL, NULL, NULL, NULL, NULL, NULL, NULL, NULL, NULL, NULL, NULL, NULL, NULL, NULL, NULL, NULL, NULL, NULL, '2016-07-26 21:38:45', '2016-07-26 21:38:45', 'dd993eba-caf2-443a-a1e8-f29a883e9cac'),
 ('138', '168', 'en_us', NULL, NULL, NULL, NULL, NULL, NULL, NULL, NULL, NULL, NULL, NULL, NULL, NULL, NULL, NULL, NULL, NULL, NULL, NULL, '2016-07-26 21:54:16', '2016-07-26 21:54:16', '14002e6d-f5ca-45b8-9073-c79c10f36722'),
 ('139', '170', 'en_us', NULL, NULL, NULL, NULL, NULL, NULL, NULL, NULL, NULL, NULL, NULL, NULL, NULL, NULL, NULL, NULL, NULL, NULL, NULL, '2016-07-26 21:57:36', '2016-07-26 21:57:36', 'd46e973e-7c75-4e3d-801d-0531cc743ceb'),
 ('140', '174', 'en_us', NULL, NULL, NULL, NULL, NULL, NULL, NULL, NULL, NULL, NULL, NULL, NULL, NULL, NULL, NULL, NULL, NULL, NULL, NULL, '2016-07-27 14:56:18', '2016-07-27 14:56:18', '8870432c-917b-4ec9-aed4-655c008c5333'),
 ('141', '176', 'en_us', NULL, NULL, NULL, NULL, NULL, NULL, NULL, NULL, NULL, NULL, NULL, NULL, NULL, NULL, NULL, NULL, NULL, NULL, NULL, '2016-07-27 15:15:12', '2016-07-27 15:15:12', '2f2d1333-603c-495b-9cf3-d050d381c402'),
 ('142', '178', 'en_us', NULL, NULL, NULL, NULL, NULL, NULL, NULL, NULL, NULL, NULL, NULL, NULL, NULL, NULL, NULL, NULL, NULL, NULL, NULL, '2016-07-27 15:16:09', '2016-07-27 15:16:09', 'a6721145-4fa9-4216-b78b-7497b1af8ff1'),
 ('143', '180', 'en_us', NULL, NULL, NULL, NULL, NULL, NULL, NULL, NULL, NULL, NULL, NULL, NULL, NULL, NULL, NULL, NULL, NULL, NULL, NULL, '2016-07-27 15:20:32', '2016-07-27 15:20:32', '28a2b7e6-6b78-42bc-87b0-a79ec229ce52'),
 ('144', '182', 'en_us', NULL, NULL, NULL, NULL, NULL, NULL, NULL, NULL, NULL, NULL, NULL, NULL, NULL, NULL, NULL, NULL, NULL, NULL, NULL, '2016-07-27 17:09:50', '2016-07-27 17:09:50', '76ac7c65-9ada-42e1-8e77-babbd0cb81eb'),
 ('145', '184', 'en_us', NULL, NULL, NULL, NULL, NULL, NULL, NULL, NULL, NULL, NULL, NULL, NULL, NULL, NULL, NULL, NULL, NULL, NULL, NULL, '2016-07-27 17:23:01', '2016-07-27 17:23:01', '5b43c7e6-48cf-41b4-af6f-c80090de629e'),
 ('146', '186', 'en_us', NULL, NULL, NULL, NULL, NULL, NULL, NULL, NULL, NULL, NULL, NULL, NULL, NULL, NULL, NULL, NULL, NULL, NULL, NULL, '2016-07-27 18:54:34', '2016-07-27 18:54:34', '3e7f8cb0-b36c-4418-9f9c-710341f586f3'),
 ('147', '188', 'en_us', NULL, NULL, NULL, NULL, NULL, NULL, NULL, NULL, NULL, NULL, NULL, NULL, NULL, NULL, NULL, NULL, NULL, NULL, NULL, '2016-07-27 20:18:39', '2016-07-27 20:18:39', '17144d8a-3b63-4b19-a626-5196058e3a8f'),
 ('148', '190', 'en_us', NULL, NULL, NULL, NULL, NULL, NULL, NULL, NULL, NULL, NULL, NULL, NULL, NULL, NULL, NULL, NULL, NULL, NULL, NULL, '2016-07-27 20:22:36', '2016-07-27 20:22:36', '54f64967-bed7-4efe-b590-486db014f5da'),
 ('149', '192', 'en_us', NULL, NULL, NULL, NULL, NULL, NULL, NULL, NULL, NULL, NULL, NULL, NULL, NULL, NULL, NULL, NULL, NULL, NULL, NULL, '2016-07-27 20:26:52', '2016-07-27 20:26:52', '9a5f17bb-0fac-41f8-a09e-d8411cbbf360'),
 ('150', '194', 'en_us', NULL, NULL, NULL, NULL, NULL, NULL, NULL, NULL, NULL, NULL, NULL, NULL, NULL, NULL, NULL, NULL, NULL, NULL, NULL, '2016-07-27 20:30:07', '2016-07-27 20:30:07', '33526274-1aac-4c0b-8150-c28fe97ead66'),
 ('151', '196', 'en_us', NULL, NULL, NULL, NULL, NULL, NULL, NULL, NULL, NULL, NULL, NULL, NULL, NULL, NULL, NULL, NULL, NULL, NULL, NULL, '2016-07-27 20:31:34', '2016-07-27 20:31:34', '686ca963-2531-49de-be50-c1a8a649c3f0'),
 ('152', '198', 'en_us', NULL, NULL, NULL, NULL, NULL, NULL, NULL, NULL, NULL, NULL, NULL, NULL, NULL, NULL, NULL, NULL, NULL, NULL, NULL, '2016-07-27 20:32:02', '2016-07-27 20:32:02', '8ba8df09-271f-4aae-ae18-d488e92af8d8'),
 ('153', '200', 'en_us', NULL, NULL, NULL, NULL, NULL, NULL, NULL, NULL, NULL, NULL, NULL, NULL, NULL, NULL, NULL, NULL, NULL, NULL, NULL, '2016-07-27 20:32:50', '2016-07-27 20:32:50', 'e59910e5-026d-442e-833f-ae4359fd2aec'),
 ('154', '202', 'en_us', NULL, NULL, NULL, NULL, NULL, NULL, NULL, NULL, NULL, NULL, NULL, NULL, NULL, NULL, NULL, NULL, NULL, NULL, NULL, '2016-07-27 20:33:51', '2016-07-27 20:33:51', 'da827ccc-8dc0-4744-abfc-b77f63bed51f'),
 ('155', '204', 'en_us', NULL, NULL, NULL, NULL, NULL, NULL, NULL, NULL, NULL, NULL, NULL, NULL, NULL, NULL, NULL, NULL, NULL, NULL, NULL, '2016-07-27 20:38:45', '2016-07-27 20:38:45', '9fe7f263-4fcb-4002-b1ac-28c68d5bd745'),
 ('156', '206', 'en_us', NULL, NULL, NULL, NULL, NULL, NULL, NULL, NULL, NULL, NULL, NULL, NULL, NULL, NULL, NULL, NULL, NULL, NULL, NULL, '2016-07-27 20:48:39', '2016-07-27 20:48:39', '78d5c733-8fc6-432f-8c46-85261ca73b85'),
 ('157', '208', 'en_us', NULL, NULL, NULL, NULL, NULL, NULL, NULL, NULL, NULL, NULL, NULL, NULL, NULL, NULL, NULL, NULL, NULL, NULL, NULL, '2016-07-27 20:49:15', '2016-07-27 20:49:15', '063c318e-8ae3-4a71-b4ba-aea96f1e514b'),
 ('158', '210', 'en_us', NULL, NULL, NULL, NULL, NULL, NULL, NULL, NULL, NULL, NULL, NULL, NULL, NULL, NULL, NULL, NULL, NULL, NULL, NULL, '2016-07-27 20:50:17', '2016-07-27 20:50:17', 'b29681dc-85f0-4dee-8a0d-411e5f61d3d4'),
 ('159', '212', 'en_us', NULL, NULL, NULL, NULL, NULL, NULL, NULL, NULL, NULL, NULL, NULL, NULL, NULL, NULL, NULL, NULL, NULL, NULL, NULL, '2016-07-27 20:53:05', '2016-07-27 20:53:05', '294e6627-cd43-4fb0-b76b-20d07a8c2ee6'),
 ('160', '214', 'en_us', NULL, NULL, NULL, NULL, NULL, NULL, NULL, NULL, NULL, NULL, NULL, NULL, NULL, NULL, NULL, NULL, NULL, NULL, NULL, '2016-07-27 20:54:28', '2016-07-27 20:54:28', 'e0504554-2800-46ee-90f0-ea208476de16'),
 ('161', '216', 'en_us', NULL, NULL, NULL, NULL, NULL, NULL, NULL, NULL, NULL, NULL, NULL, NULL, NULL, NULL, NULL, NULL, NULL, NULL, NULL, '2016-07-27 20:55:15', '2016-07-27 20:55:15', 'c856ea82-9d88-4536-a69d-fe6a81f9a40d'),
 ('162', '218', 'en_us', NULL, NULL, NULL, NULL, NULL, NULL, NULL, NULL, NULL, NULL, NULL, NULL, NULL, NULL, NULL, NULL, NULL, NULL, NULL, '2016-07-27 20:56:17', '2016-07-27 20:56:17', '8663a63d-8e1b-4232-a651-9350eddfbe37'),
 ('163', '220', 'en_us', NULL, NULL, NULL, NULL, NULL, NULL, NULL, NULL, NULL, NULL, NULL, NULL, NULL, NULL, NULL, NULL, NULL, NULL, NULL, '2016-07-27 20:58:55', '2016-07-27 20:58:55', '56710a3a-b7ed-4aec-b152-e030de87e396'),
 ('164', '222', 'en_us', NULL, NULL, NULL, NULL, NULL, NULL, NULL, NULL, NULL, NULL, NULL, NULL, NULL, NULL, NULL, NULL, NULL, NULL, NULL, '2016-07-27 21:00:14', '2016-07-27 21:00:14', 'ffea5ea2-26df-4f8f-b191-4d80cb1c879e'),
 ('165', '224', 'en_us', NULL, NULL, NULL, NULL, NULL, NULL, NULL, NULL, NULL, NULL, NULL, NULL, NULL, NULL, NULL, NULL, NULL, NULL, NULL, '2016-07-27 21:01:55', '2016-07-27 21:01:55', 'e9b32627-5ada-44ba-80d5-df7f90b7b348'),
 ('166', '226', 'en_us', NULL, NULL, NULL, NULL, NULL, NULL, NULL, NULL, NULL, NULL, NULL, NULL, NULL, NULL, NULL, NULL, NULL, NULL, NULL, '2016-07-27 21:02:28', '2016-07-27 21:02:28', 'a8bf9a5c-adef-4fc8-a7cb-bb62abb805da'),
 ('167', '228', 'en_us', NULL, NULL, NULL, NULL, NULL, NULL, NULL, NULL, NULL, NULL, NULL, NULL, NULL, NULL, NULL, NULL, NULL, NULL, NULL, '2016-07-27 21:05:05', '2016-07-27 21:05:05', 'ca786da2-c69e-4671-9f50-efe8bdff8706'),
 ('168', '230', 'en_us', NULL, NULL, NULL, NULL, NULL, NULL, NULL, NULL, NULL, NULL, NULL, NULL, NULL, NULL, NULL, NULL, NULL, NULL, NULL, '2016-07-27 21:06:37', '2016-07-27 21:06:37', 'f85dc34f-26f9-4ac0-a3ff-2c38b45a4e70'),
 ('169', '232', 'en_us', NULL, NULL, NULL, NULL, NULL, NULL, NULL, NULL, NULL, NULL, NULL, NULL, NULL, NULL, NULL, NULL, NULL, NULL, NULL, '2016-07-27 21:10:12', '2016-07-27 21:10:12', 'b06cdb88-3aac-435e-8d39-7c3e78685d0d'),
 ('170', '234', 'en_us', NULL, NULL, NULL, NULL, NULL, NULL, NULL, NULL, NULL, NULL, NULL, NULL, NULL, NULL, NULL, NULL, NULL, NULL, NULL, '2016-07-27 21:17:46', '2016-07-27 21:17:46', 'e2f7169e-52c8-4082-b696-5b071ffc44dc'),
 ('171', '236', 'en_us', NULL, NULL, NULL, NULL, NULL, NULL, NULL, NULL, NULL, NULL, NULL, NULL, NULL, NULL, NULL, NULL, NULL, NULL, NULL, '2016-07-27 21:22:50', '2016-07-27 21:22:50', '964b9490-1df1-415f-b228-95c3ff29d7b5'),
 ('172', '238', 'en_us', NULL, NULL, NULL, NULL, NULL, NULL, NULL, NULL, NULL, NULL, NULL, NULL, NULL, NULL, NULL, NULL, NULL, NULL, NULL, '2016-07-27 21:25:33', '2016-07-27 21:25:33', '6b0d39df-b4a9-464f-bf7b-7c7a16c2c063'),
 ('173', '240', 'en_us', NULL, NULL, NULL, NULL, NULL, NULL, NULL, NULL, NULL, NULL, NULL, NULL, NULL, NULL, NULL, NULL, NULL, NULL, NULL, '2016-07-27 21:27:16', '2016-07-27 21:27:16', '8407dcca-4b4a-4f21-918d-b0f19c48589f'),
 ('174', '242', 'en_us', NULL, NULL, NULL, NULL, NULL, NULL, NULL, NULL, NULL, NULL, NULL, NULL, NULL, NULL, NULL, NULL, NULL, NULL, NULL, '2016-07-27 21:27:51', '2016-07-27 21:27:51', 'a02f9864-c512-4bdc-bd44-2dbdc095f5fb'),
 ('175', '244', 'en_us', NULL, NULL, NULL, NULL, NULL, NULL, NULL, NULL, NULL, NULL, NULL, NULL, NULL, NULL, NULL, NULL, NULL, NULL, NULL, '2016-08-02 15:21:45', '2016-08-02 15:21:45', '9be80466-c175-47d6-b83c-2c8d63a2e9bc'),
 ('176', '246', 'en_us', NULL, NULL, NULL, NULL, NULL, NULL, NULL, NULL, NULL, NULL, NULL, NULL, NULL, NULL, NULL, NULL, NULL, NULL, NULL, '2016-08-02 15:24:06', '2016-08-02 15:24:06', 'b887495a-7819-4544-b3ca-f23f96a50e6b'),
 ('177', '248', 'en_us', NULL, NULL, NULL, NULL, NULL, NULL, NULL, NULL, NULL, NULL, NULL, NULL, NULL, NULL, NULL, NULL, NULL, NULL, NULL, '2016-08-02 15:27:18', '2016-08-02 15:27:18', '92af272d-7e42-444c-936c-5e298efc3f25'),
 ('178', '250', 'en_us', NULL, NULL, NULL, NULL, NULL, NULL, NULL, NULL, NULL, NULL, NULL, NULL, NULL, NULL, NULL, NULL, NULL, NULL, NULL, '2016-08-03 15:02:55', '2016-08-03 15:02:55', '0ddf3aca-d30b-40c6-80eb-426b3e403245'),
 ('179', '252', 'en_us', NULL, NULL, NULL, NULL, NULL, NULL, NULL, NULL, NULL, NULL, NULL, NULL, NULL, NULL, NULL, NULL, NULL, NULL, NULL, '2016-08-03 15:05:46', '2016-08-03 15:05:46', 'b689976c-84f8-4535-8930-7161539a422e'),
 ('180', '254', 'en_us', NULL, NULL, NULL, NULL, NULL, NULL, NULL, NULL, NULL, NULL, NULL, NULL, NULL, NULL, NULL, NULL, NULL, NULL, NULL, '2016-08-03 15:06:26', '2016-08-03 15:06:26', '28e8fdcd-13ae-43e6-8dea-f35d3a8720ae'),
 ('181', '256', 'en_us', NULL, NULL, NULL, NULL, NULL, NULL, NULL, NULL, NULL, NULL, NULL, NULL, NULL, NULL, NULL, NULL, NULL, NULL, NULL, '2016-08-03 15:21:08', '2016-08-03 15:21:08', '8c68b02f-8348-44b1-9142-91405d214989'),
 ('182', '258', 'en_us', NULL, NULL, NULL, NULL, NULL, NULL, NULL, NULL, NULL, NULL, NULL, NULL, NULL, NULL, NULL, NULL, NULL, NULL, NULL, '2016-08-03 15:40:58', '2016-08-03 15:40:58', 'e2ecd19e-b9ef-41f3-82ea-956dbb70e5bd'),
 ('183', '260', 'en_us', NULL, NULL, NULL, NULL, NULL, NULL, NULL, NULL, NULL, NULL, NULL, NULL, NULL, NULL, NULL, NULL, NULL, NULL, NULL, '2016-08-03 15:45:06', '2016-08-03 15:45:06', '3fb5b012-9a1f-4967-86c8-2a64f2de11ed'),
 ('184', '262', 'en_us', NULL, NULL, NULL, NULL, NULL, NULL, NULL, NULL, NULL, NULL, NULL, NULL, NULL, NULL, NULL, NULL, NULL, NULL, NULL, '2016-08-03 15:54:50', '2016-08-03 15:54:50', 'e2ade6aa-a0db-4621-900c-a6e9c973dc77'),
 ('185', '264', 'en_us', NULL, NULL, NULL, NULL, NULL, NULL, NULL, NULL, NULL, NULL, NULL, NULL, NULL, NULL, NULL, NULL, NULL, NULL, NULL, '2016-08-03 15:56:56', '2016-08-03 15:56:56', '0ad4c628-2b8b-4fe2-9ca0-49f1ca8af93b'),
 ('186', '266', 'en_us', NULL, NULL, NULL, NULL, NULL, NULL, NULL, NULL, NULL, NULL, NULL, NULL, NULL, NULL, NULL, NULL, NULL, NULL, NULL, '2016-08-03 16:20:25', '2016-08-03 16:20:25', '7172d489-2673-4e88-8bc8-606c80ee7a14'),
 ('187', '268', 'en_us', NULL, NULL, NULL, NULL, NULL, NULL, NULL, NULL, NULL, NULL, NULL, NULL, NULL, NULL, NULL, NULL, NULL, NULL, NULL, '2016-08-03 16:22:08', '2016-08-03 16:22:08', '76164ac3-d34e-4fd3-be3f-2f695756f17a');



DROP TABLE IF EXISTS `craft_deprecationerrors`;


--
-- Schema for table `craft_deprecationerrors`
--
CREATE TABLE `craft_deprecationerrors` (
  `id` int(11) NOT NULL AUTO_INCREMENT,
  `key` varchar(255) COLLATE utf8_unicode_ci NOT NULL,
  `fingerprint` varchar(255) COLLATE utf8_unicode_ci NOT NULL,
  `lastOccurrence` datetime NOT NULL,
  `file` varchar(255) COLLATE utf8_unicode_ci NOT NULL,
  `line` smallint(6) unsigned NOT NULL,
  `class` varchar(255) COLLATE utf8_unicode_ci DEFAULT NULL,
  `method` varchar(255) COLLATE utf8_unicode_ci DEFAULT NULL,
  `template` varchar(255) COLLATE utf8_unicode_ci DEFAULT NULL,
  `templateLine` smallint(6) unsigned DEFAULT NULL,
  `message` varchar(255) COLLATE utf8_unicode_ci DEFAULT NULL,
  `traces` text COLLATE utf8_unicode_ci,
  `dateCreated` datetime NOT NULL,
  `dateUpdated` datetime NOT NULL,
  `uid` char(36) COLLATE utf8_unicode_ci NOT NULL DEFAULT '0',
  PRIMARY KEY (`id`),
  UNIQUE KEY `craft_deprecationerrors_key_fingerprint_unq_idx` (`key`,`fingerprint`)
) ENGINE=InnoDB AUTO_INCREMENT=75 DEFAULT CHARSET=utf8 COLLATE=utf8_unicode_ci;

--
-- Data for table `craft_deprecationerrors`
--

INSERT INTO `craft_deprecationerrors` (`id`, `key`, `fingerprint`, `lastOccurrence`, `file`, `line`, `class`, `method`, `template`, `templateLine`, `message`, `traces`, `dateCreated`, `dateUpdated`, `uid`) VALUES
 ('1', 'BaseElementModel::getChildren()_for_relations', '/Users/MacBiers/Development/Familiar-Studio/sites/housingworks/craft/templates/volunteer/index.html:62', '2016-07-20 15:57:55', '/Users/MacBiers/Development/Familiar-Studio/sites/housingworks/craft/app/models/BaseElementModel.php', '533', 'Craft\\BaseElementModel', 'getChildren', '/Users/MacBiers/Development/Familiar-Studio/sites/housingworks/craft/templates/volunteer/index.html', '62', 'Calling getChildren() to fetch an elements target relations has been deprecated. Use the <a href=\"http://craftcms.com/docs/relations#the-relatedTo-param\">relatedTo</a> param instead.', '[{\"objectClass\":\"Craft\\\\DeprecatorService\",\"file\":\"\\/Users\\/MacBiers\\/Development\\/Familiar-Studio\\/sites\\/housingworks\\/craft\\/app\\/models\\/BaseElementModel.php\",\"line\":533,\"class\":\"Craft\\\\DeprecatorService\",\"method\":\"log\",\"args\":\"\\\"BaseElementModel::getChildren()_for_relations\\\", \\\"Calling getChildren() to fetch an element\\u2019s target relations h...\\\"\"},{\"objectClass\":\"Craft\\\\EntryModel\",\"file\":\"\\/Users\\/MacBiers\\/Development\\/Familiar-Studio\\/sites\\/housingworks\\/craft\\/app\\/framework\\/base\\/CComponent.php\",\"line\":188,\"class\":\"Craft\\\\BaseElementModel\",\"method\":\"getChildren\",\"args\":null},{\"objectClass\":\"Craft\\\\EntryModel\",\"file\":\"\\/Users\\/MacBiers\\/Development\\/Familiar-Studio\\/sites\\/housingworks\\/craft\\/app\\/models\\/BaseModel.php\",\"line\":153,\"class\":\"CComponent\",\"method\":\"__isset\",\"args\":\"\\\"children\\\"\"},{\"objectClass\":\"Craft\\\\EntryModel\",\"file\":\"\\/Users\\/MacBiers\\/Development\\/Familiar-Studio\\/sites\\/housingworks\\/craft\\/app\\/models\\/BaseElementModel.php\",\"line\":118,\"class\":\"Craft\\\\BaseModel\",\"method\":\"__isset\",\"args\":\"\\\"children\\\"\"},{\"objectClass\":\"Craft\\\\EntryModel\",\"file\":\"\\/Users\\/MacBiers\\/Development\\/Familiar-Studio\\/sites\\/housingworks\\/craft\\/app\\/vendor\\/twig\\/twig\\/lib\\/Twig\\/Template.php\",\"line\":527,\"class\":\"Craft\\\\BaseElementModel\",\"method\":\"__isset\",\"args\":\"\\\"children\\\"\"},{\"objectClass\":\"__TwigTemplate_5235fef532f5b57f6f996f41f3f35ecf74d52a7cef4444136b8b0fd2f9e8a68e\",\"file\":\"\\/Users\\/MacBiers\\/Development\\/Familiar-Studio\\/sites\\/housingworks\\/craft\\/app\\/etc\\/templating\\/BaseTemplate.php\",\"line\":64,\"class\":\"Twig_Template\",\"method\":\"getAttribute\",\"args\":\"Craft\\\\EntryModel, \\\"children\\\", array(), \\\"any\\\"\"},{\"objectClass\":\"__TwigTemplate_5235fef532f5b57f6f996f41f3f35ecf74d52a7cef4444136b8b0fd2f9e8a68e\",\"file\":\"\\/Users\\/MacBiers\\/Development\\/Familiar-Studio\\/sites\\/housingworks\\/craft\\/app\\/vendor\\/twig\\/twig\\/lib\\/Twig\\/Environment.php(403) : eval()\'d code\",\"line\":55,\"class\":\"Craft\\\\BaseTemplate\",\"method\":\"getAttribute\",\"args\":\"Craft\\\\EntryModel, \\\"children\\\", array()\"},{\"objectClass\":\"__TwigTemplate_5235fef532f5b57f6f996f41f3f35ecf74d52a7cef4444136b8b0fd2f9e8a68e\",\"file\":\"\\/Users\\/MacBiers\\/Development\\/Familiar-Studio\\/sites\\/housingworks\\/craft\\/app\\/vendor\\/twig\\/twig\\/lib\\/Twig\\/Template.php\",\"line\":167,\"class\":\"__TwigTemplate_5235fef532f5b57f6f996f41f3f35ecf74d52a7cef4444136b8b0fd2f9e8a68e\",\"method\":\"block_content\",\"args\":\"array(\\\"user\\\" => Craft\\\\UserModel, \\\"currentUser\\\" => Craft\\\\UserModel, \\\"craft\\\" => Craft\\\\CraftVariable, \\\"blx\\\" => Craft\\\\CraftVariable), array(\\\"content\\\" => array(__TwigTemplate_5235fef532f5b57f6f996f41f3f35ecf74d52a7cef4444136b8b0fd2f9e8a68e, \\\"block_content\\\"))\"},{\"objectClass\":\"__TwigTemplate_3219e5cf75e3ceddc972e98f2f56ba3cd75c8c1de57838cb30374a96127122c0\",\"file\":\"\\/Users\\/MacBiers\\/Development\\/Familiar-Studio\\/sites\\/housingworks\\/craft\\/storage\\/runtime\\/compiled_templates\\/30\\/304ba9c5dff1544332a0d0e72152508b2d86eceb16aabbc5f3b914de13d2e9c6.php\",\"line\":107,\"class\":\"Twig_Template\",\"method\":\"displayBlock\",\"args\":\"\\\"content\\\", array(\\\"user\\\" => Craft\\\\UserModel, \\\"currentUser\\\" => Craft\\\\UserModel, \\\"craft\\\" => Craft\\\\CraftVariable, \\\"blx\\\" => Craft\\\\CraftVariable), array(\\\"content\\\" => array(__TwigTemplate_5235fef532f5b57f6f996f41f3f35ecf74d52a7cef4444136b8b0fd2f9e8a68e, \\\"block_content\\\"))\",\"template\":\"_layout\",\"templateLine\":62},{\"objectClass\":\"__TwigTemplate_3219e5cf75e3ceddc972e98f2f56ba3cd75c8c1de57838cb30374a96127122c0\",\"file\":\"\\/Users\\/MacBiers\\/Development\\/Familiar-Studio\\/sites\\/housingworks\\/craft\\/app\\/vendor\\/twig\\/twig\\/lib\\/Twig\\/Template.php\",\"line\":381,\"class\":\"__TwigTemplate_3219e5cf75e3ceddc972e98f2f56ba3cd75c8c1de57838cb30374a96127122c0\",\"method\":\"doDisplay\",\"args\":\"array(\\\"user\\\" => Craft\\\\UserModel, \\\"currentUser\\\" => Craft\\\\UserModel, \\\"craft\\\" => Craft\\\\CraftVariable, \\\"blx\\\" => Craft\\\\CraftVariable), array(\\\"content\\\" => array(__TwigTemplate_5235fef532f5b57f6f996f41f3f35ecf74d52a7cef4444136b8b0fd2f9e8a68e, \\\"block_content\\\"))\"},{\"objectClass\":\"__TwigTemplate_3219e5cf75e3ceddc972e98f2f56ba3cd75c8c1de57838cb30374a96127122c0\",\"file\":\"\\/Users\\/MacBiers\\/Development\\/Familiar-Studio\\/sites\\/housingworks\\/craft\\/app\\/etc\\/templating\\/BaseTemplate.php\",\"line\":26,\"class\":\"Twig_Template\",\"method\":\"displayWithErrorHandling\",\"args\":\"array(\\\"user\\\" => Craft\\\\UserModel, \\\"currentUser\\\" => Craft\\\\UserModel, \\\"craft\\\" => Craft\\\\CraftVariable, \\\"blx\\\" => Craft\\\\CraftVariable), array(\\\"content\\\" => array(__TwigTemplate_5235fef532f5b57f6f996f41f3f35ecf74d52a7cef4444136b8b0fd2f9e8a68e, \\\"block_content\\\"))\"},{\"objectClass\":\"__TwigTemplate_3219e5cf75e3ceddc972e98f2f56ba3cd75c8c1de57838cb30374a96127122c0\",\"file\":\"\\/Users\\/MacBiers\\/Development\\/Familiar-Studio\\/sites\\/housingworks\\/craft\\/app\\/vendor\\/twig\\/twig\\/lib\\/Twig\\/Template.php\",\"line\":355,\"class\":\"Craft\\\\BaseTemplate\",\"method\":\"displayWithErrorHandling\",\"args\":\"array(\\\"user\\\" => Craft\\\\UserModel, \\\"currentUser\\\" => Craft\\\\UserModel, \\\"craft\\\" => Craft\\\\CraftVariable, \\\"blx\\\" => Craft\\\\CraftVariable), array(\\\"content\\\" => array(__TwigTemplate_5235fef532f5b57f6f996f41f3f35ecf74d52a7cef4444136b8b0fd2f9e8a68e, \\\"block_content\\\"))\"},{\"objectClass\":\"__TwigTemplate_3219e5cf75e3ceddc972e98f2f56ba3cd75c8c1de57838cb30374a96127122c0\",\"file\":\"\\/Users\\/MacBiers\\/Development\\/Familiar-Studio\\/sites\\/housingworks\\/craft\\/app\\/vendor\\/twig\\/twig\\/lib\\/Twig\\/Environment.php(403) : eval()\'d code\",\"line\":24,\"class\":\"Twig_Template\",\"method\":\"display\",\"args\":\"array(\\\"user\\\" => Craft\\\\UserModel, \\\"currentUser\\\" => Craft\\\\UserModel, \\\"craft\\\" => Craft\\\\CraftVariable, \\\"blx\\\" => Craft\\\\CraftVariable), array(\\\"content\\\" => array(__TwigTemplate_5235fef532f5b57f6f996f41f3f35ecf74d52a7cef4444136b8b0fd2f9e8a68e, \\\"block_content\\\"))\"},{\"objectClass\":\"__TwigTemplate_5235fef532f5b57f6f996f41f3f35ecf74d52a7cef4444136b8b0fd2f9e8a68e\",\"file\":\"\\/Users\\/MacBiers\\/Development\\/Familiar-Studio\\/sites\\/housingworks\\/craft\\/app\\/vendor\\/twig\\/twig\\/lib\\/Twig\\/Template.php\",\"line\":381,\"class\":\"__TwigTemplate_5235fef532f5b57f6f996f41f3f35ecf74d52a7cef4444136b8b0fd2f9e8a68e\",\"method\":\"doDisplay\",\"args\":\"array(\\\"user\\\" => Craft\\\\UserModel, \\\"currentUser\\\" => Craft\\\\UserModel, \\\"craft\\\" => Craft\\\\CraftVariable, \\\"blx\\\" => Craft\\\\CraftVariable), array(\\\"content\\\" => array(__TwigTemplate_5235fef532f5b57f6f996f41f3f35ecf74d52a7cef4444136b8b0fd2f9e8a68e, \\\"block_content\\\"))\"},{\"objectClass\":\"__TwigTemplate_5235fef532f5b57f6f996f41f3f35ecf74d52a7cef4444136b8b0fd2f9e8a68e\",\"file\":\"\\/Users\\/MacBiers\\/Development\\/Familiar-Studio\\/sites\\/housingworks\\/craft\\/app\\/etc\\/templating\\/BaseTemplate.php\",\"line\":26,\"class\":\"Twig_Template\",\"method\":\"displayWithErrorHandling\",\"args\":\"array(\\\"user\\\" => Craft\\\\UserModel, \\\"currentUser\\\" => Craft\\\\UserModel, \\\"craft\\\" => Craft\\\\CraftVariable, \\\"blx\\\" => Craft\\\\CraftVariable), array(\\\"content\\\" => array(__TwigTemplate_5235fef532f5b57f6f996f41f3f35ecf74d52a7cef4444136b8b0fd2f9e8a68e, \\\"block_content\\\"))\"},{\"objectClass\":\"__TwigTemplate_5235fef532f5b57f6f996f41f3f35ecf74d52a7cef4444136b8b0fd2f9e8a68e\",\"file\":\"\\/Users\\/MacBiers\\/Development\\/Familiar-Studio\\/sites\\/housingworks\\/craft\\/app\\/vendor\\/twig\\/twig\\/lib\\/Twig\\/Template.php\",\"line\":355,\"class\":\"Craft\\\\BaseTemplate\",\"method\":\"displayWithErrorHandling\",\"args\":\"array(\\\"user\\\" => Craft\\\\UserModel, \\\"currentUser\\\" => Craft\\\\UserModel, \\\"craft\\\" => Craft\\\\CraftVariable, \\\"blx\\\" => Craft\\\\CraftVariable), array(\\\"content\\\" => array(__TwigTemplate_5235fef532f5b57f6f996f41f3f35ecf74d52a7cef4444136b8b0fd2f9e8a68e, \\\"block_content\\\"))\"},{\"objectClass\":\"__TwigTemplate_5235fef532f5b57f6f996f41f3f35ecf74d52a7cef4444136b8b0fd2f9e8a68e\",\"file\":\"\\/Users\\/MacBiers\\/Development\\/Familiar-Studio\\/sites\\/housingworks\\/craft\\/app\\/vendor\\/twig\\/twig\\/lib\\/Twig\\/Template.php\",\"line\":366,\"class\":\"Twig_Template\",\"method\":\"display\",\"args\":\"array()\"},{\"objectClass\":\"__TwigTemplate_5235fef532f5b57f6f996f41f3f35ecf74d52a7cef4444136b8b0fd2f9e8a68e\",\"file\":\"\\/Users\\/MacBiers\\/Development\\/Familiar-Studio\\/sites\\/housingworks\\/craft\\/app\\/vendor\\/twig\\/twig\\/lib\\/Twig\\/Environment.php\",\"line\":347,\"class\":\"Twig_Template\",\"method\":\"render\",\"args\":\"array()\"},{\"objectClass\":\"Craft\\\\TwigEnvironment\",\"file\":\"\\/Users\\/MacBiers\\/Development\\/Familiar-Studio\\/sites\\/housingworks\\/craft\\/app\\/services\\/TemplatesService.php\",\"line\":246,\"class\":\"Twig_Environment\",\"method\":\"render\",\"args\":\"\\\"volunteer\\\", array()\"},{\"objectClass\":\"Craft\\\\TemplatesService\",\"file\":\"\\/Users\\/MacBiers\\/Development\\/Familiar-Studio\\/sites\\/housingworks\\/craft\\/app\\/controllers\\/BaseController.php\",\"line\":74,\"class\":\"Craft\\\\TemplatesService\",\"method\":\"render\",\"args\":\"\\\"volunteer\\\", array()\"},{\"objectClass\":\"Craft\\\\TemplatesController\",\"file\":\"\\/Users\\/MacBiers\\/Development\\/Familiar-Studio\\/sites\\/housingworks\\/craft\\/app\\/controllers\\/TemplatesController.php\",\"line\":55,\"class\":\"Craft\\\\BaseController\",\"method\":\"renderTemplate\",\"args\":\"\\\"volunteer\\\", array()\"},{\"objectClass\":\"Craft\\\\TemplatesController\",\"file\":null,\"line\":null,\"class\":\"Craft\\\\TemplatesController\",\"method\":\"actionRender\",\"args\":\"\\\"volunteer\\\", array()\"},{\"objectClass\":\"ReflectionMethod\",\"file\":\"\\/Users\\/MacBiers\\/Development\\/Familiar-Studio\\/sites\\/housingworks\\/craft\\/app\\/framework\\/web\\/actions\\/CAction.php\",\"line\":109,\"class\":\"ReflectionMethod\",\"method\":\"invokeArgs\",\"args\":\"Craft\\\\TemplatesController, array(\\\"volunteer\\\", array())\"},{\"objectClass\":\"CInlineAction\",\"file\":\"\\/Users\\/MacBiers\\/Development\\/Familiar-Studio\\/sites\\/housingworks\\/craft\\/app\\/framework\\/web\\/actions\\/CInlineAction.php\",\"line\":47,\"class\":\"CAction\",\"method\":\"runWithParamsInternal\",\"args\":\"Craft\\\\TemplatesController, ReflectionMethod, array(\\\"p\\\" => \\\"volunteer\\\", \\\"variables\\\" => array(), \\\"template\\\" => \\\"volunteer\\\")\"},{\"objectClass\":\"CInlineAction\",\"file\":\"\\/Users\\/MacBiers\\/Development\\/Familiar-Studio\\/sites\\/housingworks\\/craft\\/app\\/framework\\/web\\/CController.php\",\"line\":308,\"class\":\"CInlineAction\",\"method\":\"runWithParams\",\"args\":\"array(\\\"p\\\" => \\\"volunteer\\\", \\\"variables\\\" => array(), \\\"template\\\" => \\\"volunteer\\\")\"},{\"objectClass\":\"Craft\\\\TemplatesController\",\"file\":\"\\/Users\\/MacBiers\\/Development\\/Familiar-Studio\\/sites\\/housingworks\\/craft\\/app\\/framework\\/web\\/CController.php\",\"line\":286,\"class\":\"CController\",\"method\":\"runAction\",\"args\":\"CInlineAction\"},{\"objectClass\":\"Craft\\\\TemplatesController\",\"file\":\"\\/Users\\/MacBiers\\/Development\\/Familiar-Studio\\/sites\\/housingworks\\/craft\\/app\\/framework\\/web\\/CController.php\",\"line\":265,\"class\":\"CController\",\"method\":\"runActionWithFilters\",\"args\":\"CInlineAction, array()\"},{\"objectClass\":\"Craft\\\\TemplatesController\",\"file\":\"\\/Users\\/MacBiers\\/Development\\/Familiar-Studio\\/sites\\/housingworks\\/craft\\/app\\/framework\\/web\\/CWebApplication.php\",\"line\":282,\"class\":\"CController\",\"method\":\"run\",\"args\":\"\\\"render\\\"\"},{\"objectClass\":\"Craft\\\\WebApp\",\"file\":\"\\/Users\\/MacBiers\\/Development\\/Familiar-Studio\\/sites\\/housingworks\\/craft\\/app\\/framework\\/web\\/CWebApplication.php\",\"line\":141,\"class\":\"CWebApplication\",\"method\":\"runController\",\"args\":\"\\\"templates\\/render\\\"\"},{\"objectClass\":\"Craft\\\\WebApp\",\"file\":\"\\/Users\\/MacBiers\\/Development\\/Familiar-Studio\\/sites\\/housingworks\\/craft\\/app\\/etc\\/web\\/WebApp.php\",\"line\":288,\"class\":\"CWebApplication\",\"method\":\"processRequest\",\"args\":null},{\"objectClass\":\"Craft\\\\WebApp\",\"file\":\"\\/Users\\/MacBiers\\/Development\\/Familiar-Studio\\/sites\\/housingworks\\/craft\\/app\\/framework\\/base\\/CApplication.php\",\"line\":185,\"class\":\"Craft\\\\WebApp\",\"method\":\"processRequest\",\"args\":null},{\"objectClass\":\"Craft\\\\WebApp\",\"file\":\"\\/Users\\/MacBiers\\/Development\\/Familiar-Studio\\/sites\\/housingworks\\/craft\\/app\\/index.php\",\"line\":62,\"class\":\"CApplication\",\"method\":\"run\",\"args\":null},{\"objectClass\":null,\"file\":\"\\/Users\\/MacBiers\\/Development\\/Familiar-Studio\\/sites\\/housingworks\\/public\\/index.php\",\"line\":14,\"class\":null,\"method\":\"require_once\",\"args\":\"\\\"\\/Users\\/MacBiers\\/Development\\/Familiar-Studio\\/sites\\/housingworks\\/c...\\\"\"}]', '2016-07-20 15:49:36', '2016-07-20 15:57:55', 'a53a6207-20ba-42a2-9b75-cf3000866b41'),
 ('2', 'BaseElementModel::getChildren()_for_relations', '/Users/MacBiers/Development/Familiar-Studio/sites/housingworks/craft/templates/volunteer/index.html:18', '2016-07-20 15:50:39', '/Users/MacBiers/Development/Familiar-Studio/sites/housingworks/craft/app/models/BaseElementModel.php', '533', 'Craft\\BaseElementModel', 'getChildren', '/Users/MacBiers/Development/Familiar-Studio/sites/housingworks/craft/templates/volunteer/index.html', '18', 'Calling getChildren() to fetch an elements target relations has been deprecated. Use the <a href=\"http://craftcms.com/docs/relations#the-relatedTo-param\">relatedTo</a> param instead.', '[{\"objectClass\":\"Craft\\\\DeprecatorService\",\"file\":\"\\/Users\\/MacBiers\\/Development\\/Familiar-Studio\\/sites\\/housingworks\\/craft\\/app\\/models\\/BaseElementModel.php\",\"line\":533,\"class\":\"Craft\\\\DeprecatorService\",\"method\":\"log\",\"args\":\"\\\"BaseElementModel::getChildren()_for_relations\\\", \\\"Calling getChildren() to fetch an element\\u2019s target relations h...\\\"\"},{\"objectClass\":\"Craft\\\\EntryModel\",\"file\":\"\\/Users\\/MacBiers\\/Development\\/Familiar-Studio\\/sites\\/housingworks\\/craft\\/app\\/framework\\/base\\/CComponent.php\",\"line\":188,\"class\":\"Craft\\\\BaseElementModel\",\"method\":\"getChildren\",\"args\":null},{\"objectClass\":\"Craft\\\\EntryModel\",\"file\":\"\\/Users\\/MacBiers\\/Development\\/Familiar-Studio\\/sites\\/housingworks\\/craft\\/app\\/models\\/BaseModel.php\",\"line\":153,\"class\":\"CComponent\",\"method\":\"__isset\",\"args\":\"\\\"children\\\"\"},{\"objectClass\":\"Craft\\\\EntryModel\",\"file\":\"\\/Users\\/MacBiers\\/Development\\/Familiar-Studio\\/sites\\/housingworks\\/craft\\/app\\/models\\/BaseElementModel.php\",\"line\":118,\"class\":\"Craft\\\\BaseModel\",\"method\":\"__isset\",\"args\":\"\\\"children\\\"\"},{\"objectClass\":\"Craft\\\\EntryModel\",\"file\":\"\\/Users\\/MacBiers\\/Development\\/Familiar-Studio\\/sites\\/housingworks\\/craft\\/app\\/vendor\\/twig\\/twig\\/lib\\/Twig\\/Template.php\",\"line\":527,\"class\":\"Craft\\\\BaseElementModel\",\"method\":\"__isset\",\"args\":\"\\\"children\\\"\"},{\"objectClass\":\"__TwigTemplate_5235fef532f5b57f6f996f41f3f35ecf74d52a7cef4444136b8b0fd2f9e8a68e\",\"file\":\"\\/Users\\/MacBiers\\/Development\\/Familiar-Studio\\/sites\\/housingworks\\/craft\\/app\\/etc\\/templating\\/BaseTemplate.php\",\"line\":64,\"class\":\"Twig_Template\",\"method\":\"getAttribute\",\"args\":\"Craft\\\\EntryModel, \\\"children\\\", array(), \\\"any\\\"\"},{\"objectClass\":\"__TwigTemplate_5235fef532f5b57f6f996f41f3f35ecf74d52a7cef4444136b8b0fd2f9e8a68e\",\"file\":\"\\/Users\\/MacBiers\\/Development\\/Familiar-Studio\\/sites\\/housingworks\\/craft\\/storage\\/runtime\\/compiled_templates\\/ca\\/caa18b23009edd26ad232a678b27ff039e6ac176dfcc4334190a7c0171c3ff9f.php\",\"line\":61,\"class\":\"Craft\\\\BaseTemplate\",\"method\":\"getAttribute\",\"args\":\"Craft\\\\EntryModel, \\\"children\\\", array()\",\"template\":\"volunteer\",\"templateLine\":18},{\"objectClass\":\"__TwigTemplate_5235fef532f5b57f6f996f41f3f35ecf74d52a7cef4444136b8b0fd2f9e8a68e\",\"file\":\"\\/Users\\/MacBiers\\/Development\\/Familiar-Studio\\/sites\\/housingworks\\/craft\\/app\\/vendor\\/twig\\/twig\\/lib\\/Twig\\/Template.php\",\"line\":167,\"class\":\"__TwigTemplate_5235fef532f5b57f6f996f41f3f35ecf74d52a7cef4444136b8b0fd2f9e8a68e\",\"method\":\"block_content\",\"args\":\"array(\\\"user\\\" => Craft\\\\UserModel, \\\"currentUser\\\" => Craft\\\\UserModel, \\\"craft\\\" => Craft\\\\CraftVariable, \\\"blx\\\" => Craft\\\\CraftVariable), array(\\\"content\\\" => array(__TwigTemplate_5235fef532f5b57f6f996f41f3f35ecf74d52a7cef4444136b8b0fd2f9e8a68e, \\\"block_content\\\"))\"},{\"objectClass\":\"__TwigTemplate_3219e5cf75e3ceddc972e98f2f56ba3cd75c8c1de57838cb30374a96127122c0\",\"file\":\"\\/Users\\/MacBiers\\/Development\\/Familiar-Studio\\/sites\\/housingworks\\/craft\\/storage\\/runtime\\/compiled_templates\\/30\\/304ba9c5dff1544332a0d0e72152508b2d86eceb16aabbc5f3b914de13d2e9c6.php\",\"line\":107,\"class\":\"Twig_Template\",\"method\":\"displayBlock\",\"args\":\"\\\"content\\\", array(\\\"user\\\" => Craft\\\\UserModel, \\\"currentUser\\\" => Craft\\\\UserModel, \\\"craft\\\" => Craft\\\\CraftVariable, \\\"blx\\\" => Craft\\\\CraftVariable), array(\\\"content\\\" => array(__TwigTemplate_5235fef532f5b57f6f996f41f3f35ecf74d52a7cef4444136b8b0fd2f9e8a68e, \\\"block_content\\\"))\",\"template\":\"_layout\",\"templateLine\":62},{\"objectClass\":\"__TwigTemplate_3219e5cf75e3ceddc972e98f2f56ba3cd75c8c1de57838cb30374a96127122c0\",\"file\":\"\\/Users\\/MacBiers\\/Development\\/Familiar-Studio\\/sites\\/housingworks\\/craft\\/app\\/vendor\\/twig\\/twig\\/lib\\/Twig\\/Template.php\",\"line\":381,\"class\":\"__TwigTemplate_3219e5cf75e3ceddc972e98f2f56ba3cd75c8c1de57838cb30374a96127122c0\",\"method\":\"doDisplay\",\"args\":\"array(\\\"user\\\" => Craft\\\\UserModel, \\\"currentUser\\\" => Craft\\\\UserModel, \\\"craft\\\" => Craft\\\\CraftVariable, \\\"blx\\\" => Craft\\\\CraftVariable), array(\\\"content\\\" => array(__TwigTemplate_5235fef532f5b57f6f996f41f3f35ecf74d52a7cef4444136b8b0fd2f9e8a68e, \\\"block_content\\\"))\"},{\"objectClass\":\"__TwigTemplate_3219e5cf75e3ceddc972e98f2f56ba3cd75c8c1de57838cb30374a96127122c0\",\"file\":\"\\/Users\\/MacBiers\\/Development\\/Familiar-Studio\\/sites\\/housingworks\\/craft\\/app\\/etc\\/templating\\/BaseTemplate.php\",\"line\":26,\"class\":\"Twig_Template\",\"method\":\"displayWithErrorHandling\",\"args\":\"array(\\\"user\\\" => Craft\\\\UserModel, \\\"currentUser\\\" => Craft\\\\UserModel, \\\"craft\\\" => Craft\\\\CraftVariable, \\\"blx\\\" => Craft\\\\CraftVariable), array(\\\"content\\\" => array(__TwigTemplate_5235fef532f5b57f6f996f41f3f35ecf74d52a7cef4444136b8b0fd2f9e8a68e, \\\"block_content\\\"))\"},{\"objectClass\":\"__TwigTemplate_3219e5cf75e3ceddc972e98f2f56ba3cd75c8c1de57838cb30374a96127122c0\",\"file\":\"\\/Users\\/MacBiers\\/Development\\/Familiar-Studio\\/sites\\/housingworks\\/craft\\/app\\/vendor\\/twig\\/twig\\/lib\\/Twig\\/Template.php\",\"line\":355,\"class\":\"Craft\\\\BaseTemplate\",\"method\":\"displayWithErrorHandling\",\"args\":\"array(\\\"user\\\" => Craft\\\\UserModel, \\\"currentUser\\\" => Craft\\\\UserModel, \\\"craft\\\" => Craft\\\\CraftVariable, \\\"blx\\\" => Craft\\\\CraftVariable), array(\\\"content\\\" => array(__TwigTemplate_5235fef532f5b57f6f996f41f3f35ecf74d52a7cef4444136b8b0fd2f9e8a68e, \\\"block_content\\\"))\"},{\"objectClass\":\"__TwigTemplate_3219e5cf75e3ceddc972e98f2f56ba3cd75c8c1de57838cb30374a96127122c0\",\"file\":\"\\/Users\\/MacBiers\\/Development\\/Familiar-Studio\\/sites\\/housingworks\\/craft\\/storage\\/runtime\\/compiled_templates\\/ca\\/caa18b23009edd26ad232a678b27ff039e6ac176dfcc4334190a7c0171c3ff9f.php\",\"line\":24,\"class\":\"Twig_Template\",\"method\":\"display\",\"args\":\"array(\\\"user\\\" => Craft\\\\UserModel, \\\"currentUser\\\" => Craft\\\\UserModel, \\\"craft\\\" => Craft\\\\CraftVariable, \\\"blx\\\" => Craft\\\\CraftVariable), array(\\\"content\\\" => array(__TwigTemplate_5235fef532f5b57f6f996f41f3f35ecf74d52a7cef4444136b8b0fd2f9e8a68e, \\\"block_content\\\"))\",\"template\":\"_layout\",\"templateLine\":1},{\"objectClass\":\"__TwigTemplate_5235fef532f5b57f6f996f41f3f35ecf74d52a7cef4444136b8b0fd2f9e8a68e\",\"file\":\"\\/Users\\/MacBiers\\/Development\\/Familiar-Studio\\/sites\\/housingworks\\/craft\\/app\\/vendor\\/twig\\/twig\\/lib\\/Twig\\/Template.php\",\"line\":381,\"class\":\"__TwigTemplate_5235fef532f5b57f6f996f41f3f35ecf74d52a7cef4444136b8b0fd2f9e8a68e\",\"method\":\"doDisplay\",\"args\":\"array(\\\"user\\\" => Craft\\\\UserModel, \\\"currentUser\\\" => Craft\\\\UserModel, \\\"craft\\\" => Craft\\\\CraftVariable, \\\"blx\\\" => Craft\\\\CraftVariable), array(\\\"content\\\" => array(__TwigTemplate_5235fef532f5b57f6f996f41f3f35ecf74d52a7cef4444136b8b0fd2f9e8a68e, \\\"block_content\\\"))\"},{\"objectClass\":\"__TwigTemplate_5235fef532f5b57f6f996f41f3f35ecf74d52a7cef4444136b8b0fd2f9e8a68e\",\"file\":\"\\/Users\\/MacBiers\\/Development\\/Familiar-Studio\\/sites\\/housingworks\\/craft\\/app\\/etc\\/templating\\/BaseTemplate.php\",\"line\":26,\"class\":\"Twig_Template\",\"method\":\"displayWithErrorHandling\",\"args\":\"array(\\\"user\\\" => Craft\\\\UserModel, \\\"currentUser\\\" => Craft\\\\UserModel, \\\"craft\\\" => Craft\\\\CraftVariable, \\\"blx\\\" => Craft\\\\CraftVariable), array(\\\"content\\\" => array(__TwigTemplate_5235fef532f5b57f6f996f41f3f35ecf74d52a7cef4444136b8b0fd2f9e8a68e, \\\"block_content\\\"))\"},{\"objectClass\":\"__TwigTemplate_5235fef532f5b57f6f996f41f3f35ecf74d52a7cef4444136b8b0fd2f9e8a68e\",\"file\":\"\\/Users\\/MacBiers\\/Development\\/Familiar-Studio\\/sites\\/housingworks\\/craft\\/app\\/vendor\\/twig\\/twig\\/lib\\/Twig\\/Template.php\",\"line\":355,\"class\":\"Craft\\\\BaseTemplate\",\"method\":\"displayWithErrorHandling\",\"args\":\"array(\\\"user\\\" => Craft\\\\UserModel, \\\"currentUser\\\" => Craft\\\\UserModel, \\\"craft\\\" => Craft\\\\CraftVariable, \\\"blx\\\" => Craft\\\\CraftVariable), array(\\\"content\\\" => array(__TwigTemplate_5235fef532f5b57f6f996f41f3f35ecf74d52a7cef4444136b8b0fd2f9e8a68e, \\\"block_content\\\"))\"},{\"objectClass\":\"__TwigTemplate_5235fef532f5b57f6f996f41f3f35ecf74d52a7cef4444136b8b0fd2f9e8a68e\",\"file\":\"\\/Users\\/MacBiers\\/Development\\/Familiar-Studio\\/sites\\/housingworks\\/craft\\/app\\/vendor\\/twig\\/twig\\/lib\\/Twig\\/Template.php\",\"line\":366,\"class\":\"Twig_Template\",\"method\":\"display\",\"args\":\"array()\"},{\"objectClass\":\"__TwigTemplate_5235fef532f5b57f6f996f41f3f35ecf74d52a7cef4444136b8b0fd2f9e8a68e\",\"file\":\"\\/Users\\/MacBiers\\/Development\\/Familiar-Studio\\/sites\\/housingworks\\/craft\\/app\\/vendor\\/twig\\/twig\\/lib\\/Twig\\/Environment.php\",\"line\":347,\"class\":\"Twig_Template\",\"method\":\"render\",\"args\":\"array()\"},{\"objectClass\":\"Craft\\\\TwigEnvironment\",\"file\":\"\\/Users\\/MacBiers\\/Development\\/Familiar-Studio\\/sites\\/housingworks\\/craft\\/app\\/services\\/TemplatesService.php\",\"line\":246,\"class\":\"Twig_Environment\",\"method\":\"render\",\"args\":\"\\\"volunteer\\\", array()\"},{\"objectClass\":\"Craft\\\\TemplatesService\",\"file\":\"\\/Users\\/MacBiers\\/Development\\/Familiar-Studio\\/sites\\/housingworks\\/craft\\/app\\/controllers\\/BaseController.php\",\"line\":74,\"class\":\"Craft\\\\TemplatesService\",\"method\":\"render\",\"args\":\"\\\"volunteer\\\", array()\"},{\"objectClass\":\"Craft\\\\TemplatesController\",\"file\":\"\\/Users\\/MacBiers\\/Development\\/Familiar-Studio\\/sites\\/housingworks\\/craft\\/app\\/controllers\\/TemplatesController.php\",\"line\":55,\"class\":\"Craft\\\\BaseController\",\"method\":\"renderTemplate\",\"args\":\"\\\"volunteer\\\", array()\"},{\"objectClass\":\"Craft\\\\TemplatesController\",\"file\":null,\"line\":null,\"class\":\"Craft\\\\TemplatesController\",\"method\":\"actionRender\",\"args\":\"\\\"volunteer\\\", array()\"},{\"objectClass\":\"ReflectionMethod\",\"file\":\"\\/Users\\/MacBiers\\/Development\\/Familiar-Studio\\/sites\\/housingworks\\/craft\\/app\\/framework\\/web\\/actions\\/CAction.php\",\"line\":109,\"class\":\"ReflectionMethod\",\"method\":\"invokeArgs\",\"args\":\"Craft\\\\TemplatesController, array(\\\"volunteer\\\", array())\"},{\"objectClass\":\"CInlineAction\",\"file\":\"\\/Users\\/MacBiers\\/Development\\/Familiar-Studio\\/sites\\/housingworks\\/craft\\/app\\/framework\\/web\\/actions\\/CInlineAction.php\",\"line\":47,\"class\":\"CAction\",\"method\":\"runWithParamsInternal\",\"args\":\"Craft\\\\TemplatesController, ReflectionMethod, array(\\\"p\\\" => \\\"volunteer\\\", \\\"variables\\\" => array(), \\\"template\\\" => \\\"volunteer\\\")\"},{\"objectClass\":\"CInlineAction\",\"file\":\"\\/Users\\/MacBiers\\/Development\\/Familiar-Studio\\/sites\\/housingworks\\/craft\\/app\\/framework\\/web\\/CController.php\",\"line\":308,\"class\":\"CInlineAction\",\"method\":\"runWithParams\",\"args\":\"array(\\\"p\\\" => \\\"volunteer\\\", \\\"variables\\\" => array(), \\\"template\\\" => \\\"volunteer\\\")\"},{\"objectClass\":\"Craft\\\\TemplatesController\",\"file\":\"\\/Users\\/MacBiers\\/Development\\/Familiar-Studio\\/sites\\/housingworks\\/craft\\/app\\/framework\\/web\\/CController.php\",\"line\":286,\"class\":\"CController\",\"method\":\"runAction\",\"args\":\"CInlineAction\"},{\"objectClass\":\"Craft\\\\TemplatesController\",\"file\":\"\\/Users\\/MacBiers\\/Development\\/Familiar-Studio\\/sites\\/housingworks\\/craft\\/app\\/framework\\/web\\/CController.php\",\"line\":265,\"class\":\"CController\",\"method\":\"runActionWithFilters\",\"args\":\"CInlineAction, array()\"},{\"objectClass\":\"Craft\\\\TemplatesController\",\"file\":\"\\/Users\\/MacBiers\\/Development\\/Familiar-Studio\\/sites\\/housingworks\\/craft\\/app\\/framework\\/web\\/CWebApplication.php\",\"line\":282,\"class\":\"CController\",\"method\":\"run\",\"args\":\"\\\"render\\\"\"},{\"objectClass\":\"Craft\\\\WebApp\",\"file\":\"\\/Users\\/MacBiers\\/Development\\/Familiar-Studio\\/sites\\/housingworks\\/craft\\/app\\/framework\\/web\\/CWebApplication.php\",\"line\":141,\"class\":\"CWebApplication\",\"method\":\"runController\",\"args\":\"\\\"templates\\/render\\\"\"},{\"objectClass\":\"Craft\\\\WebApp\",\"file\":\"\\/Users\\/MacBiers\\/Development\\/Familiar-Studio\\/sites\\/housingworks\\/craft\\/app\\/etc\\/web\\/WebApp.php\",\"line\":288,\"class\":\"CWebApplication\",\"method\":\"processRequest\",\"args\":null},{\"objectClass\":\"Craft\\\\WebApp\",\"file\":\"\\/Users\\/MacBiers\\/Development\\/Familiar-Studio\\/sites\\/housingworks\\/craft\\/app\\/framework\\/base\\/CApplication.php\",\"line\":185,\"class\":\"Craft\\\\WebApp\",\"method\":\"processRequest\",\"args\":null},{\"objectClass\":\"Craft\\\\WebApp\",\"file\":\"\\/Users\\/MacBiers\\/Development\\/Familiar-Studio\\/sites\\/housingworks\\/craft\\/app\\/index.php\",\"line\":62,\"class\":\"CApplication\",\"method\":\"run\",\"args\":null},{\"objectClass\":null,\"file\":\"\\/Users\\/MacBiers\\/Development\\/Familiar-Studio\\/sites\\/housingworks\\/public\\/index.php\",\"line\":14,\"class\":null,\"method\":\"require_once\",\"args\":\"\\\"\\/Users\\/MacBiers\\/Development\\/Familiar-Studio\\/sites\\/housingworks\\/c...\\\"\"}]', '2016-07-20 15:49:40', '2016-07-20 15:50:39', '37aa3396-df8c-4258-92c9-cb917b0f3442'),
 ('11', 'BaseElementModel::getChildren()_for_relations', '/Users/MacBiers/Development/Familiar-Studio/sites/housingworks/craft/templates/volunteer/index.html:19', '2016-07-20 15:52:50', '/Users/MacBiers/Development/Familiar-Studio/sites/housingworks/craft/app/models/BaseElementModel.php', '533', 'Craft\\BaseElementModel', 'getChildren', '/Users/MacBiers/Development/Familiar-Studio/sites/housingworks/craft/templates/volunteer/index.html', '19', 'Calling getChildren() to fetch an elements target relations has been deprecated. Use the <a href=\"http://craftcms.com/docs/relations#the-relatedTo-param\">relatedTo</a> param instead.', '[{\"objectClass\":\"Craft\\\\DeprecatorService\",\"file\":\"\\/Users\\/MacBiers\\/Development\\/Familiar-Studio\\/sites\\/housingworks\\/craft\\/app\\/models\\/BaseElementModel.php\",\"line\":533,\"class\":\"Craft\\\\DeprecatorService\",\"method\":\"log\",\"args\":\"\\\"BaseElementModel::getChildren()_for_relations\\\", \\\"Calling getChildren() to fetch an element\\u2019s target relations h...\\\"\"},{\"objectClass\":\"Craft\\\\EntryModel\",\"file\":\"\\/Users\\/MacBiers\\/Development\\/Familiar-Studio\\/sites\\/housingworks\\/craft\\/app\\/framework\\/base\\/CComponent.php\",\"line\":188,\"class\":\"Craft\\\\BaseElementModel\",\"method\":\"getChildren\",\"args\":null},{\"objectClass\":\"Craft\\\\EntryModel\",\"file\":\"\\/Users\\/MacBiers\\/Development\\/Familiar-Studio\\/sites\\/housingworks\\/craft\\/app\\/models\\/BaseModel.php\",\"line\":153,\"class\":\"CComponent\",\"method\":\"__isset\",\"args\":\"\\\"children\\\"\"},{\"objectClass\":\"Craft\\\\EntryModel\",\"file\":\"\\/Users\\/MacBiers\\/Development\\/Familiar-Studio\\/sites\\/housingworks\\/craft\\/app\\/models\\/BaseElementModel.php\",\"line\":118,\"class\":\"Craft\\\\BaseModel\",\"method\":\"__isset\",\"args\":\"\\\"children\\\"\"},{\"objectClass\":\"Craft\\\\EntryModel\",\"file\":\"\\/Users\\/MacBiers\\/Development\\/Familiar-Studio\\/sites\\/housingworks\\/craft\\/app\\/vendor\\/twig\\/twig\\/lib\\/Twig\\/Template.php\",\"line\":527,\"class\":\"Craft\\\\BaseElementModel\",\"method\":\"__isset\",\"args\":\"\\\"children\\\"\"},{\"objectClass\":\"__TwigTemplate_5235fef532f5b57f6f996f41f3f35ecf74d52a7cef4444136b8b0fd2f9e8a68e\",\"file\":\"\\/Users\\/MacBiers\\/Development\\/Familiar-Studio\\/sites\\/housingworks\\/craft\\/app\\/etc\\/templating\\/BaseTemplate.php\",\"line\":64,\"class\":\"Twig_Template\",\"method\":\"getAttribute\",\"args\":\"Craft\\\\EntryModel, \\\"children\\\", array(), \\\"any\\\"\"},{\"objectClass\":\"__TwigTemplate_5235fef532f5b57f6f996f41f3f35ecf74d52a7cef4444136b8b0fd2f9e8a68e\",\"file\":\"\\/Users\\/MacBiers\\/Development\\/Familiar-Studio\\/sites\\/housingworks\\/craft\\/storage\\/runtime\\/compiled_templates\\/ca\\/caa18b23009edd26ad232a678b27ff039e6ac176dfcc4334190a7c0171c3ff9f.php\",\"line\":66,\"class\":\"Craft\\\\BaseTemplate\",\"method\":\"getAttribute\",\"args\":\"Craft\\\\EntryModel, \\\"children\\\", array()\",\"template\":\"volunteer\",\"templateLine\":19},{\"objectClass\":\"__TwigTemplate_5235fef532f5b57f6f996f41f3f35ecf74d52a7cef4444136b8b0fd2f9e8a68e\",\"file\":\"\\/Users\\/MacBiers\\/Development\\/Familiar-Studio\\/sites\\/housingworks\\/craft\\/app\\/vendor\\/twig\\/twig\\/lib\\/Twig\\/Template.php\",\"line\":167,\"class\":\"__TwigTemplate_5235fef532f5b57f6f996f41f3f35ecf74d52a7cef4444136b8b0fd2f9e8a68e\",\"method\":\"block_content\",\"args\":\"array(\\\"user\\\" => Craft\\\\UserModel, \\\"currentUser\\\" => Craft\\\\UserModel, \\\"craft\\\" => Craft\\\\CraftVariable, \\\"blx\\\" => Craft\\\\CraftVariable), array(\\\"content\\\" => array(__TwigTemplate_5235fef532f5b57f6f996f41f3f35ecf74d52a7cef4444136b8b0fd2f9e8a68e, \\\"block_content\\\"))\"},{\"objectClass\":\"__TwigTemplate_3219e5cf75e3ceddc972e98f2f56ba3cd75c8c1de57838cb30374a96127122c0\",\"file\":\"\\/Users\\/MacBiers\\/Development\\/Familiar-Studio\\/sites\\/housingworks\\/craft\\/storage\\/runtime\\/compiled_templates\\/30\\/304ba9c5dff1544332a0d0e72152508b2d86eceb16aabbc5f3b914de13d2e9c6.php\",\"line\":107,\"class\":\"Twig_Template\",\"method\":\"displayBlock\",\"args\":\"\\\"content\\\", array(\\\"user\\\" => Craft\\\\UserModel, \\\"currentUser\\\" => Craft\\\\UserModel, \\\"craft\\\" => Craft\\\\CraftVariable, \\\"blx\\\" => Craft\\\\CraftVariable), array(\\\"content\\\" => array(__TwigTemplate_5235fef532f5b57f6f996f41f3f35ecf74d52a7cef4444136b8b0fd2f9e8a68e, \\\"block_content\\\"))\",\"template\":\"_layout\",\"templateLine\":62},{\"objectClass\":\"__TwigTemplate_3219e5cf75e3ceddc972e98f2f56ba3cd75c8c1de57838cb30374a96127122c0\",\"file\":\"\\/Users\\/MacBiers\\/Development\\/Familiar-Studio\\/sites\\/housingworks\\/craft\\/app\\/vendor\\/twig\\/twig\\/lib\\/Twig\\/Template.php\",\"line\":381,\"class\":\"__TwigTemplate_3219e5cf75e3ceddc972e98f2f56ba3cd75c8c1de57838cb30374a96127122c0\",\"method\":\"doDisplay\",\"args\":\"array(\\\"user\\\" => Craft\\\\UserModel, \\\"currentUser\\\" => Craft\\\\UserModel, \\\"craft\\\" => Craft\\\\CraftVariable, \\\"blx\\\" => Craft\\\\CraftVariable), array(\\\"content\\\" => array(__TwigTemplate_5235fef532f5b57f6f996f41f3f35ecf74d52a7cef4444136b8b0fd2f9e8a68e, \\\"block_content\\\"))\"},{\"objectClass\":\"__TwigTemplate_3219e5cf75e3ceddc972e98f2f56ba3cd75c8c1de57838cb30374a96127122c0\",\"file\":\"\\/Users\\/MacBiers\\/Development\\/Familiar-Studio\\/sites\\/housingworks\\/craft\\/app\\/etc\\/templating\\/BaseTemplate.php\",\"line\":26,\"class\":\"Twig_Template\",\"method\":\"displayWithErrorHandling\",\"args\":\"array(\\\"user\\\" => Craft\\\\UserModel, \\\"currentUser\\\" => Craft\\\\UserModel, \\\"craft\\\" => Craft\\\\CraftVariable, \\\"blx\\\" => Craft\\\\CraftVariable), array(\\\"content\\\" => array(__TwigTemplate_5235fef532f5b57f6f996f41f3f35ecf74d52a7cef4444136b8b0fd2f9e8a68e, \\\"block_content\\\"))\"},{\"objectClass\":\"__TwigTemplate_3219e5cf75e3ceddc972e98f2f56ba3cd75c8c1de57838cb30374a96127122c0\",\"file\":\"\\/Users\\/MacBiers\\/Development\\/Familiar-Studio\\/sites\\/housingworks\\/craft\\/app\\/vendor\\/twig\\/twig\\/lib\\/Twig\\/Template.php\",\"line\":355,\"class\":\"Craft\\\\BaseTemplate\",\"method\":\"displayWithErrorHandling\",\"args\":\"array(\\\"user\\\" => Craft\\\\UserModel, \\\"currentUser\\\" => Craft\\\\UserModel, \\\"craft\\\" => Craft\\\\CraftVariable, \\\"blx\\\" => Craft\\\\CraftVariable), array(\\\"content\\\" => array(__TwigTemplate_5235fef532f5b57f6f996f41f3f35ecf74d52a7cef4444136b8b0fd2f9e8a68e, \\\"block_content\\\"))\"},{\"objectClass\":\"__TwigTemplate_3219e5cf75e3ceddc972e98f2f56ba3cd75c8c1de57838cb30374a96127122c0\",\"file\":\"\\/Users\\/MacBiers\\/Development\\/Familiar-Studio\\/sites\\/housingworks\\/craft\\/storage\\/runtime\\/compiled_templates\\/ca\\/caa18b23009edd26ad232a678b27ff039e6ac176dfcc4334190a7c0171c3ff9f.php\",\"line\":24,\"class\":\"Twig_Template\",\"method\":\"display\",\"args\":\"array(\\\"user\\\" => Craft\\\\UserModel, \\\"currentUser\\\" => Craft\\\\UserModel, \\\"craft\\\" => Craft\\\\CraftVariable, \\\"blx\\\" => Craft\\\\CraftVariable), array(\\\"content\\\" => array(__TwigTemplate_5235fef532f5b57f6f996f41f3f35ecf74d52a7cef4444136b8b0fd2f9e8a68e, \\\"block_content\\\"))\",\"template\":\"_layout\",\"templateLine\":1},{\"objectClass\":\"__TwigTemplate_5235fef532f5b57f6f996f41f3f35ecf74d52a7cef4444136b8b0fd2f9e8a68e\",\"file\":\"\\/Users\\/MacBiers\\/Development\\/Familiar-Studio\\/sites\\/housingworks\\/craft\\/app\\/vendor\\/twig\\/twig\\/lib\\/Twig\\/Template.php\",\"line\":381,\"class\":\"__TwigTemplate_5235fef532f5b57f6f996f41f3f35ecf74d52a7cef4444136b8b0fd2f9e8a68e\",\"method\":\"doDisplay\",\"args\":\"array(\\\"user\\\" => Craft\\\\UserModel, \\\"currentUser\\\" => Craft\\\\UserModel, \\\"craft\\\" => Craft\\\\CraftVariable, \\\"blx\\\" => Craft\\\\CraftVariable), array(\\\"content\\\" => array(__TwigTemplate_5235fef532f5b57f6f996f41f3f35ecf74d52a7cef4444136b8b0fd2f9e8a68e, \\\"block_content\\\"))\"},{\"objectClass\":\"__TwigTemplate_5235fef532f5b57f6f996f41f3f35ecf74d52a7cef4444136b8b0fd2f9e8a68e\",\"file\":\"\\/Users\\/MacBiers\\/Development\\/Familiar-Studio\\/sites\\/housingworks\\/craft\\/app\\/etc\\/templating\\/BaseTemplate.php\",\"line\":26,\"class\":\"Twig_Template\",\"method\":\"displayWithErrorHandling\",\"args\":\"array(\\\"user\\\" => Craft\\\\UserModel, \\\"currentUser\\\" => Craft\\\\UserModel, \\\"craft\\\" => Craft\\\\CraftVariable, \\\"blx\\\" => Craft\\\\CraftVariable), array(\\\"content\\\" => array(__TwigTemplate_5235fef532f5b57f6f996f41f3f35ecf74d52a7cef4444136b8b0fd2f9e8a68e, \\\"block_content\\\"))\"},{\"objectClass\":\"__TwigTemplate_5235fef532f5b57f6f996f41f3f35ecf74d52a7cef4444136b8b0fd2f9e8a68e\",\"file\":\"\\/Users\\/MacBiers\\/Development\\/Familiar-Studio\\/sites\\/housingworks\\/craft\\/app\\/vendor\\/twig\\/twig\\/lib\\/Twig\\/Template.php\",\"line\":355,\"class\":\"Craft\\\\BaseTemplate\",\"method\":\"displayWithErrorHandling\",\"args\":\"array(\\\"user\\\" => Craft\\\\UserModel, \\\"currentUser\\\" => Craft\\\\UserModel, \\\"craft\\\" => Craft\\\\CraftVariable, \\\"blx\\\" => Craft\\\\CraftVariable), array(\\\"content\\\" => array(__TwigTemplate_5235fef532f5b57f6f996f41f3f35ecf74d52a7cef4444136b8b0fd2f9e8a68e, \\\"block_content\\\"))\"},{\"objectClass\":\"__TwigTemplate_5235fef532f5b57f6f996f41f3f35ecf74d52a7cef4444136b8b0fd2f9e8a68e\",\"file\":\"\\/Users\\/MacBiers\\/Development\\/Familiar-Studio\\/sites\\/housingworks\\/craft\\/app\\/vendor\\/twig\\/twig\\/lib\\/Twig\\/Template.php\",\"line\":366,\"class\":\"Twig_Template\",\"method\":\"display\",\"args\":\"array()\"},{\"objectClass\":\"__TwigTemplate_5235fef532f5b57f6f996f41f3f35ecf74d52a7cef4444136b8b0fd2f9e8a68e\",\"file\":\"\\/Users\\/MacBiers\\/Development\\/Familiar-Studio\\/sites\\/housingworks\\/craft\\/app\\/vendor\\/twig\\/twig\\/lib\\/Twig\\/Environment.php\",\"line\":347,\"class\":\"Twig_Template\",\"method\":\"render\",\"args\":\"array()\"},{\"objectClass\":\"Craft\\\\TwigEnvironment\",\"file\":\"\\/Users\\/MacBiers\\/Development\\/Familiar-Studio\\/sites\\/housingworks\\/craft\\/app\\/services\\/TemplatesService.php\",\"line\":246,\"class\":\"Twig_Environment\",\"method\":\"render\",\"args\":\"\\\"volunteer\\\", array()\"},{\"objectClass\":\"Craft\\\\TemplatesService\",\"file\":\"\\/Users\\/MacBiers\\/Development\\/Familiar-Studio\\/sites\\/housingworks\\/craft\\/app\\/controllers\\/BaseController.php\",\"line\":74,\"class\":\"Craft\\\\TemplatesService\",\"method\":\"render\",\"args\":\"\\\"volunteer\\\", array()\"},{\"objectClass\":\"Craft\\\\TemplatesController\",\"file\":\"\\/Users\\/MacBiers\\/Development\\/Familiar-Studio\\/sites\\/housingworks\\/craft\\/app\\/controllers\\/TemplatesController.php\",\"line\":55,\"class\":\"Craft\\\\BaseController\",\"method\":\"renderTemplate\",\"args\":\"\\\"volunteer\\\", array()\"},{\"objectClass\":\"Craft\\\\TemplatesController\",\"file\":null,\"line\":null,\"class\":\"Craft\\\\TemplatesController\",\"method\":\"actionRender\",\"args\":\"\\\"volunteer\\\", array()\"},{\"objectClass\":\"ReflectionMethod\",\"file\":\"\\/Users\\/MacBiers\\/Development\\/Familiar-Studio\\/sites\\/housingworks\\/craft\\/app\\/framework\\/web\\/actions\\/CAction.php\",\"line\":109,\"class\":\"ReflectionMethod\",\"method\":\"invokeArgs\",\"args\":\"Craft\\\\TemplatesController, array(\\\"volunteer\\\", array())\"},{\"objectClass\":\"CInlineAction\",\"file\":\"\\/Users\\/MacBiers\\/Development\\/Familiar-Studio\\/sites\\/housingworks\\/craft\\/app\\/framework\\/web\\/actions\\/CInlineAction.php\",\"line\":47,\"class\":\"CAction\",\"method\":\"runWithParamsInternal\",\"args\":\"Craft\\\\TemplatesController, ReflectionMethod, array(\\\"p\\\" => \\\"volunteer\\\", \\\"variables\\\" => array(), \\\"template\\\" => \\\"volunteer\\\")\"},{\"objectClass\":\"CInlineAction\",\"file\":\"\\/Users\\/MacBiers\\/Development\\/Familiar-Studio\\/sites\\/housingworks\\/craft\\/app\\/framework\\/web\\/CController.php\",\"line\":308,\"class\":\"CInlineAction\",\"method\":\"runWithParams\",\"args\":\"array(\\\"p\\\" => \\\"volunteer\\\", \\\"variables\\\" => array(), \\\"template\\\" => \\\"volunteer\\\")\"},{\"objectClass\":\"Craft\\\\TemplatesController\",\"file\":\"\\/Users\\/MacBiers\\/Development\\/Familiar-Studio\\/sites\\/housingworks\\/craft\\/app\\/framework\\/web\\/CController.php\",\"line\":286,\"class\":\"CController\",\"method\":\"runAction\",\"args\":\"CInlineAction\"},{\"objectClass\":\"Craft\\\\TemplatesController\",\"file\":\"\\/Users\\/MacBiers\\/Development\\/Familiar-Studio\\/sites\\/housingworks\\/craft\\/app\\/framework\\/web\\/CController.php\",\"line\":265,\"class\":\"CController\",\"method\":\"runActionWithFilters\",\"args\":\"CInlineAction, array()\"},{\"objectClass\":\"Craft\\\\TemplatesController\",\"file\":\"\\/Users\\/MacBiers\\/Development\\/Familiar-Studio\\/sites\\/housingworks\\/craft\\/app\\/framework\\/web\\/CWebApplication.php\",\"line\":282,\"class\":\"CController\",\"method\":\"run\",\"args\":\"\\\"render\\\"\"},{\"objectClass\":\"Craft\\\\WebApp\",\"file\":\"\\/Users\\/MacBiers\\/Development\\/Familiar-Studio\\/sites\\/housingworks\\/craft\\/app\\/framework\\/web\\/CWebApplication.php\",\"line\":141,\"class\":\"CWebApplication\",\"method\":\"runController\",\"args\":\"\\\"templates\\/render\\\"\"},{\"objectClass\":\"Craft\\\\WebApp\",\"file\":\"\\/Users\\/MacBiers\\/Development\\/Familiar-Studio\\/sites\\/housingworks\\/craft\\/app\\/etc\\/web\\/WebApp.php\",\"line\":288,\"class\":\"CWebApplication\",\"method\":\"processRequest\",\"args\":null},{\"objectClass\":\"Craft\\\\WebApp\",\"file\":\"\\/Users\\/MacBiers\\/Development\\/Familiar-Studio\\/sites\\/housingworks\\/craft\\/app\\/framework\\/base\\/CApplication.php\",\"line\":185,\"class\":\"Craft\\\\WebApp\",\"method\":\"processRequest\",\"args\":null},{\"objectClass\":\"Craft\\\\WebApp\",\"file\":\"\\/Users\\/MacBiers\\/Development\\/Familiar-Studio\\/sites\\/housingworks\\/craft\\/app\\/index.php\",\"line\":62,\"class\":\"CApplication\",\"method\":\"run\",\"args\":null},{\"objectClass\":null,\"file\":\"\\/Users\\/MacBiers\\/Development\\/Familiar-Studio\\/sites\\/housingworks\\/public\\/index.php\",\"line\":14,\"class\":null,\"method\":\"require_once\",\"args\":\"\\\"\\/Users\\/MacBiers\\/Development\\/Familiar-Studio\\/sites\\/housingworks\\/c...\\\"\"}]', '2016-07-20 15:52:50', '2016-07-20 15:52:50', '791ad967-9c6d-454a-83ac-6b4da7fd5c16'),
 ('12', '{% endpaginate %}', '/Users/MacBiers/Development/Familiar-Studio/sites/housingworks/craft/templates/press/index.html', '2016-08-02 15:57:00', '/Users/MacBiers/Development/Familiar-Studio/sites/housingworks/craft/app/etc/templating/twigextensions/DeprecatedTag_TokenParser.php', '60', 'Craft\\DeprecatedTag_TokenParser', 'parse', '/Users/MacBiers/Development/Familiar-Studio/sites/housingworks/craft/templates/press/index.html', NULL, 'The {% endpaginate %} tag is no longer necessary. You can remove it from your press template on line 48.', '[{\"objectClass\":\"Craft\\\\DeprecatorService\",\"file\":\"\\/Users\\/MacBiers\\/Development\\/Familiar-Studio\\/sites\\/housingworks\\/craft\\/app\\/etc\\/templating\\/twigextensions\\/DeprecatedTag_TokenParser.php\",\"line\":60,\"class\":\"Craft\\\\DeprecatorService\",\"method\":\"log\",\"args\":\"\\\"{% endpaginate %}\\\", \\\"The {% endpaginate %} tag is no longer necessary. You can remove...\\\"\"},{\"objectClass\":\"Craft\\\\DeprecatedTag_TokenParser\",\"file\":\"\\/Users\\/MacBiers\\/Development\\/Familiar-Studio\\/sites\\/housingworks\\/craft\\/app\\/vendor\\/twig\\/twig\\/lib\\/Twig\\/Parser.php\",\"line\":187,\"class\":\"Craft\\\\DeprecatedTag_TokenParser\",\"method\":\"parse\",\"args\":\"Twig_Token\"},{\"objectClass\":\"Craft\\\\TwigParser\",\"file\":\"\\/Users\\/MacBiers\\/Development\\/Familiar-Studio\\/sites\\/housingworks\\/craft\\/app\\/vendor\\/twig\\/twig\\/lib\\/Twig\\/TokenParser\\/If.php\",\"line\":34,\"class\":\"Twig_Parser\",\"method\":\"subparse\",\"args\":\"array(Twig_TokenParser_If, \\\"decideIfFork\\\")\"},{\"objectClass\":\"Twig_TokenParser_If\",\"file\":\"\\/Users\\/MacBiers\\/Development\\/Familiar-Studio\\/sites\\/housingworks\\/craft\\/app\\/vendor\\/twig\\/twig\\/lib\\/Twig\\/Parser.php\",\"line\":187,\"class\":\"Twig_TokenParser_If\",\"method\":\"parse\",\"args\":\"Twig_Token\"},{\"objectClass\":\"Craft\\\\TwigParser\",\"file\":\"\\/Users\\/MacBiers\\/Development\\/Familiar-Studio\\/sites\\/housingworks\\/craft\\/app\\/vendor\\/twig\\/twig\\/lib\\/Twig\\/TokenParser\\/Block.php\",\"line\":38,\"class\":\"Twig_Parser\",\"method\":\"subparse\",\"args\":\"array(Twig_TokenParser_Block, \\\"decideBlockEnd\\\"), true\"},{\"objectClass\":\"Twig_TokenParser_Block\",\"file\":\"\\/Users\\/MacBiers\\/Development\\/Familiar-Studio\\/sites\\/housingworks\\/craft\\/app\\/vendor\\/twig\\/twig\\/lib\\/Twig\\/Parser.php\",\"line\":187,\"class\":\"Twig_TokenParser_Block\",\"method\":\"parse\",\"args\":\"Twig_Token\"},{\"objectClass\":\"Craft\\\\TwigParser\",\"file\":\"\\/Users\\/MacBiers\\/Development\\/Familiar-Studio\\/sites\\/housingworks\\/craft\\/app\\/vendor\\/twig\\/twig\\/lib\\/Twig\\/Parser.php\",\"line\":100,\"class\":\"Twig_Parser\",\"method\":\"subparse\",\"args\":\"null, false\"},{\"objectClass\":\"Craft\\\\TwigParser\",\"file\":\"\\/Users\\/MacBiers\\/Development\\/Familiar-Studio\\/sites\\/housingworks\\/craft\\/app\\/vendor\\/twig\\/twig\\/lib\\/Twig\\/Environment.php\",\"line\":615,\"class\":\"Twig_Parser\",\"method\":\"parse\",\"args\":\"Twig_TokenStream\"},{\"objectClass\":\"Craft\\\\TwigEnvironment\",\"file\":\"\\/Users\\/MacBiers\\/Development\\/Familiar-Studio\\/sites\\/housingworks\\/craft\\/app\\/vendor\\/twig\\/twig\\/lib\\/Twig\\/Environment.php\",\"line\":667,\"class\":\"Twig_Environment\",\"method\":\"parse\",\"args\":\"Twig_TokenStream\"},{\"objectClass\":\"Craft\\\\TwigEnvironment\",\"file\":\"\\/Users\\/MacBiers\\/Development\\/Familiar-Studio\\/sites\\/housingworks\\/craft\\/app\\/vendor\\/twig\\/twig\\/lib\\/Twig\\/Environment.php\",\"line\":396,\"class\":\"Twig_Environment\",\"method\":\"compileSource\",\"args\":\"\\\"{% extends \'_layout\' %}\\n{% if category is defined %}\\n  {% set pr...\\\", \\\"press\\\"\"},{\"objectClass\":\"Craft\\\\TwigEnvironment\",\"file\":\"\\/Users\\/MacBiers\\/Development\\/Familiar-Studio\\/sites\\/housingworks\\/craft\\/app\\/etc\\/templating\\/TwigEnvironment.php\",\"line\":61,\"class\":\"Twig_Environment\",\"method\":\"loadTemplate\",\"args\":\"\\\"press\\\", null\"},{\"objectClass\":\"Craft\\\\TwigEnvironment\",\"file\":\"\\/Users\\/MacBiers\\/Development\\/Familiar-Studio\\/sites\\/housingworks\\/craft\\/app\\/vendor\\/twig\\/twig\\/lib\\/Twig\\/Environment.php\",\"line\":347,\"class\":\"Craft\\\\TwigEnvironment\",\"method\":\"loadTemplate\",\"args\":\"\\\"press\\\"\"},{\"objectClass\":\"Craft\\\\TwigEnvironment\",\"file\":\"\\/Users\\/MacBiers\\/Development\\/Familiar-Studio\\/sites\\/housingworks\\/craft\\/app\\/services\\/TemplatesService.php\",\"line\":246,\"class\":\"Twig_Environment\",\"method\":\"render\",\"args\":\"\\\"press\\\", array(\\\"entry\\\" => Craft\\\\EntryModel)\"},{\"objectClass\":\"Craft\\\\TemplatesService\",\"file\":\"\\/Users\\/MacBiers\\/Development\\/Familiar-Studio\\/sites\\/housingworks\\/craft\\/app\\/controllers\\/BaseController.php\",\"line\":74,\"class\":\"Craft\\\\TemplatesService\",\"method\":\"render\",\"args\":\"\\\"press\\\", array(\\\"entry\\\" => Craft\\\\EntryModel)\"},{\"objectClass\":\"Craft\\\\TemplatesController\",\"file\":\"\\/Users\\/MacBiers\\/Development\\/Familiar-Studio\\/sites\\/housingworks\\/craft\\/app\\/controllers\\/TemplatesController.php\",\"line\":55,\"class\":\"Craft\\\\BaseController\",\"method\":\"renderTemplate\",\"args\":\"\\\"press\\\", array(\\\"entry\\\" => Craft\\\\EntryModel)\"},{\"objectClass\":\"Craft\\\\TemplatesController\",\"file\":null,\"line\":null,\"class\":\"Craft\\\\TemplatesController\",\"method\":\"actionRender\",\"args\":\"\\\"press\\\", array(\\\"entry\\\" => Craft\\\\EntryModel)\"},{\"objectClass\":\"ReflectionMethod\",\"file\":\"\\/Users\\/MacBiers\\/Development\\/Familiar-Studio\\/sites\\/housingworks\\/craft\\/app\\/framework\\/web\\/actions\\/CAction.php\",\"line\":109,\"class\":\"ReflectionMethod\",\"method\":\"invokeArgs\",\"args\":\"Craft\\\\TemplatesController, array(\\\"press\\\", array(\\\"entry\\\" => Craft\\\\EntryModel))\"},{\"objectClass\":\"CInlineAction\",\"file\":\"\\/Users\\/MacBiers\\/Development\\/Familiar-Studio\\/sites\\/housingworks\\/craft\\/app\\/framework\\/web\\/actions\\/CInlineAction.php\",\"line\":47,\"class\":\"CAction\",\"method\":\"runWithParamsInternal\",\"args\":\"Craft\\\\TemplatesController, ReflectionMethod, array(\\\"variables\\\" => array(\\\"entry\\\" => Craft\\\\EntryModel), \\\"template\\\" => \\\"press\\\")\"},{\"objectClass\":\"CInlineAction\",\"file\":\"\\/Users\\/MacBiers\\/Development\\/Familiar-Studio\\/sites\\/housingworks\\/craft\\/app\\/framework\\/web\\/CController.php\",\"line\":308,\"class\":\"CInlineAction\",\"method\":\"runWithParams\",\"args\":\"array(\\\"variables\\\" => array(\\\"entry\\\" => Craft\\\\EntryModel), \\\"template\\\" => \\\"press\\\")\"},{\"objectClass\":\"Craft\\\\TemplatesController\",\"file\":\"\\/Users\\/MacBiers\\/Development\\/Familiar-Studio\\/sites\\/housingworks\\/craft\\/app\\/framework\\/web\\/CController.php\",\"line\":286,\"class\":\"CController\",\"method\":\"runAction\",\"args\":\"CInlineAction\"},{\"objectClass\":\"Craft\\\\TemplatesController\",\"file\":\"\\/Users\\/MacBiers\\/Development\\/Familiar-Studio\\/sites\\/housingworks\\/craft\\/app\\/framework\\/web\\/CController.php\",\"line\":265,\"class\":\"CController\",\"method\":\"runActionWithFilters\",\"args\":\"CInlineAction, array()\"},{\"objectClass\":\"Craft\\\\TemplatesController\",\"file\":\"\\/Users\\/MacBiers\\/Development\\/Familiar-Studio\\/sites\\/housingworks\\/craft\\/app\\/framework\\/web\\/CWebApplication.php\",\"line\":282,\"class\":\"CController\",\"method\":\"run\",\"args\":\"\\\"render\\\"\"},{\"objectClass\":\"Craft\\\\WebApp\",\"file\":\"\\/Users\\/MacBiers\\/Development\\/Familiar-Studio\\/sites\\/housingworks\\/craft\\/app\\/framework\\/web\\/CWebApplication.php\",\"line\":141,\"class\":\"CWebApplication\",\"method\":\"runController\",\"args\":\"\\\"templates\\/render\\\"\"},{\"objectClass\":\"Craft\\\\WebApp\",\"file\":\"\\/Users\\/MacBiers\\/Development\\/Familiar-Studio\\/sites\\/housingworks\\/craft\\/app\\/etc\\/web\\/WebApp.php\",\"line\":288,\"class\":\"CWebApplication\",\"method\":\"processRequest\",\"args\":null},{\"objectClass\":\"Craft\\\\WebApp\",\"file\":\"\\/Users\\/MacBiers\\/Development\\/Familiar-Studio\\/sites\\/housingworks\\/craft\\/app\\/framework\\/base\\/CApplication.php\",\"line\":185,\"class\":\"Craft\\\\WebApp\",\"method\":\"processRequest\",\"args\":null},{\"objectClass\":\"Craft\\\\WebApp\",\"file\":\"\\/Users\\/MacBiers\\/Development\\/Familiar-Studio\\/sites\\/housingworks\\/craft\\/app\\/index.php\",\"line\":62,\"class\":\"CApplication\",\"method\":\"run\",\"args\":null},{\"objectClass\":null,\"file\":\"\\/Users\\/MacBiers\\/Development\\/Familiar-Studio\\/sites\\/housingworks\\/public\\/index.php\",\"line\":14,\"class\":null,\"method\":\"require_once\",\"args\":\"\\\"\\/Users\\/MacBiers\\/Development\\/Familiar-Studio\\/sites\\/housingworks\\/c...\\\"\"},{\"objectClass\":null,\"file\":\"\\/Users\\/MacBiers\\/.composer\\/vendor\\/laravel\\/valet\\/server.php\",\"line\":106,\"class\":null,\"method\":\"require\",\"args\":\"\\\"\\/Users\\/MacBiers\\/Development\\/Familiar-Studio\\/sites\\/housingworks\\/p...\\\"\"}]', '2016-07-26 16:55:23', '2016-08-02 15:57:00', 'ea429a88-f0fb-40f5-b114-a0577859e892'),
 ('23', '{% endpaginate %}', '/Users/MacBiers/Development/Familiar-Studio/sites/housingworks/craft/templates/press/press-releases.html', '2016-08-02 16:00:36', '/Users/MacBiers/Development/Familiar-Studio/sites/housingworks/craft/app/etc/templating/twigextensions/DeprecatedTag_TokenParser.php', '60', 'Craft\\DeprecatedTag_TokenParser', 'parse', '/Users/MacBiers/Development/Familiar-Studio/sites/housingworks/craft/templates/press/press-releases.html', NULL, 'The {% endpaginate %} tag is no longer necessary. You can remove it from your press/press-releases template on line 63.', '[{\"objectClass\":\"Craft\\\\DeprecatorService\",\"file\":\"\\/Users\\/MacBiers\\/Development\\/Familiar-Studio\\/sites\\/housingworks\\/craft\\/app\\/etc\\/templating\\/twigextensions\\/DeprecatedTag_TokenParser.php\",\"line\":60,\"class\":\"Craft\\\\DeprecatorService\",\"method\":\"log\",\"args\":\"\\\"{% endpaginate %}\\\", \\\"The {% endpaginate %} tag is no longer necessary. You can remove...\\\"\"},{\"objectClass\":\"Craft\\\\DeprecatedTag_TokenParser\",\"file\":\"\\/Users\\/MacBiers\\/Development\\/Familiar-Studio\\/sites\\/housingworks\\/craft\\/app\\/vendor\\/twig\\/twig\\/lib\\/Twig\\/Parser.php\",\"line\":187,\"class\":\"Craft\\\\DeprecatedTag_TokenParser\",\"method\":\"parse\",\"args\":\"Twig_Token\"},{\"objectClass\":\"Craft\\\\TwigParser\",\"file\":\"\\/Users\\/MacBiers\\/Development\\/Familiar-Studio\\/sites\\/housingworks\\/craft\\/app\\/vendor\\/twig\\/twig\\/lib\\/Twig\\/TokenParser\\/Block.php\",\"line\":38,\"class\":\"Twig_Parser\",\"method\":\"subparse\",\"args\":\"array(Twig_TokenParser_Block, \\\"decideBlockEnd\\\"), true\"},{\"objectClass\":\"Twig_TokenParser_Block\",\"file\":\"\\/Users\\/MacBiers\\/Development\\/Familiar-Studio\\/sites\\/housingworks\\/craft\\/app\\/vendor\\/twig\\/twig\\/lib\\/Twig\\/Parser.php\",\"line\":187,\"class\":\"Twig_TokenParser_Block\",\"method\":\"parse\",\"args\":\"Twig_Token\"},{\"objectClass\":\"Craft\\\\TwigParser\",\"file\":\"\\/Users\\/MacBiers\\/Development\\/Familiar-Studio\\/sites\\/housingworks\\/craft\\/app\\/vendor\\/twig\\/twig\\/lib\\/Twig\\/Parser.php\",\"line\":100,\"class\":\"Twig_Parser\",\"method\":\"subparse\",\"args\":\"null, false\"},{\"objectClass\":\"Craft\\\\TwigParser\",\"file\":\"\\/Users\\/MacBiers\\/Development\\/Familiar-Studio\\/sites\\/housingworks\\/craft\\/app\\/vendor\\/twig\\/twig\\/lib\\/Twig\\/Environment.php\",\"line\":615,\"class\":\"Twig_Parser\",\"method\":\"parse\",\"args\":\"Twig_TokenStream\"},{\"objectClass\":\"Craft\\\\TwigEnvironment\",\"file\":\"\\/Users\\/MacBiers\\/Development\\/Familiar-Studio\\/sites\\/housingworks\\/craft\\/app\\/vendor\\/twig\\/twig\\/lib\\/Twig\\/Environment.php\",\"line\":667,\"class\":\"Twig_Environment\",\"method\":\"parse\",\"args\":\"Twig_TokenStream\"},{\"objectClass\":\"Craft\\\\TwigEnvironment\",\"file\":\"\\/Users\\/MacBiers\\/Development\\/Familiar-Studio\\/sites\\/housingworks\\/craft\\/app\\/vendor\\/twig\\/twig\\/lib\\/Twig\\/Environment.php\",\"line\":396,\"class\":\"Twig_Environment\",\"method\":\"compileSource\",\"args\":\"\\\"{% extends \'_layout\' %}\\n{# {% set illustration = entry.featureIm...\\\", \\\"press\\/press-releases\\\"\"},{\"objectClass\":\"Craft\\\\TwigEnvironment\",\"file\":\"\\/Users\\/MacBiers\\/Development\\/Familiar-Studio\\/sites\\/housingworks\\/craft\\/app\\/etc\\/templating\\/TwigEnvironment.php\",\"line\":61,\"class\":\"Twig_Environment\",\"method\":\"loadTemplate\",\"args\":\"\\\"press\\/press-releases\\\", null\"},{\"objectClass\":\"Craft\\\\TwigEnvironment\",\"file\":\"\\/Users\\/MacBiers\\/Development\\/Familiar-Studio\\/sites\\/housingworks\\/craft\\/app\\/vendor\\/twig\\/twig\\/lib\\/Twig\\/Environment.php\",\"line\":347,\"class\":\"Craft\\\\TwigEnvironment\",\"method\":\"loadTemplate\",\"args\":\"\\\"press\\/press-releases\\\"\"},{\"objectClass\":\"Craft\\\\TwigEnvironment\",\"file\":\"\\/Users\\/MacBiers\\/Development\\/Familiar-Studio\\/sites\\/housingworks\\/craft\\/app\\/services\\/TemplatesService.php\",\"line\":246,\"class\":\"Twig_Environment\",\"method\":\"render\",\"args\":\"\\\"press\\/press-releases\\\", array()\"},{\"objectClass\":\"Craft\\\\TemplatesService\",\"file\":\"\\/Users\\/MacBiers\\/Development\\/Familiar-Studio\\/sites\\/housingworks\\/craft\\/app\\/controllers\\/BaseController.php\",\"line\":74,\"class\":\"Craft\\\\TemplatesService\",\"method\":\"render\",\"args\":\"\\\"press\\/press-releases\\\", array()\"},{\"objectClass\":\"Craft\\\\TemplatesController\",\"file\":\"\\/Users\\/MacBiers\\/Development\\/Familiar-Studio\\/sites\\/housingworks\\/craft\\/app\\/controllers\\/TemplatesController.php\",\"line\":55,\"class\":\"Craft\\\\BaseController\",\"method\":\"renderTemplate\",\"args\":\"\\\"press\\/press-releases\\\", array()\"},{\"objectClass\":\"Craft\\\\TemplatesController\",\"file\":null,\"line\":null,\"class\":\"Craft\\\\TemplatesController\",\"method\":\"actionRender\",\"args\":\"\\\"press\\/press-releases\\\", array()\"},{\"objectClass\":\"ReflectionMethod\",\"file\":\"\\/Users\\/MacBiers\\/Development\\/Familiar-Studio\\/sites\\/housingworks\\/craft\\/app\\/framework\\/web\\/actions\\/CAction.php\",\"line\":109,\"class\":\"ReflectionMethod\",\"method\":\"invokeArgs\",\"args\":\"Craft\\\\TemplatesController, array(\\\"press\\/press-releases\\\", array())\"},{\"objectClass\":\"CInlineAction\",\"file\":\"\\/Users\\/MacBiers\\/Development\\/Familiar-Studio\\/sites\\/housingworks\\/craft\\/app\\/framework\\/web\\/actions\\/CInlineAction.php\",\"line\":47,\"class\":\"CAction\",\"method\":\"runWithParamsInternal\",\"args\":\"Craft\\\\TemplatesController, ReflectionMethod, array(\\\"variables\\\" => array(), \\\"template\\\" => \\\"press\\/press-releases\\\")\"},{\"objectClass\":\"CInlineAction\",\"file\":\"\\/Users\\/MacBiers\\/Development\\/Familiar-Studio\\/sites\\/housingworks\\/craft\\/app\\/framework\\/web\\/CController.php\",\"line\":308,\"class\":\"CInlineAction\",\"method\":\"runWithParams\",\"args\":\"array(\\\"variables\\\" => array(), \\\"template\\\" => \\\"press\\/press-releases\\\")\"},{\"objectClass\":\"Craft\\\\TemplatesController\",\"file\":\"\\/Users\\/MacBiers\\/Development\\/Familiar-Studio\\/sites\\/housingworks\\/craft\\/app\\/framework\\/web\\/CController.php\",\"line\":286,\"class\":\"CController\",\"method\":\"runAction\",\"args\":\"CInlineAction\"},{\"objectClass\":\"Craft\\\\TemplatesController\",\"file\":\"\\/Users\\/MacBiers\\/Development\\/Familiar-Studio\\/sites\\/housingworks\\/craft\\/app\\/framework\\/web\\/CController.php\",\"line\":265,\"class\":\"CController\",\"method\":\"runActionWithFilters\",\"args\":\"CInlineAction, array()\"},{\"objectClass\":\"Craft\\\\TemplatesController\",\"file\":\"\\/Users\\/MacBiers\\/Development\\/Familiar-Studio\\/sites\\/housingworks\\/craft\\/app\\/framework\\/web\\/CWebApplication.php\",\"line\":282,\"class\":\"CController\",\"method\":\"run\",\"args\":\"\\\"render\\\"\"},{\"objectClass\":\"Craft\\\\WebApp\",\"file\":\"\\/Users\\/MacBiers\\/Development\\/Familiar-Studio\\/sites\\/housingworks\\/craft\\/app\\/framework\\/web\\/CWebApplication.php\",\"line\":141,\"class\":\"CWebApplication\",\"method\":\"runController\",\"args\":\"\\\"templates\\/render\\\"\"},{\"objectClass\":\"Craft\\\\WebApp\",\"file\":\"\\/Users\\/MacBiers\\/Development\\/Familiar-Studio\\/sites\\/housingworks\\/craft\\/app\\/etc\\/web\\/WebApp.php\",\"line\":288,\"class\":\"CWebApplication\",\"method\":\"processRequest\",\"args\":null},{\"objectClass\":\"Craft\\\\WebApp\",\"file\":\"\\/Users\\/MacBiers\\/Development\\/Familiar-Studio\\/sites\\/housingworks\\/craft\\/app\\/framework\\/base\\/CApplication.php\",\"line\":185,\"class\":\"Craft\\\\WebApp\",\"method\":\"processRequest\",\"args\":null},{\"objectClass\":\"Craft\\\\WebApp\",\"file\":\"\\/Users\\/MacBiers\\/Development\\/Familiar-Studio\\/sites\\/housingworks\\/craft\\/app\\/index.php\",\"line\":62,\"class\":\"CApplication\",\"method\":\"run\",\"args\":null},{\"objectClass\":null,\"file\":\"\\/Users\\/MacBiers\\/Development\\/Familiar-Studio\\/sites\\/housingworks\\/public\\/index.php\",\"line\":14,\"class\":null,\"method\":\"require_once\",\"args\":\"\\\"\\/Users\\/MacBiers\\/Development\\/Familiar-Studio\\/sites\\/housingworks\\/c...\\\"\"},{\"objectClass\":null,\"file\":\"\\/Users\\/MacBiers\\/.composer\\/vendor\\/laravel\\/valet\\/server.php\",\"line\":106,\"class\":null,\"method\":\"require\",\"args\":\"\\\"\\/Users\\/MacBiers\\/Development\\/Familiar-Studio\\/sites\\/housingworks\\/p...\\\"\"}]', '2016-07-26 18:00:18', '2016-08-02 16:00:36', 'a498e152-8955-40aa-a77e-f50cec20e160'),
 ('53', '{% endpaginate %}', '/Users/MacBiers/Development/Familiar-Studio/sites/housingworks/craft/templates/locations/index.html', '2016-08-02 15:42:49', '/Users/MacBiers/Development/Familiar-Studio/sites/housingworks/craft/app/etc/templating/twigextensions/DeprecatedTag_TokenParser.php', '60', 'Craft\\DeprecatedTag_TokenParser', 'parse', '/Users/MacBiers/Development/Familiar-Studio/sites/housingworks/craft/templates/locations/index.html', NULL, 'The {% endpaginate %} tag is no longer necessary. You can remove it from your locations template on line 54.', '[{\"objectClass\":\"Craft\\\\DeprecatorService\",\"file\":\"\\/Users\\/MacBiers\\/Development\\/Familiar-Studio\\/sites\\/housingworks\\/craft\\/app\\/etc\\/templating\\/twigextensions\\/DeprecatedTag_TokenParser.php\",\"line\":60,\"class\":\"Craft\\\\DeprecatorService\",\"method\":\"log\",\"args\":\"\\\"{% endpaginate %}\\\", \\\"The {% endpaginate %} tag is no longer necessary. You can remove...\\\"\"},{\"objectClass\":\"Craft\\\\DeprecatedTag_TokenParser\",\"file\":\"\\/Users\\/MacBiers\\/Development\\/Familiar-Studio\\/sites\\/housingworks\\/craft\\/app\\/vendor\\/twig\\/twig\\/lib\\/Twig\\/Parser.php\",\"line\":187,\"class\":\"Craft\\\\DeprecatedTag_TokenParser\",\"method\":\"parse\",\"args\":\"Twig_Token\"},{\"objectClass\":\"Craft\\\\TwigParser\",\"file\":\"\\/Users\\/MacBiers\\/Development\\/Familiar-Studio\\/sites\\/housingworks\\/craft\\/app\\/vendor\\/twig\\/twig\\/lib\\/Twig\\/TokenParser\\/If.php\",\"line\":34,\"class\":\"Twig_Parser\",\"method\":\"subparse\",\"args\":\"array(Twig_TokenParser_If, \\\"decideIfFork\\\")\"},{\"objectClass\":\"Twig_TokenParser_If\",\"file\":\"\\/Users\\/MacBiers\\/Development\\/Familiar-Studio\\/sites\\/housingworks\\/craft\\/app\\/vendor\\/twig\\/twig\\/lib\\/Twig\\/Parser.php\",\"line\":187,\"class\":\"Twig_TokenParser_If\",\"method\":\"parse\",\"args\":\"Twig_Token\"},{\"objectClass\":\"Craft\\\\TwigParser\",\"file\":\"\\/Users\\/MacBiers\\/Development\\/Familiar-Studio\\/sites\\/housingworks\\/craft\\/app\\/vendor\\/twig\\/twig\\/lib\\/Twig\\/TokenParser\\/Block.php\",\"line\":38,\"class\":\"Twig_Parser\",\"method\":\"subparse\",\"args\":\"array(Twig_TokenParser_Block, \\\"decideBlockEnd\\\"), true\"},{\"objectClass\":\"Twig_TokenParser_Block\",\"file\":\"\\/Users\\/MacBiers\\/Development\\/Familiar-Studio\\/sites\\/housingworks\\/craft\\/app\\/vendor\\/twig\\/twig\\/lib\\/Twig\\/Parser.php\",\"line\":187,\"class\":\"Twig_TokenParser_Block\",\"method\":\"parse\",\"args\":\"Twig_Token\"},{\"objectClass\":\"Craft\\\\TwigParser\",\"file\":\"\\/Users\\/MacBiers\\/Development\\/Familiar-Studio\\/sites\\/housingworks\\/craft\\/app\\/vendor\\/twig\\/twig\\/lib\\/Twig\\/Parser.php\",\"line\":100,\"class\":\"Twig_Parser\",\"method\":\"subparse\",\"args\":\"null, false\"},{\"objectClass\":\"Craft\\\\TwigParser\",\"file\":\"\\/Users\\/MacBiers\\/Development\\/Familiar-Studio\\/sites\\/housingworks\\/craft\\/app\\/vendor\\/twig\\/twig\\/lib\\/Twig\\/Environment.php\",\"line\":615,\"class\":\"Twig_Parser\",\"method\":\"parse\",\"args\":\"Twig_TokenStream\"},{\"objectClass\":\"Craft\\\\TwigEnvironment\",\"file\":\"\\/Users\\/MacBiers\\/Development\\/Familiar-Studio\\/sites\\/housingworks\\/craft\\/app\\/vendor\\/twig\\/twig\\/lib\\/Twig\\/Environment.php\",\"line\":667,\"class\":\"Twig_Environment\",\"method\":\"parse\",\"args\":\"Twig_TokenStream\"},{\"objectClass\":\"Craft\\\\TwigEnvironment\",\"file\":\"\\/Users\\/MacBiers\\/Development\\/Familiar-Studio\\/sites\\/housingworks\\/craft\\/app\\/vendor\\/twig\\/twig\\/lib\\/Twig\\/Environment.php\",\"line\":396,\"class\":\"Twig_Environment\",\"method\":\"compileSource\",\"args\":\"\\\"{% extends \'_layout\'%}\\n{% set days = [\'Sunday\', \'Monday\', \'Tuesd...\\\", \\\"locations\\\"\"},{\"objectClass\":\"Craft\\\\TwigEnvironment\",\"file\":\"\\/Users\\/MacBiers\\/Development\\/Familiar-Studio\\/sites\\/housingworks\\/craft\\/app\\/etc\\/templating\\/TwigEnvironment.php\",\"line\":61,\"class\":\"Twig_Environment\",\"method\":\"loadTemplate\",\"args\":\"\\\"locations\\\", null\"},{\"objectClass\":\"Craft\\\\TwigEnvironment\",\"file\":\"\\/Users\\/MacBiers\\/Development\\/Familiar-Studio\\/sites\\/housingworks\\/craft\\/app\\/vendor\\/twig\\/twig\\/lib\\/Twig\\/Environment.php\",\"line\":347,\"class\":\"Craft\\\\TwigEnvironment\",\"method\":\"loadTemplate\",\"args\":\"\\\"locations\\\"\"},{\"objectClass\":\"Craft\\\\TwigEnvironment\",\"file\":\"\\/Users\\/MacBiers\\/Development\\/Familiar-Studio\\/sites\\/housingworks\\/craft\\/app\\/services\\/TemplatesService.php\",\"line\":246,\"class\":\"Twig_Environment\",\"method\":\"render\",\"args\":\"\\\"locations\\\", array()\"},{\"objectClass\":\"Craft\\\\TemplatesService\",\"file\":\"\\/Users\\/MacBiers\\/Development\\/Familiar-Studio\\/sites\\/housingworks\\/craft\\/app\\/controllers\\/BaseController.php\",\"line\":74,\"class\":\"Craft\\\\TemplatesService\",\"method\":\"render\",\"args\":\"\\\"locations\\\", array()\"},{\"objectClass\":\"Craft\\\\TemplatesController\",\"file\":\"\\/Users\\/MacBiers\\/Development\\/Familiar-Studio\\/sites\\/housingworks\\/craft\\/app\\/controllers\\/TemplatesController.php\",\"line\":55,\"class\":\"Craft\\\\BaseController\",\"method\":\"renderTemplate\",\"args\":\"\\\"locations\\\", array()\"},{\"objectClass\":\"Craft\\\\TemplatesController\",\"file\":null,\"line\":null,\"class\":\"Craft\\\\TemplatesController\",\"method\":\"actionRender\",\"args\":\"\\\"locations\\\", array()\"},{\"objectClass\":\"ReflectionMethod\",\"file\":\"\\/Users\\/MacBiers\\/Development\\/Familiar-Studio\\/sites\\/housingworks\\/craft\\/app\\/framework\\/web\\/actions\\/CAction.php\",\"line\":109,\"class\":\"ReflectionMethod\",\"method\":\"invokeArgs\",\"args\":\"Craft\\\\TemplatesController, array(\\\"locations\\\", array())\"},{\"objectClass\":\"CInlineAction\",\"file\":\"\\/Users\\/MacBiers\\/Development\\/Familiar-Studio\\/sites\\/housingworks\\/craft\\/app\\/framework\\/web\\/actions\\/CInlineAction.php\",\"line\":47,\"class\":\"CAction\",\"method\":\"runWithParamsInternal\",\"args\":\"Craft\\\\TemplatesController, ReflectionMethod, array(\\\"variables\\\" => array(), \\\"template\\\" => \\\"locations\\\")\"},{\"objectClass\":\"CInlineAction\",\"file\":\"\\/Users\\/MacBiers\\/Development\\/Familiar-Studio\\/sites\\/housingworks\\/craft\\/app\\/framework\\/web\\/CController.php\",\"line\":308,\"class\":\"CInlineAction\",\"method\":\"runWithParams\",\"args\":\"array(\\\"variables\\\" => array(), \\\"template\\\" => \\\"locations\\\")\"},{\"objectClass\":\"Craft\\\\TemplatesController\",\"file\":\"\\/Users\\/MacBiers\\/Development\\/Familiar-Studio\\/sites\\/housingworks\\/craft\\/app\\/framework\\/web\\/CController.php\",\"line\":286,\"class\":\"CController\",\"method\":\"runAction\",\"args\":\"CInlineAction\"},{\"objectClass\":\"Craft\\\\TemplatesController\",\"file\":\"\\/Users\\/MacBiers\\/Development\\/Familiar-Studio\\/sites\\/housingworks\\/craft\\/app\\/framework\\/web\\/CController.php\",\"line\":265,\"class\":\"CController\",\"method\":\"runActionWithFilters\",\"args\":\"CInlineAction, array()\"},{\"objectClass\":\"Craft\\\\TemplatesController\",\"file\":\"\\/Users\\/MacBiers\\/Development\\/Familiar-Studio\\/sites\\/housingworks\\/craft\\/app\\/framework\\/web\\/CWebApplication.php\",\"line\":282,\"class\":\"CController\",\"method\":\"run\",\"args\":\"\\\"render\\\"\"},{\"objectClass\":\"Craft\\\\WebApp\",\"file\":\"\\/Users\\/MacBiers\\/Development\\/Familiar-Studio\\/sites\\/housingworks\\/craft\\/app\\/framework\\/web\\/CWebApplication.php\",\"line\":141,\"class\":\"CWebApplication\",\"method\":\"runController\",\"args\":\"\\\"templates\\/render\\\"\"},{\"objectClass\":\"Craft\\\\WebApp\",\"file\":\"\\/Users\\/MacBiers\\/Development\\/Familiar-Studio\\/sites\\/housingworks\\/craft\\/app\\/etc\\/web\\/WebApp.php\",\"line\":288,\"class\":\"CWebApplication\",\"method\":\"processRequest\",\"args\":null},{\"objectClass\":\"Craft\\\\WebApp\",\"file\":\"\\/Users\\/MacBiers\\/Development\\/Familiar-Studio\\/sites\\/housingworks\\/craft\\/app\\/framework\\/base\\/CApplication.php\",\"line\":185,\"class\":\"Craft\\\\WebApp\",\"method\":\"processRequest\",\"args\":null},{\"objectClass\":\"Craft\\\\WebApp\",\"file\":\"\\/Users\\/MacBiers\\/Development\\/Familiar-Studio\\/sites\\/housingworks\\/craft\\/app\\/index.php\",\"line\":62,\"class\":\"CApplication\",\"method\":\"run\",\"args\":null},{\"objectClass\":null,\"file\":\"\\/Users\\/MacBiers\\/Development\\/Familiar-Studio\\/sites\\/housingworks\\/public\\/index.php\",\"line\":14,\"class\":null,\"method\":\"require_once\",\"args\":\"\\\"\\/Users\\/MacBiers\\/Development\\/Familiar-Studio\\/sites\\/housingworks\\/c...\\\"\"},{\"objectClass\":null,\"file\":\"\\/Users\\/MacBiers\\/.composer\\/vendor\\/laravel\\/valet\\/server.php\",\"line\":106,\"class\":null,\"method\":\"require\",\"args\":\"\\\"\\/Users\\/MacBiers\\/Development\\/Familiar-Studio\\/sites\\/housingworks\\/p...\\\"\"}]', '2016-07-26 18:20:30', '2016-08-02 15:42:49', '437dce64-f0e4-459f-8799-5cd4c369a112'),
 ('56', '{% endpaginate %}', '/Users/MacBiers/Development/Familiar-Studio/sites/housingworks/craft/templates/blogs/index.html', '2016-08-02 14:36:31', '/Users/MacBiers/Development/Familiar-Studio/sites/housingworks/craft/app/etc/templating/twigextensions/DeprecatedTag_TokenParser.php', '60', 'Craft\\DeprecatedTag_TokenParser', 'parse', '/Users/MacBiers/Development/Familiar-Studio/sites/housingworks/craft/templates/blogs/index.html', NULL, 'The {% endpaginate %} tag is no longer necessary. You can remove it from your blogs template on line 56.', '[{\"objectClass\":\"Craft\\\\DeprecatorService\",\"file\":\"\\/Users\\/MacBiers\\/Development\\/Familiar-Studio\\/sites\\/housingworks\\/craft\\/app\\/etc\\/templating\\/twigextensions\\/DeprecatedTag_TokenParser.php\",\"line\":60,\"class\":\"Craft\\\\DeprecatorService\",\"method\":\"log\",\"args\":\"\\\"{% endpaginate %}\\\", \\\"The {% endpaginate %} tag is no longer necessary. You can remove...\\\"\"},{\"objectClass\":\"Craft\\\\DeprecatedTag_TokenParser\",\"file\":\"\\/Users\\/MacBiers\\/Development\\/Familiar-Studio\\/sites\\/housingworks\\/craft\\/app\\/vendor\\/twig\\/twig\\/lib\\/Twig\\/Parser.php\",\"line\":187,\"class\":\"Craft\\\\DeprecatedTag_TokenParser\",\"method\":\"parse\",\"args\":\"Twig_Token\"},{\"objectClass\":\"Craft\\\\TwigParser\",\"file\":\"\\/Users\\/MacBiers\\/Development\\/Familiar-Studio\\/sites\\/housingworks\\/craft\\/app\\/vendor\\/twig\\/twig\\/lib\\/Twig\\/TokenParser\\/Block.php\",\"line\":38,\"class\":\"Twig_Parser\",\"method\":\"subparse\",\"args\":\"array(Twig_TokenParser_Block, \\\"decideBlockEnd\\\"), true\"},{\"objectClass\":\"Twig_TokenParser_Block\",\"file\":\"\\/Users\\/MacBiers\\/Development\\/Familiar-Studio\\/sites\\/housingworks\\/craft\\/app\\/vendor\\/twig\\/twig\\/lib\\/Twig\\/Parser.php\",\"line\":187,\"class\":\"Twig_TokenParser_Block\",\"method\":\"parse\",\"args\":\"Twig_Token\"},{\"objectClass\":\"Craft\\\\TwigParser\",\"file\":\"\\/Users\\/MacBiers\\/Development\\/Familiar-Studio\\/sites\\/housingworks\\/craft\\/app\\/vendor\\/twig\\/twig\\/lib\\/Twig\\/Parser.php\",\"line\":100,\"class\":\"Twig_Parser\",\"method\":\"subparse\",\"args\":\"null, false\"},{\"objectClass\":\"Craft\\\\TwigParser\",\"file\":\"\\/Users\\/MacBiers\\/Development\\/Familiar-Studio\\/sites\\/housingworks\\/craft\\/app\\/vendor\\/twig\\/twig\\/lib\\/Twig\\/Environment.php\",\"line\":615,\"class\":\"Twig_Parser\",\"method\":\"parse\",\"args\":\"Twig_TokenStream\"},{\"objectClass\":\"Craft\\\\TwigEnvironment\",\"file\":\"\\/Users\\/MacBiers\\/Development\\/Familiar-Studio\\/sites\\/housingworks\\/craft\\/app\\/vendor\\/twig\\/twig\\/lib\\/Twig\\/Environment.php\",\"line\":667,\"class\":\"Twig_Environment\",\"method\":\"parse\",\"args\":\"Twig_TokenStream\"},{\"objectClass\":\"Craft\\\\TwigEnvironment\",\"file\":\"\\/Users\\/MacBiers\\/Development\\/Familiar-Studio\\/sites\\/housingworks\\/craft\\/app\\/vendor\\/twig\\/twig\\/lib\\/Twig\\/Environment.php\",\"line\":396,\"class\":\"Twig_Environment\",\"method\":\"compileSource\",\"args\":\"\\\"{% extends \'_layout\' %}\\n\\n{% if category is defined %}\\n  {% set b...\\\", \\\"blogs\\\"\"},{\"objectClass\":\"Craft\\\\TwigEnvironment\",\"file\":\"\\/Users\\/MacBiers\\/Development\\/Familiar-Studio\\/sites\\/housingworks\\/craft\\/app\\/etc\\/templating\\/TwigEnvironment.php\",\"line\":61,\"class\":\"Twig_Environment\",\"method\":\"loadTemplate\",\"args\":\"\\\"blogs\\\", null\"},{\"objectClass\":\"Craft\\\\TwigEnvironment\",\"file\":\"\\/Users\\/MacBiers\\/Development\\/Familiar-Studio\\/sites\\/housingworks\\/craft\\/app\\/vendor\\/twig\\/twig\\/lib\\/Twig\\/Environment.php\",\"line\":347,\"class\":\"Craft\\\\TwigEnvironment\",\"method\":\"loadTemplate\",\"args\":\"\\\"blogs\\\"\"},{\"objectClass\":\"Craft\\\\TwigEnvironment\",\"file\":\"\\/Users\\/MacBiers\\/Development\\/Familiar-Studio\\/sites\\/housingworks\\/craft\\/app\\/services\\/TemplatesService.php\",\"line\":246,\"class\":\"Twig_Environment\",\"method\":\"render\",\"args\":\"\\\"blogs\\\", array()\"},{\"objectClass\":\"Craft\\\\TemplatesService\",\"file\":\"\\/Users\\/MacBiers\\/Development\\/Familiar-Studio\\/sites\\/housingworks\\/craft\\/app\\/controllers\\/BaseController.php\",\"line\":74,\"class\":\"Craft\\\\TemplatesService\",\"method\":\"render\",\"args\":\"\\\"blogs\\\", array()\"},{\"objectClass\":\"Craft\\\\TemplatesController\",\"file\":\"\\/Users\\/MacBiers\\/Development\\/Familiar-Studio\\/sites\\/housingworks\\/craft\\/app\\/controllers\\/TemplatesController.php\",\"line\":55,\"class\":\"Craft\\\\BaseController\",\"method\":\"renderTemplate\",\"args\":\"\\\"blogs\\\", array()\"},{\"objectClass\":\"Craft\\\\TemplatesController\",\"file\":null,\"line\":null,\"class\":\"Craft\\\\TemplatesController\",\"method\":\"actionRender\",\"args\":\"\\\"blogs\\\", array()\"},{\"objectClass\":\"ReflectionMethod\",\"file\":\"\\/Users\\/MacBiers\\/Development\\/Familiar-Studio\\/sites\\/housingworks\\/craft\\/app\\/framework\\/web\\/actions\\/CAction.php\",\"line\":109,\"class\":\"ReflectionMethod\",\"method\":\"invokeArgs\",\"args\":\"Craft\\\\TemplatesController, array(\\\"blogs\\\", array())\"},{\"objectClass\":\"CInlineAction\",\"file\":\"\\/Users\\/MacBiers\\/Development\\/Familiar-Studio\\/sites\\/housingworks\\/craft\\/app\\/framework\\/web\\/actions\\/CInlineAction.php\",\"line\":47,\"class\":\"CAction\",\"method\":\"runWithParamsInternal\",\"args\":\"Craft\\\\TemplatesController, ReflectionMethod, array(\\\"variables\\\" => array(), \\\"template\\\" => \\\"blogs\\\")\"},{\"objectClass\":\"CInlineAction\",\"file\":\"\\/Users\\/MacBiers\\/Development\\/Familiar-Studio\\/sites\\/housingworks\\/craft\\/app\\/framework\\/web\\/CController.php\",\"line\":308,\"class\":\"CInlineAction\",\"method\":\"runWithParams\",\"args\":\"array(\\\"variables\\\" => array(), \\\"template\\\" => \\\"blogs\\\")\"},{\"objectClass\":\"Craft\\\\TemplatesController\",\"file\":\"\\/Users\\/MacBiers\\/Development\\/Familiar-Studio\\/sites\\/housingworks\\/craft\\/app\\/framework\\/web\\/CController.php\",\"line\":286,\"class\":\"CController\",\"method\":\"runAction\",\"args\":\"CInlineAction\"},{\"objectClass\":\"Craft\\\\TemplatesController\",\"file\":\"\\/Users\\/MacBiers\\/Development\\/Familiar-Studio\\/sites\\/housingworks\\/craft\\/app\\/framework\\/web\\/CController.php\",\"line\":265,\"class\":\"CController\",\"method\":\"runActionWithFilters\",\"args\":\"CInlineAction, array()\"},{\"objectClass\":\"Craft\\\\TemplatesController\",\"file\":\"\\/Users\\/MacBiers\\/Development\\/Familiar-Studio\\/sites\\/housingworks\\/craft\\/app\\/framework\\/web\\/CWebApplication.php\",\"line\":282,\"class\":\"CController\",\"method\":\"run\",\"args\":\"\\\"render\\\"\"},{\"objectClass\":\"Craft\\\\WebApp\",\"file\":\"\\/Users\\/MacBiers\\/Development\\/Familiar-Studio\\/sites\\/housingworks\\/craft\\/app\\/framework\\/web\\/CWebApplication.php\",\"line\":141,\"class\":\"CWebApplication\",\"method\":\"runController\",\"args\":\"\\\"templates\\/render\\\"\"},{\"objectClass\":\"Craft\\\\WebApp\",\"file\":\"\\/Users\\/MacBiers\\/Development\\/Familiar-Studio\\/sites\\/housingworks\\/craft\\/app\\/etc\\/web\\/WebApp.php\",\"line\":288,\"class\":\"CWebApplication\",\"method\":\"processRequest\",\"args\":null},{\"objectClass\":\"Craft\\\\WebApp\",\"file\":\"\\/Users\\/MacBiers\\/Development\\/Familiar-Studio\\/sites\\/housingworks\\/craft\\/app\\/framework\\/base\\/CApplication.php\",\"line\":185,\"class\":\"Craft\\\\WebApp\",\"method\":\"processRequest\",\"args\":null},{\"objectClass\":\"Craft\\\\WebApp\",\"file\":\"\\/Users\\/MacBiers\\/Development\\/Familiar-Studio\\/sites\\/housingworks\\/craft\\/app\\/index.php\",\"line\":62,\"class\":\"CApplication\",\"method\":\"run\",\"args\":null},{\"objectClass\":null,\"file\":\"\\/Users\\/MacBiers\\/Development\\/Familiar-Studio\\/sites\\/housingworks\\/public\\/index.php\",\"line\":14,\"class\":null,\"method\":\"require_once\",\"args\":\"\\\"\\/Users\\/MacBiers\\/Development\\/Familiar-Studio\\/sites\\/housingworks\\/c...\\\"\"},{\"objectClass\":null,\"file\":\"\\/Users\\/MacBiers\\/.composer\\/vendor\\/laravel\\/valet\\/server.php\",\"line\":106,\"class\":null,\"method\":\"require\",\"args\":\"\\\"\\/Users\\/MacBiers\\/Development\\/Familiar-Studio\\/sites\\/housingworks\\/p...\\\"\"}]', '2016-07-26 18:27:51', '2016-08-02 14:36:31', 'f7021f8e-b63f-4c09-928e-e3bda14600af'),
 ('74', '{% endpaginate %}', '/Users/MacBiers/Development/Familiar-Studio/sites/housingworks/craft/templates/events/index.html', '2016-08-02 15:33:07', '/Users/MacBiers/Development/Familiar-Studio/sites/housingworks/craft/app/etc/templating/twigextensions/DeprecatedTag_TokenParser.php', '60', 'Craft\\DeprecatedTag_TokenParser', 'parse', '/Users/MacBiers/Development/Familiar-Studio/sites/housingworks/craft/templates/events/index.html', NULL, 'The {% endpaginate %} tag is no longer necessary. You can remove it from your events/index.html template on line 60.', '[{\"objectClass\":\"Craft\\\\DeprecatorService\",\"file\":\"\\/Users\\/MacBiers\\/Development\\/Familiar-Studio\\/sites\\/housingworks\\/craft\\/app\\/etc\\/templating\\/twigextensions\\/DeprecatedTag_TokenParser.php\",\"line\":60,\"class\":\"Craft\\\\DeprecatorService\",\"method\":\"log\",\"args\":\"\\\"{% endpaginate %}\\\", \\\"The {% endpaginate %} tag is no longer necessary. You can remove...\\\"\"},{\"objectClass\":\"Craft\\\\DeprecatedTag_TokenParser\",\"file\":\"\\/Users\\/MacBiers\\/Development\\/Familiar-Studio\\/sites\\/housingworks\\/craft\\/app\\/vendor\\/twig\\/twig\\/lib\\/Twig\\/Parser.php\",\"line\":187,\"class\":\"Craft\\\\DeprecatedTag_TokenParser\",\"method\":\"parse\",\"args\":\"Twig_Token\"},{\"objectClass\":\"Craft\\\\TwigParser\",\"file\":\"\\/Users\\/MacBiers\\/Development\\/Familiar-Studio\\/sites\\/housingworks\\/craft\\/app\\/vendor\\/twig\\/twig\\/lib\\/Twig\\/TokenParser\\/If.php\",\"line\":34,\"class\":\"Twig_Parser\",\"method\":\"subparse\",\"args\":\"array(Twig_TokenParser_If, \\\"decideIfFork\\\")\"},{\"objectClass\":\"Twig_TokenParser_If\",\"file\":\"\\/Users\\/MacBiers\\/Development\\/Familiar-Studio\\/sites\\/housingworks\\/craft\\/app\\/vendor\\/twig\\/twig\\/lib\\/Twig\\/Parser.php\",\"line\":187,\"class\":\"Twig_TokenParser_If\",\"method\":\"parse\",\"args\":\"Twig_Token\"},{\"objectClass\":\"Craft\\\\TwigParser\",\"file\":\"\\/Users\\/MacBiers\\/Development\\/Familiar-Studio\\/sites\\/housingworks\\/craft\\/app\\/vendor\\/twig\\/twig\\/lib\\/Twig\\/TokenParser\\/Block.php\",\"line\":38,\"class\":\"Twig_Parser\",\"method\":\"subparse\",\"args\":\"array(Twig_TokenParser_Block, \\\"decideBlockEnd\\\"), true\"},{\"objectClass\":\"Twig_TokenParser_Block\",\"file\":\"\\/Users\\/MacBiers\\/Development\\/Familiar-Studio\\/sites\\/housingworks\\/craft\\/app\\/vendor\\/twig\\/twig\\/lib\\/Twig\\/Parser.php\",\"line\":187,\"class\":\"Twig_TokenParser_Block\",\"method\":\"parse\",\"args\":\"Twig_Token\"},{\"objectClass\":\"Craft\\\\TwigParser\",\"file\":\"\\/Users\\/MacBiers\\/Development\\/Familiar-Studio\\/sites\\/housingworks\\/craft\\/app\\/vendor\\/twig\\/twig\\/lib\\/Twig\\/Parser.php\",\"line\":100,\"class\":\"Twig_Parser\",\"method\":\"subparse\",\"args\":\"null, false\"},{\"objectClass\":\"Craft\\\\TwigParser\",\"file\":\"\\/Users\\/MacBiers\\/Development\\/Familiar-Studio\\/sites\\/housingworks\\/craft\\/app\\/vendor\\/twig\\/twig\\/lib\\/Twig\\/Environment.php\",\"line\":615,\"class\":\"Twig_Parser\",\"method\":\"parse\",\"args\":\"Twig_TokenStream\"},{\"objectClass\":\"Craft\\\\TwigEnvironment\",\"file\":\"\\/Users\\/MacBiers\\/Development\\/Familiar-Studio\\/sites\\/housingworks\\/craft\\/app\\/vendor\\/twig\\/twig\\/lib\\/Twig\\/Environment.php\",\"line\":667,\"class\":\"Twig_Environment\",\"method\":\"parse\",\"args\":\"Twig_TokenStream\"},{\"objectClass\":\"Craft\\\\TwigEnvironment\",\"file\":\"\\/Users\\/MacBiers\\/Development\\/Familiar-Studio\\/sites\\/housingworks\\/craft\\/app\\/vendor\\/twig\\/twig\\/lib\\/Twig\\/Environment.php\",\"line\":396,\"class\":\"Twig_Environment\",\"method\":\"compileSource\",\"args\":\"\\\"{% extends \'_layout\' %}\\n{% set todayStartDate = \\\"now\\\"|date_modif...\\\", \\\"events\\/index.html\\\"\"},{\"objectClass\":\"Craft\\\\TwigEnvironment\",\"file\":\"\\/Users\\/MacBiers\\/Development\\/Familiar-Studio\\/sites\\/housingworks\\/craft\\/app\\/etc\\/templating\\/TwigEnvironment.php\",\"line\":61,\"class\":\"Twig_Environment\",\"method\":\"loadTemplate\",\"args\":\"\\\"events\\/index.html\\\", null\"},{\"objectClass\":\"Craft\\\\TwigEnvironment\",\"file\":\"\\/Users\\/MacBiers\\/Development\\/Familiar-Studio\\/sites\\/housingworks\\/craft\\/app\\/vendor\\/twig\\/twig\\/lib\\/Twig\\/Environment.php\",\"line\":347,\"class\":\"Craft\\\\TwigEnvironment\",\"method\":\"loadTemplate\",\"args\":\"\\\"events\\/index.html\\\"\"},{\"objectClass\":\"Craft\\\\TwigEnvironment\",\"file\":\"\\/Users\\/MacBiers\\/Development\\/Familiar-Studio\\/sites\\/housingworks\\/craft\\/app\\/services\\/TemplatesService.php\",\"line\":246,\"class\":\"Twig_Environment\",\"method\":\"render\",\"args\":\"\\\"events\\/index.html\\\", array(\\\"category\\\" => Craft\\\\CategoryModel)\"},{\"objectClass\":\"Craft\\\\TemplatesService\",\"file\":\"\\/Users\\/MacBiers\\/Development\\/Familiar-Studio\\/sites\\/housingworks\\/craft\\/app\\/controllers\\/BaseController.php\",\"line\":74,\"class\":\"Craft\\\\TemplatesService\",\"method\":\"render\",\"args\":\"\\\"events\\/index.html\\\", array(\\\"category\\\" => Craft\\\\CategoryModel)\"},{\"objectClass\":\"Craft\\\\TemplatesController\",\"file\":\"\\/Users\\/MacBiers\\/Development\\/Familiar-Studio\\/sites\\/housingworks\\/craft\\/app\\/controllers\\/TemplatesController.php\",\"line\":55,\"class\":\"Craft\\\\BaseController\",\"method\":\"renderTemplate\",\"args\":\"\\\"events\\/index.html\\\", array(\\\"category\\\" => Craft\\\\CategoryModel)\"},{\"objectClass\":\"Craft\\\\TemplatesController\",\"file\":null,\"line\":null,\"class\":\"Craft\\\\TemplatesController\",\"method\":\"actionRender\",\"args\":\"\\\"events\\/index.html\\\", array(\\\"category\\\" => Craft\\\\CategoryModel)\"},{\"objectClass\":\"ReflectionMethod\",\"file\":\"\\/Users\\/MacBiers\\/Development\\/Familiar-Studio\\/sites\\/housingworks\\/craft\\/app\\/framework\\/web\\/actions\\/CAction.php\",\"line\":109,\"class\":\"ReflectionMethod\",\"method\":\"invokeArgs\",\"args\":\"Craft\\\\TemplatesController, array(\\\"events\\/index.html\\\", array(\\\"category\\\" => Craft\\\\CategoryModel))\"},{\"objectClass\":\"CInlineAction\",\"file\":\"\\/Users\\/MacBiers\\/Development\\/Familiar-Studio\\/sites\\/housingworks\\/craft\\/app\\/framework\\/web\\/actions\\/CInlineAction.php\",\"line\":47,\"class\":\"CAction\",\"method\":\"runWithParamsInternal\",\"args\":\"Craft\\\\TemplatesController, ReflectionMethod, array(\\\"variables\\\" => array(\\\"category\\\" => Craft\\\\CategoryModel), \\\"template\\\" => \\\"events\\/index.html\\\")\"},{\"objectClass\":\"CInlineAction\",\"file\":\"\\/Users\\/MacBiers\\/Development\\/Familiar-Studio\\/sites\\/housingworks\\/craft\\/app\\/framework\\/web\\/CController.php\",\"line\":308,\"class\":\"CInlineAction\",\"method\":\"runWithParams\",\"args\":\"array(\\\"variables\\\" => array(\\\"category\\\" => Craft\\\\CategoryModel), \\\"template\\\" => \\\"events\\/index.html\\\")\"},{\"objectClass\":\"Craft\\\\TemplatesController\",\"file\":\"\\/Users\\/MacBiers\\/Development\\/Familiar-Studio\\/sites\\/housingworks\\/craft\\/app\\/framework\\/web\\/CController.php\",\"line\":286,\"class\":\"CController\",\"method\":\"runAction\",\"args\":\"CInlineAction\"},{\"objectClass\":\"Craft\\\\TemplatesController\",\"file\":\"\\/Users\\/MacBiers\\/Development\\/Familiar-Studio\\/sites\\/housingworks\\/craft\\/app\\/framework\\/web\\/CController.php\",\"line\":265,\"class\":\"CController\",\"method\":\"runActionWithFilters\",\"args\":\"CInlineAction, array()\"},{\"objectClass\":\"Craft\\\\TemplatesController\",\"file\":\"\\/Users\\/MacBiers\\/Development\\/Familiar-Studio\\/sites\\/housingworks\\/craft\\/app\\/framework\\/web\\/CWebApplication.php\",\"line\":282,\"class\":\"CController\",\"method\":\"run\",\"args\":\"\\\"render\\\"\"},{\"objectClass\":\"Craft\\\\WebApp\",\"file\":\"\\/Users\\/MacBiers\\/Development\\/Familiar-Studio\\/sites\\/housingworks\\/craft\\/app\\/framework\\/web\\/CWebApplication.php\",\"line\":141,\"class\":\"CWebApplication\",\"method\":\"runController\",\"args\":\"\\\"templates\\/render\\\"\"},{\"objectClass\":\"Craft\\\\WebApp\",\"file\":\"\\/Users\\/MacBiers\\/Development\\/Familiar-Studio\\/sites\\/housingworks\\/craft\\/app\\/etc\\/web\\/WebApp.php\",\"line\":288,\"class\":\"CWebApplication\",\"method\":\"processRequest\",\"args\":null},{\"objectClass\":\"Craft\\\\WebApp\",\"file\":\"\\/Users\\/MacBiers\\/Development\\/Familiar-Studio\\/sites\\/housingworks\\/craft\\/app\\/framework\\/base\\/CApplication.php\",\"line\":185,\"class\":\"Craft\\\\WebApp\",\"method\":\"processRequest\",\"args\":null},{\"objectClass\":\"Craft\\\\WebApp\",\"file\":\"\\/Users\\/MacBiers\\/Development\\/Familiar-Studio\\/sites\\/housingworks\\/craft\\/app\\/index.php\",\"line\":62,\"class\":\"CApplication\",\"method\":\"run\",\"args\":null},{\"objectClass\":null,\"file\":\"\\/Users\\/MacBiers\\/Development\\/Familiar-Studio\\/sites\\/housingworks\\/public\\/index.php\",\"line\":14,\"class\":null,\"method\":\"require_once\",\"args\":\"\\\"\\/Users\\/MacBiers\\/Development\\/Familiar-Studio\\/sites\\/housingworks\\/c...\\\"\"},{\"objectClass\":null,\"file\":\"\\/Users\\/MacBiers\\/.composer\\/vendor\\/laravel\\/valet\\/server.php\",\"line\":106,\"class\":null,\"method\":\"require\",\"args\":\"\\\"\\/Users\\/MacBiers\\/Development\\/Familiar-Studio\\/sites\\/housingworks\\/p...\\\"\"}]', '2016-07-26 18:51:47', '2016-08-02 15:33:07', '54bf93d9-3b2d-4548-8903-343d166c58e7');



DROP TABLE IF EXISTS `craft_elementindexsettings`;


--
-- Schema for table `craft_elementindexsettings`
--
CREATE TABLE `craft_elementindexsettings` (
  `id` int(11) NOT NULL AUTO_INCREMENT,
  `type` varchar(150) COLLATE utf8_unicode_ci NOT NULL,
  `settings` text COLLATE utf8_unicode_ci,
  `dateCreated` datetime NOT NULL,
  `dateUpdated` datetime NOT NULL,
  `uid` char(36) COLLATE utf8_unicode_ci NOT NULL DEFAULT '0',
  PRIMARY KEY (`id`),
  UNIQUE KEY `craft_elementindexsettings_type_unq_idx` (`type`)
) ENGINE=InnoDB AUTO_INCREMENT=3 DEFAULT CHARSET=utf8 COLLATE=utf8_unicode_ci;

--
-- Data for table `craft_elementindexsettings`
--

INSERT INTO `craft_elementindexsettings` (`id`, `type`, `settings`, `dateCreated`, `dateUpdated`, `uid`) VALUES
 ('1', 'Asset', '{\"sources\":{\"folder:1\":{\"tableAttributes\":{\"1\":\"filename\",\"2\":\"size\",\"3\":\"dateModified\"}},\"folder:2\":{\"tableAttributes\":{\"1\":\"filename\",\"2\":\"size\",\"3\":\"dateModified\"}}}}', '2016-07-12 14:52:19', '2016-07-19 14:19:18', '03ea79ef-6f70-4ee5-b7f6-f3be7f07d440'),
 ('2', 'Category', '{\"sources\":{\"group:2\":{\"tableAttributes\":{\"1\":\"link\"}}}}', '2016-07-12 16:46:38', '2016-07-12 16:46:38', '6d9220cf-869b-411b-adf4-789cceb01f34');



DROP TABLE IF EXISTS `craft_elements`;


--
-- Schema for table `craft_elements`
--
CREATE TABLE `craft_elements` (
  `id` int(11) NOT NULL AUTO_INCREMENT,
  `type` varchar(150) COLLATE utf8_unicode_ci NOT NULL,
  `enabled` tinyint(1) unsigned NOT NULL DEFAULT '1',
  `archived` tinyint(1) unsigned NOT NULL DEFAULT '0',
  `dateCreated` datetime NOT NULL,
  `dateUpdated` datetime NOT NULL,
  `uid` char(36) COLLATE utf8_unicode_ci NOT NULL DEFAULT '0',
  PRIMARY KEY (`id`),
  KEY `craft_elements_type_idx` (`type`),
  KEY `craft_elements_enabled_idx` (`enabled`),
  KEY `craft_elements_archived_dateCreated_idx` (`archived`,`dateCreated`)
) ENGINE=InnoDB AUTO_INCREMENT=270 DEFAULT CHARSET=utf8 COLLATE=utf8_unicode_ci;

--
-- Data for table `craft_elements`
--

INSERT INTO `craft_elements` (`id`, `type`, `enabled`, `archived`, `dateCreated`, `dateUpdated`, `uid`) VALUES
 ('1', 'User', '1', '0', '2016-07-11 16:21:52', '2016-07-11 16:21:52', 'f72bdff8-783c-48f9-97f1-58ecbc2eb233'),
 ('2', 'Entry', '1', '0', '2016-07-11 16:21:55', '2016-07-11 16:21:55', 'cfceb334-3194-45ac-afa5-e431c283b8bb'),
 ('4', 'Asset', '1', '0', '2016-07-11 16:47:09', '2016-07-11 16:47:09', '0465ee46-018c-42c8-a7f8-7072da0b8dcf'),
 ('5', 'Entry', '1', '0', '2016-07-11 16:48:43', '2016-07-18 19:38:42', 'be9aee66-fe5b-4e56-b1cb-da0c09b7ee7c'),
 ('6', 'Asset', '1', '0', '2016-07-11 17:16:48', '2016-07-11 21:27:06', 'd7133212-7a93-4cbb-b51d-9eefb4df0062'),
 ('7', 'MatrixBlock', '1', '0', '2016-07-11 17:16:59', '2016-07-18 19:38:42', '2db11d74-6b49-4049-9352-f21a0d370b3f'),
 ('8', 'MatrixBlock', '1', '0', '2016-07-11 17:16:59', '2016-07-18 19:38:42', '7d567cec-8980-4be0-beb6-72af3d421e30'),
 ('9', 'MatrixBlock', '1', '0', '2016-07-11 17:16:59', '2016-07-18 19:38:42', 'abf81c94-6e8a-4630-b047-494e2103a1a8'),
 ('10', 'Category', '1', '0', '2016-07-11 18:25:48', '2016-07-11 22:23:55', 'a28da6ff-abca-4401-807d-56a5430bfc37'),
 ('11', 'Asset', '1', '0', '2016-07-11 18:33:54', '2016-07-11 18:33:54', 'bedd83c7-6b20-499e-9e7e-86fe38212dce'),
 ('12', 'Asset', '1', '0', '2016-07-11 19:04:08', '2016-07-11 19:04:08', 'a467730f-2c1a-49db-b997-3786b739f456'),
 ('13', 'Category', '1', '0', '2016-07-11 19:04:38', '2016-07-11 22:24:33', '606ae1d5-0108-4340-906c-9e4b1a0c3c17'),
 ('14', 'Category', '1', '0', '2016-07-11 19:44:53', '2016-07-11 22:26:31', '931ae91e-3318-4ea8-acdf-90908d5068a8'),
 ('15', 'Asset', '1', '0', '2016-07-11 19:45:37', '2016-07-11 19:45:37', '3ceddca2-0ef0-4fd2-8d0b-a2dfc792ca0d'),
 ('16', 'Category', '1', '0', '2016-07-11 19:45:58', '2016-07-11 23:01:12', 'd6d61981-3bf9-45e9-b2a8-31a403b4eb1e'),
 ('17', 'Asset', '1', '0', '2016-07-11 20:12:37', '2016-07-11 20:12:37', '2cd9df04-800f-43de-b933-42d02a2c3bbe'),
 ('18', 'Category', '1', '0', '2016-07-11 20:12:44', '2016-07-11 21:54:15', 'b71b1ed4-6775-4bb0-8b24-cddcd9d597a2'),
 ('19', 'MatrixBlock', '1', '0', '2016-07-11 20:12:44', '2016-07-11 21:54:15', '2b5e3900-46e2-4e4c-9de7-6082d1dda20d'),
 ('20', 'MatrixBlock', '1', '0', '2016-07-11 20:12:44', '2016-07-11 21:54:15', '8b76d426-5ae7-41a8-aee2-7a24af0b13cc'),
 ('21', 'Asset', '1', '0', '2016-07-11 20:14:26', '2016-07-11 20:14:26', '8e3f9f42-acc6-48a2-b1bd-48ea12670aea'),
 ('22', 'Category', '1', '0', '2016-07-11 20:15:04', '2016-07-25 19:49:32', 'c9b77f86-0353-4f1f-b66e-67ecb5db42a2'),
 ('23', 'Category', '1', '0', '2016-07-11 20:39:21', '2016-07-26 18:40:59', '993c6098-eb0b-4db6-a9c4-203c35040a5b'),
 ('25', 'Entry', '1', '0', '2016-07-11 21:28:25', '2016-07-25 20:09:55', 'c9915574-3c85-4d5b-ba9d-411b3bd15b9f'),
 ('26', 'Asset', '1', '0', '2016-07-11 22:04:57', '2016-07-11 22:04:57', 'b3e98aa4-466f-45eb-b9c7-abd36463f938'),
 ('27', 'Category', '1', '0', '2016-07-11 22:05:26', '2016-07-11 22:05:26', '71f8fae4-40cd-4728-98d6-f18e8f20f3d1'),
 ('28', 'Asset', '1', '0', '2016-07-11 22:40:39', '2016-07-11 22:40:39', '2fca0af3-64a7-4ba9-92f8-783ea954fcaa'),
 ('30', 'Entry', '1', '0', '2016-07-12 15:26:43', '2016-07-18 16:49:56', '0af5b336-cde4-438f-888f-2dd1d6ec733f'),
 ('31', 'Category', '1', '0', '2016-07-12 15:53:27', '2016-07-12 15:53:27', '93bbbb28-b469-4d28-98d2-80282d0598d9'),
 ('32', 'Category', '1', '0', '2016-07-12 15:54:31', '2016-07-12 15:54:31', '1c27bb7a-6316-4fba-8bac-5c2cdc37398f'),
 ('33', 'Category', '1', '0', '2016-07-12 15:56:00', '2016-07-12 15:56:00', 'd1273589-7079-4537-9f84-06ae6f72bf02'),
 ('34', 'Category', '1', '0', '2016-07-12 15:56:26', '2016-07-12 15:56:42', '6e6b874e-9eea-4e10-9dd6-d40032d492a9'),
 ('35', 'Asset', '1', '0', '2016-07-12 15:58:08', '2016-07-12 15:58:08', '6931a41b-5c67-4034-aabe-694fc658e6ec'),
 ('37', 'Asset', '1', '0', '2016-07-12 16:03:53', '2016-07-12 16:03:53', '1a72c71e-760d-48ef-8840-bd3b9e518bb1'),
 ('38', 'Entry', '1', '0', '2016-07-12 16:04:00', '2016-07-18 16:49:56', '4d338ff0-1901-44a9-abae-8e89b07c672f'),
 ('39', 'Category', '1', '0', '2016-07-12 16:04:59', '2016-07-12 16:04:59', 'ae6041d2-58d1-434d-863e-cd01b1353061'),
 ('40', 'Category', '1', '0', '2016-07-12 16:44:27', '2016-07-12 16:47:02', 'dddd66b2-0f24-4358-b624-7bdda8c54fcb'),
 ('41', 'Entry', '1', '0', '2016-07-12 16:53:28', '2016-07-18 16:49:56', 'ad181175-dc71-408c-844f-d3e5df64bd61'),
 ('42', 'Category', '1', '0', '2016-07-12 17:05:49', '2016-07-12 17:05:49', '3c2b3511-940b-46a8-9eb3-0136ee8f1d26'),
 ('43', 'Asset', '1', '0', '2016-07-12 17:06:40', '2016-07-12 17:06:40', '4b830df1-7613-4108-bb6f-37daa577bb79'),
 ('44', 'Entry', '1', '0', '2016-07-12 17:07:09', '2016-07-18 16:49:56', 'f0343932-bf0c-422a-9a7f-1f03d59b57f1'),
 ('45', 'Asset', '1', '0', '2016-07-12 17:09:25', '2016-07-12 17:09:25', '244f6a47-0ea8-40e5-b609-a9ef89e14302'),
 ('46', 'Entry', '1', '0', '2016-07-12 17:09:29', '2016-07-18 16:49:56', 'b6e2a584-81ef-48e2-b4a5-f3151ee7e01a'),
 ('48', 'Asset', '1', '0', '2016-07-12 18:52:50', '2016-07-12 18:52:50', '65f0745a-de44-4c8b-bf9f-2a6cc5d2f50a'),
 ('49', 'Entry', '1', '0', '2016-07-12 18:53:02', '2016-07-26 15:28:37', '9bd8f095-2fb8-43c3-a7d4-a98c8f2b8fa8'),
 ('50', 'Asset', '1', '0', '2016-07-12 19:06:37', '2016-07-12 19:06:37', 'd6afa9e1-68c4-442b-9b11-2b6274e84b24'),
 ('51', 'Entry', '1', '0', '2016-07-12 19:07:02', '2016-07-26 15:28:37', '88a4e888-04f7-4d87-adb6-97786ac59d2d'),
 ('52', 'Entry', '1', '0', '2016-07-12 19:57:50', '2016-07-26 16:07:12', 'e403b287-6776-4ae4-bcd2-d4bfd7e7f6e7'),
 ('55', 'Category', '1', '0', '2016-07-13 14:29:33', '2016-07-13 14:29:33', '44271361-916d-4187-a666-7117009bd977'),
 ('56', 'Category', '1', '0', '2016-07-13 14:31:17', '2016-07-13 14:31:17', 'db887fde-3feb-4477-aecf-bc289fecf9cc'),
 ('57', 'Category', '1', '0', '2016-07-13 14:31:29', '2016-07-13 14:31:29', 'a9740479-7c27-4cc8-b0c8-1d81495c68d4'),
 ('58', 'Category', '1', '0', '2016-07-13 14:31:38', '2016-07-13 14:31:38', '1791102b-7209-458c-971d-b3ea128af770'),
 ('59', 'Category', '1', '0', '2016-07-13 14:31:55', '2016-07-13 14:31:55', '2167618a-c657-4e04-a20b-e945f475e083'),
 ('60', 'Category', '1', '0', '2016-07-13 14:32:05', '2016-07-13 14:32:05', 'cbf3daf0-7408-46d6-85f3-fb37c29e35ed'),
 ('61', 'Category', '1', '0', '2016-07-13 14:32:16', '2016-07-13 14:32:16', '36ee6837-46e9-4876-a5da-dd9c731ff95f'),
 ('62', 'Entry', '1', '0', '2016-07-13 14:42:02', '2016-07-26 18:42:48', 'dc0913a3-0f94-450d-8119-fbc5c1487c5b'),
 ('63', 'Asset', '1', '0', '2016-07-13 15:26:00', '2016-07-13 15:26:00', '24219639-9954-4585-8376-90a5d9a2a8ea'),
 ('64', 'Asset', '1', '0', '2016-07-13 15:27:13', '2016-07-13 15:27:13', 'f5029f3a-f15e-4f1f-a351-496fb5356527'),
 ('65', 'Asset', '1', '0', '2016-07-13 15:32:45', '2016-07-13 15:32:45', '03faa5b2-4f15-458a-81c1-9271d8053d6b'),
 ('66', 'Entry', '1', '0', '2016-07-13 15:32:50', '2016-07-26 18:42:39', 'ea5f103a-7bef-4911-8dd2-925728ed95e8'),
 ('68', 'Entry', '1', '0', '2016-07-13 16:35:19', '2016-08-02 15:29:43', '89a01cd3-1283-4c35-a00a-49a4291fb61b'),
 ('69', 'Entry', '1', '0', '2016-07-13 16:35:54', '2016-07-26 18:42:29', '59e8438f-3a9a-4c0c-be5a-f06d104e4cd7'),
 ('70', 'GlobalSet', '1', '0', '2016-07-13 18:35:43', '2016-07-13 21:44:00', '73d89df4-22cc-44ce-aa19-aa98fab4115b'),
 ('71', 'GlobalSet', '1', '0', '2016-07-18 22:37:14', '2016-07-19 22:13:24', 'dfbe27dc-69e0-4a9e-b76c-203432e568f0'),
 ('72', 'Category', '1', '0', '2016-07-19 14:29:12', '2016-07-19 14:29:12', '93cf5a0c-6a6a-4cfc-9f7a-6cf60e78561a'),
 ('73', 'Category', '1', '0', '2016-07-19 14:29:25', '2016-07-19 14:29:25', 'a2a91bba-a12c-4bca-8b57-bcce4084f18f'),
 ('74', 'Category', '1', '0', '2016-07-19 14:29:43', '2016-07-19 14:29:43', '21b74c9c-7ca4-47b5-81f8-c1086a1a9783'),
 ('75', 'Category', '1', '0', '2016-07-19 14:34:57', '2016-07-19 14:34:57', 'afb504aa-a014-401a-89e9-79dbb8f98192'),
 ('76', 'Asset', '1', '0', '2016-07-19 14:40:07', '2016-07-19 14:40:07', '463927a0-a868-4ae1-9317-f261dec89b86'),
 ('77', 'Asset', '1', '0', '2016-07-19 14:40:07', '2016-07-19 14:40:07', 'c1f3ac12-6050-4050-bdcd-901bd328eb1d'),
 ('78', 'Asset', '1', '0', '2016-07-19 14:40:07', '2016-07-19 14:40:07', '4decc0d9-e5db-4f66-bcfc-4e9207b37d9f'),
 ('79', 'Asset', '1', '0', '2016-07-19 14:40:07', '2016-07-19 14:40:07', '18875d3e-33af-4acd-b95d-7cbc9a5abf7c'),
 ('80', 'Asset', '1', '0', '2016-07-19 14:40:08', '2016-07-19 14:40:08', 'e2c4d2cb-90c0-454f-91e5-f7c54394546c'),
 ('81', 'Asset', '1', '0', '2016-07-19 14:40:08', '2016-07-19 14:40:08', '5643848c-f768-4787-a50a-2ebf687753c4'),
 ('82', 'Asset', '1', '0', '2016-07-19 14:40:08', '2016-07-19 14:40:08', '5ffe4bdc-00ee-443d-937e-cf701a94f5a9'),
 ('83', 'Asset', '1', '0', '2016-07-19 14:40:09', '2016-07-19 14:40:09', '54945be8-5d91-4eeb-9c6f-d08ce9805674'),
 ('84', 'Asset', '1', '0', '2016-07-19 14:40:09', '2016-07-19 14:40:09', '2724f94b-0627-42b1-9d73-9e668ddfb805'),
 ('85', 'Asset', '1', '0', '2016-07-19 14:40:09', '2016-07-19 14:40:09', '9f13ac2a-d4b5-49cd-8334-3cffd16fea5b'),
 ('86', 'Asset', '1', '0', '2016-07-19 14:40:09', '2016-07-19 14:40:09', '0c769bac-eafd-48f2-8e42-eb53955b3e7f'),
 ('87', 'Asset', '1', '0', '2016-07-19 14:40:10', '2016-07-19 14:40:10', 'a9008116-e7c9-43c7-bb6a-def75ded8802'),
 ('88', 'Asset', '1', '0', '2016-07-19 14:40:10', '2016-07-19 14:40:10', 'fb270c37-36ff-4b53-b0b0-390aebe0316f'),
 ('89', 'Asset', '1', '0', '2016-07-19 14:40:10', '2016-07-19 14:40:10', '0abd6c03-673f-4025-ac70-9cbb865a42a8'),
 ('90', 'Asset', '1', '0', '2016-07-19 14:40:10', '2016-07-19 14:40:10', '192f4c16-d5fa-4d48-aca9-3fa8ece6eb03'),
 ('91', 'Asset', '1', '0', '2016-07-19 14:40:11', '2016-07-19 14:40:11', '366b654a-4bed-4fbc-9e1f-a5046ad31af6'),
 ('92', 'Asset', '1', '0', '2016-07-19 14:40:11', '2016-07-19 14:40:11', 'd20ae2f7-269b-4b98-aeb0-cc20f0acd5e4'),
 ('93', 'Asset', '1', '0', '2016-07-19 14:40:11', '2016-07-19 14:40:11', 'cb9bf66e-d07c-4d5f-abda-31f58526cc20'),
 ('94', 'Asset', '1', '0', '2016-07-19 14:40:12', '2016-07-19 14:40:12', '10a38ee1-c133-4648-806f-0b850d7cde17'),
 ('95', 'Asset', '1', '0', '2016-07-19 14:40:12', '2016-07-19 14:40:12', 'e26c71ca-1a5a-447c-92dd-e03128ccbb07'),
 ('96', 'Asset', '1', '0', '2016-07-19 14:40:12', '2016-07-19 14:40:12', '0cbd9270-1619-4eb6-a3d5-655f715c5647'),
 ('97', 'Asset', '1', '0', '2016-07-19 14:40:12', '2016-07-19 14:40:12', 'df645049-7ad1-483e-bb24-a69308a5d3eb'),
 ('98', 'Entry', '1', '0', '2016-07-19 14:43:50', '2016-07-19 14:58:45', '53da2d72-c277-4f3a-98a1-4bd63f1fd29a'),
 ('99', 'MatrixBlock', '1', '0', '2016-07-19 14:43:50', '2016-07-19 14:58:45', '0bbf5e41-9591-469e-b265-58d6e6de138b'),
 ('100', 'Entry', '1', '0', '2016-07-19 14:43:50', '2016-07-20 14:53:12', '7bb670fe-4b3c-4b2c-acfc-1e01fec7f709'),
 ('101', 'MatrixBlock', '1', '0', '2016-07-19 14:43:50', '2016-07-20 14:53:13', '6e0eb9b2-0a2a-4e5e-bb94-aa7c982ad6ea'),
 ('102', 'Entry', '1', '0', '2016-07-19 14:50:28', '2016-07-20 17:09:10', '0d878829-564f-41e0-a239-2ee9387dbe49'),
 ('103', 'MatrixBlock', '1', '0', '2016-07-19 14:50:28', '2016-07-20 17:09:10', 'a2140fcc-a564-4916-912e-9d6f4a676d71'),
 ('104', 'Entry', '1', '0', '2016-07-19 14:56:05', '2016-07-19 14:56:05', '5b9f2d24-5ec2-4df8-bcd2-184ad076c126'),
 ('105', 'MatrixBlock', '1', '0', '2016-07-19 14:56:05', '2016-07-19 14:56:05', 'fbc020b5-6963-453b-b38f-9b99f4ce7faa'),
 ('106', 'Entry', '1', '0', '2016-07-19 15:00:33', '2016-07-20 18:49:22', '07cb95f5-0d9e-4443-bf9b-abf1d1cd9155'),
 ('107', 'MatrixBlock', '1', '0', '2016-07-19 15:02:25', '2016-07-20 18:49:22', '4570479f-90a5-479d-8fdc-b626031d425a'),
 ('108', 'Entry', '1', '0', '2016-07-19 19:44:21', '2016-08-02 15:00:35', '86a9f9c5-68d0-4cdf-bbc9-cbcfaabb54f2');
INSERT INTO `craft_elements` (`id`, `type`, `enabled`, `archived`, `dateCreated`, `dateUpdated`, `uid`) VALUES
 ('110', 'Category', '1', '0', '2016-07-19 20:27:44', '2016-07-19 20:27:44', '6eadec7b-9de1-4daa-b388-b4f89286c2b3'),
 ('111', 'Category', '1', '0', '2016-07-19 20:27:57', '2016-07-19 20:27:57', 'e696dbac-e8a7-47e4-a728-be80de8d24f1'),
 ('112', 'Category', '1', '0', '2016-07-19 20:28:08', '2016-07-19 20:28:08', '5df6cbdc-5add-4be0-af86-fcc1f2cc0a59'),
 ('113', 'Category', '1', '0', '2016-07-19 20:28:23', '2016-07-19 20:28:23', 'ed13aa79-89e5-4c30-a860-3bacc93f21ad'),
 ('114', 'Entry', '1', '0', '2016-07-19 20:46:47', '2016-07-19 21:13:31', '959899d9-6712-4840-ae43-41c4df221893'),
 ('115', 'Entry', '1', '0', '2016-07-19 21:15:56', '2016-07-19 21:15:56', '37e4bdc3-ec95-437f-89da-ce70654caa52'),
 ('116', 'Entry', '1', '0', '2016-07-19 21:18:11', '2016-07-19 21:18:11', 'e191b390-1160-4be0-8008-2d0046de3b43'),
 ('117', 'Entry', '1', '0', '2016-07-19 21:19:46', '2016-07-19 21:22:49', '76d6966c-1bba-4cc6-9866-84234108ab6c'),
 ('118', 'Entry', '1', '0', '2016-07-19 21:22:38', '2016-07-19 21:24:55', 'd397dea5-ade9-4e4e-8119-66511da19beb'),
 ('119', 'Category', '1', '0', '2016-07-19 21:24:14', '2016-07-19 21:24:14', 'cd238ac8-47e0-4929-994e-8bf10888f5a3'),
 ('120', 'Asset', '1', '0', '2016-07-20 15:45:36', '2016-07-20 15:45:36', 'a1eb81ff-a0c8-4cc7-a0f2-95689c154641'),
 ('121', 'Entry', '1', '0', '2016-07-20 15:45:41', '2016-07-20 19:22:57', 'c7ffa395-38b5-4730-abef-7086b6b719cd'),
 ('122', 'Asset', '1', '0', '2016-07-20 16:19:19', '2016-07-20 16:19:19', '563cf8db-9c27-4d1d-a4e5-0b26db4c380e'),
 ('123', 'Entry', '1', '0', '2016-07-20 16:19:23', '2016-07-20 19:22:57', 'cef463cf-bc83-4416-8450-2ea7d6038d64'),
 ('124', 'Asset', '1', '0', '2016-07-20 16:20:16', '2016-07-20 16:20:16', 'f6343283-146f-4b02-835d-9025fd095c5c'),
 ('125', 'Entry', '1', '0', '2016-07-20 16:21:46', '2016-07-20 19:22:57', '50758d12-8434-4c06-9b67-e145ad116f9e'),
 ('126', 'Asset', '1', '0', '2016-07-20 16:24:26', '2016-07-20 16:24:26', '97a8cddb-198d-4be2-bc29-eced323e45ac'),
 ('127', 'Entry', '1', '0', '2016-07-20 16:24:29', '2016-07-20 19:22:57', '3cf53ee3-9d24-4636-97c7-46a97b677b45'),
 ('128', 'Asset', '1', '0', '2016-07-20 16:36:15', '2016-07-20 16:36:15', '78905d69-96a3-435d-af49-487d7f5bdf84'),
 ('129', 'Entry', '1', '0', '2016-07-20 16:36:18', '2016-07-20 19:22:58', '17844b78-6607-4364-ad0e-aa51e486ec42'),
 ('130', 'Entry', '1', '0', '2016-07-20 16:47:11', '2016-07-20 19:22:58', '03b1bd4f-6066-454f-b417-b37b18a29007'),
 ('131', 'Entry', '1', '0', '2016-07-20 16:48:24', '2016-07-26 19:08:24', '1b6b49b4-dc55-4523-8674-8135dca09dc6'),
 ('132', 'Category', '1', '0', '2016-07-20 18:53:39', '2016-07-20 18:53:39', 'a0f3338d-6dc4-44cc-942d-ccd6841a5602'),
 ('133', 'Entry', '1', '0', '2016-07-20 19:01:05', '2016-07-20 19:01:05', '2660bc9f-96e3-42c4-b0cd-1d10f53b28a9'),
 ('134', 'MatrixBlock', '1', '0', '2016-07-20 19:01:05', '2016-07-20 19:01:05', 'c48dada5-a7af-4198-ba98-08925528dbc9'),
 ('135', 'Entry', '1', '0', '2016-07-20 19:04:39', '2016-07-20 19:04:39', 'a377c623-199d-4961-841c-cdd5b4bce5cf'),
 ('136', 'MatrixBlock', '1', '0', '2016-07-20 19:04:40', '2016-07-20 19:04:40', '3efd2cec-ff49-4265-8be0-bd2d8ed3611f'),
 ('137', 'Entry', '1', '0', '2016-07-20 19:06:53', '2016-07-20 19:18:42', 'c750ae9c-bf7b-481a-a851-b78ce9e41768'),
 ('138', 'Entry', '1', '0', '2016-07-20 19:17:48', '2016-07-20 19:17:48', 'a2d0077a-29ec-43ee-9795-e6271622ee96'),
 ('139', 'MatrixBlock', '1', '0', '2016-07-20 19:17:48', '2016-07-20 19:17:48', 'abf3df62-8502-46ac-99cc-730e0ea228f7'),
 ('140', 'Asset', '1', '0', '2016-07-20 19:25:58', '2016-07-20 19:25:58', '81564e6e-2425-4bef-b69b-43d2d7b5b80e'),
 ('141', 'MatrixBlock', '1', '0', '2016-07-25 19:07:14', '2016-07-25 19:49:32', '1580cdbe-7041-4778-a832-1083d658a26d'),
 ('142', 'MatrixBlock', '1', '0', '2016-07-25 19:10:51', '2016-07-25 20:09:55', '9bb2e3c1-1cd2-46bf-9a7b-0545cc2d5efb'),
 ('144', 'MatrixBlock', '1', '0', '2016-07-25 19:22:05', '2016-07-25 20:09:55', '6e4342c9-88a1-4e5e-8998-0c615247cbe8'),
 ('145', 'MatrixBlock', '1', '0', '2016-07-25 19:31:00', '2016-07-25 20:09:55', '3ce9d883-f725-426c-8afb-e91d1c81e238'),
 ('146', 'MatrixBlock', '1', '0', '2016-07-25 19:33:12', '2016-07-25 19:49:32', 'f4949e7f-2255-465d-b352-3d1dcc3bd6f9'),
 ('147', 'MatrixBlock', '1', '0', '2016-07-25 19:49:32', '2016-07-25 19:49:32', '57714a63-8bba-47c7-9a42-f61a35bbc3eb'),
 ('148', 'Entry', '1', '0', '2016-07-26 14:10:08', '2016-07-26 14:24:21', 'cf036c2e-9c48-4a2b-bf0f-59b7a1204c12'),
 ('149', 'MatrixBlock', '1', '0', '2016-07-26 14:16:20', '2016-07-26 14:24:21', '6b2636e6-eb36-4bfa-831d-00b47a1c6942'),
 ('150', 'Entry', '1', '0', '2016-07-26 18:26:12', '2016-08-02 14:39:55', '482e7289-0abf-4254-81e9-49ceb6614045'),
 ('151', 'Entry', '1', '0', '2016-07-26 19:48:28', '2016-08-02 15:15:31', 'f5f07b2c-62d9-42d3-86d1-7fda27fa0d82'),
 ('152', 'Charge', '1', '0', '2016-07-26 20:39:51', '2016-07-26 20:39:51', '342a6d3d-1bfc-438b-b2b1-ba4d6b4aab24'),
 ('153', 'Charge_Payment', '1', '0', '2016-07-26 20:39:52', '2016-07-26 20:39:52', '0864a4d9-8a1d-4c66-9be0-88fdb7a7ea10'),
 ('154', 'Charge', '1', '0', '2016-07-26 20:48:15', '2016-07-26 20:48:15', '5ed783e4-ff75-4758-a754-59c3a5f6e247'),
 ('155', 'Charge_Payment', '1', '0', '2016-07-26 20:48:15', '2016-07-26 20:48:15', '4e04b1e8-867a-4dbc-8c55-5241a8abfdd7'),
 ('156', 'Charge', '1', '0', '2016-07-26 20:48:50', '2016-07-26 20:48:50', 'd9820e3a-2dcb-49f2-afa3-947aac54fa68'),
 ('157', 'Charge_Payment', '1', '0', '2016-07-26 20:48:50', '2016-07-26 20:48:50', 'efb19c68-a75c-4253-ac83-598b859a2e2b'),
 ('158', 'Charge', '1', '0', '2016-07-26 20:51:39', '2016-07-26 20:51:39', 'ac8c289c-5bdb-48b9-bd30-8eea3218180a'),
 ('159', 'Charge_Payment', '1', '0', '2016-07-26 20:51:39', '2016-07-26 20:51:39', 'a5b51cc2-a875-4ef3-b11a-a9f73dc77687'),
 ('160', 'Charge', '1', '0', '2016-07-26 20:53:46', '2016-07-26 20:53:46', '014affbe-777d-453c-932d-b538077ce3c2'),
 ('161', 'Charge_Payment', '1', '0', '2016-07-26 20:53:46', '2016-07-26 20:53:46', 'd81179cb-3402-43d7-900b-e4139fa1e574'),
 ('162', 'Charge', '1', '0', '2016-07-26 21:31:38', '2016-07-26 21:31:38', '562bd5b2-bd1d-4d07-8d9d-f07e38fd6301'),
 ('163', 'Charge_Payment', '1', '0', '2016-07-26 21:31:38', '2016-07-26 21:31:38', '93069aec-068d-461b-bc31-c5f0b495b93c'),
 ('164', 'Charge', '1', '0', '2016-07-26 21:33:30', '2016-07-26 21:33:30', 'e4b9b0b1-37d4-4c07-8599-77e1ef65de5f'),
 ('165', 'Charge_Payment', '1', '0', '2016-07-26 21:33:30', '2016-07-26 21:33:30', '62d42f05-4abb-496e-ad4a-0bab67f9a0be'),
 ('166', 'Charge', '1', '0', '2016-07-26 21:38:45', '2016-07-26 21:38:45', 'bf5f9505-1b1c-40da-851b-7b1a81eae25e'),
 ('167', 'Charge_Payment', '1', '0', '2016-07-26 21:38:45', '2016-07-26 21:38:45', '7e22f051-af4a-4bba-8669-9a4452668e10'),
 ('168', 'Charge', '1', '0', '2016-07-26 21:54:16', '2016-07-26 21:54:16', '706cb1dd-2de2-423d-a81a-288ce33199a2'),
 ('169', 'Charge_Payment', '1', '0', '2016-07-26 21:54:16', '2016-07-26 21:54:16', 'd600ed29-67a4-4888-be41-c5e4e00fd1ea'),
 ('170', 'Charge', '1', '0', '2016-07-26 21:57:36', '2016-07-26 21:57:36', 'cb160230-7f69-4503-b594-8148ee9e9e53'),
 ('171', 'Charge_Payment', '1', '0', '2016-07-26 21:57:36', '2016-07-26 21:57:36', '8492cd42-df21-47cc-9505-9347d1750a68'),
 ('173', 'Charge_Payment', '1', '0', '2016-07-26 21:59:15', '2016-07-26 21:59:15', '85e9d253-42d9-4c13-9bd3-89747ae6e577'),
 ('174', 'Charge', '1', '0', '2016-07-27 14:56:18', '2016-07-27 14:56:18', '2b522c1a-43e6-48bb-8455-4e203040309d'),
 ('175', 'Charge_Payment', '1', '0', '2016-07-27 14:56:18', '2016-07-27 14:56:18', 'b52893a4-2781-4d5a-825e-53cda99a89b4'),
 ('176', 'Charge', '1', '0', '2016-07-27 15:15:12', '2016-07-27 15:15:12', 'a783d00e-a800-41b2-8cb8-0ab64b0ca5e2'),
 ('177', 'Charge_Payment', '1', '0', '2016-07-27 15:15:12', '2016-07-27 15:15:12', '5b444b91-d978-4862-bd80-ea8a821b8a5d'),
 ('178', 'Charge', '1', '0', '2016-07-27 15:16:09', '2016-07-27 15:16:09', '6c427875-80c0-4cca-aa48-36df831d35f9'),
 ('179', 'Charge_Payment', '1', '0', '2016-07-27 15:16:09', '2016-07-27 15:16:09', '545b5bba-7850-4ecf-ad1d-ff157da32ddd'),
 ('180', 'Charge', '1', '0', '2016-07-27 15:20:32', '2016-07-27 15:20:32', '8a843048-1dc1-4355-9996-84f61ee6a23f'),
 ('181', 'Charge_Payment', '1', '0', '2016-07-27 15:20:32', '2016-07-27 15:20:32', 'c6f5e9e4-3190-4541-8e71-91931bbde765'),
 ('182', 'Charge', '1', '0', '2016-07-27 17:09:50', '2016-07-27 17:09:50', 'a6851479-ff89-44d5-9e0f-32f99792fb08'),
 ('183', 'Charge_Payment', '1', '0', '2016-07-27 17:09:50', '2016-07-27 17:09:50', '32d87e7e-983c-42f1-8259-1f5db858a9b0'),
 ('184', 'Charge', '1', '0', '2016-07-27 17:23:01', '2016-07-27 17:23:01', '8974e681-11b1-4d30-97e3-1b6f8b7f80af'),
 ('185', 'Charge_Payment', '1', '0', '2016-07-27 17:23:01', '2016-07-27 17:23:01', 'cdaf4b59-67c4-4eab-8811-25acda81724a'),
 ('186', 'Charge', '1', '0', '2016-07-27 18:54:34', '2016-07-27 18:54:34', '00a79ebb-edbe-4dae-834e-ea5a4f64067e'),
 ('187', 'Charge_Payment', '1', '0', '2016-07-27 18:54:34', '2016-07-27 18:54:34', '05af4879-a408-4df0-bd4d-44e5038afb9f'),
 ('188', 'Charge', '1', '0', '2016-07-27 20:18:39', '2016-07-27 20:18:39', 'bc385dc2-cca7-4834-ade0-91e5af4e8c0b'),
 ('189', 'Charge_Payment', '1', '0', '2016-07-27 20:18:39', '2016-07-27 20:18:39', '955a2211-b498-4a9a-bf28-2fdf0c7dfcdd'),
 ('190', 'Charge', '1', '0', '2016-07-27 20:22:36', '2016-07-27 20:22:36', '4275f803-4a21-42a5-ab31-7757c60bcc4a'),
 ('191', 'Charge_Payment', '1', '0', '2016-07-27 20:22:36', '2016-07-27 20:22:36', '1c7fdd17-c946-46cb-88a9-cf9f92706c00'),
 ('192', 'Charge', '1', '0', '2016-07-27 20:26:52', '2016-07-27 20:26:52', '7f7fc021-e1c3-41aa-95d7-1b2723a2a757'),
 ('193', 'Charge_Payment', '1', '0', '2016-07-27 20:26:53', '2016-07-27 20:26:53', '79bf0b36-2657-43b9-861f-d9970311409d'),
 ('194', 'Charge', '1', '0', '2016-07-27 20:30:07', '2016-07-27 20:30:07', '536756dd-90b6-4f49-a1d2-97982bca0ab1'),
 ('195', 'Charge_Payment', '1', '0', '2016-07-27 20:30:07', '2016-07-27 20:30:07', 'a5d7c156-929e-4841-9b62-0dd88e3cb780'),
 ('196', 'Charge', '1', '0', '2016-07-27 20:31:34', '2016-07-27 20:31:34', '5904ca4b-92e1-4177-b0a9-2b3babd53c64'),
 ('197', 'Charge_Payment', '1', '0', '2016-07-27 20:31:34', '2016-07-27 20:31:34', '838d90c1-0136-41c5-868c-40b1bf5dc7d5'),
 ('198', 'Charge', '1', '0', '2016-07-27 20:32:02', '2016-07-27 20:32:02', 'f9c372ef-2281-4a39-9cd1-cd3c1a95cd36'),
 ('199', 'Charge_Payment', '1', '0', '2016-07-27 20:32:02', '2016-07-27 20:32:02', 'c650aa7d-b9ab-4409-8c87-a24c8ab5af29'),
 ('200', 'Charge', '1', '0', '2016-07-27 20:32:50', '2016-07-27 20:32:50', 'faf9d910-5a95-4fd2-b059-3e0d74e74ebd'),
 ('201', 'Charge_Payment', '1', '0', '2016-07-27 20:32:50', '2016-07-27 20:32:50', '0e45392f-057c-4871-9b99-594ee12d58f8'),
 ('202', 'Charge', '1', '0', '2016-07-27 20:33:51', '2016-07-27 20:33:51', '0fce1548-c056-4ac3-939c-d98fe9a9194e'),
 ('203', 'Charge_Payment', '1', '0', '2016-07-27 20:33:51', '2016-07-27 20:33:51', '243c6efb-be92-4b17-a3bc-fea05ae742a1'),
 ('204', 'Charge', '1', '0', '2016-07-27 20:38:45', '2016-07-27 20:38:45', '7c67ed5b-35e0-4ece-b4bb-58d6994f8d11'),
 ('205', 'Charge_Payment', '1', '0', '2016-07-27 20:38:46', '2016-07-27 20:38:46', 'cf4e34dd-72ac-4f49-9f16-1607066ccb04'),
 ('206', 'Charge', '1', '0', '2016-07-27 20:48:39', '2016-07-27 20:48:39', '74245e4f-5fc7-4c78-b309-824fceb5d896'),
 ('207', 'Charge_Payment', '1', '0', '2016-07-27 20:48:39', '2016-07-27 20:48:39', 'ad66e18f-b77c-4de8-be7d-0001147c8dec'),
 ('208', 'Charge', '1', '0', '2016-07-27 20:49:15', '2016-07-27 20:49:15', '8a9c29bb-8cad-46a8-99fb-9ee85189db8d'),
 ('209', 'Charge_Payment', '1', '0', '2016-07-27 20:49:15', '2016-07-27 20:49:15', '1b433541-9741-4bdf-9756-887fe55737b7'),
 ('210', 'Charge', '1', '0', '2016-07-27 20:50:17', '2016-07-27 20:50:17', 'd4531f08-3959-44a6-a8b8-dab29fd4aa8a'),
 ('211', 'Charge_Payment', '1', '0', '2016-07-27 20:50:17', '2016-07-27 20:50:17', 'b5c2d69e-22ac-4654-b698-1897933809af');
INSERT INTO `craft_elements` (`id`, `type`, `enabled`, `archived`, `dateCreated`, `dateUpdated`, `uid`) VALUES
 ('212', 'Charge', '1', '0', '2016-07-27 20:53:05', '2016-07-27 20:53:05', '00cb9e9c-d43a-4150-aecb-09381f9efc21'),
 ('213', 'Charge_Payment', '1', '0', '2016-07-27 20:53:05', '2016-07-27 20:53:05', '3cc03a62-683c-4229-8c13-2328bca45223'),
 ('214', 'Charge', '1', '0', '2016-07-27 20:54:28', '2016-07-27 20:54:28', '3b11fa84-d740-4470-9172-20f48942c4e5'),
 ('215', 'Charge_Payment', '1', '0', '2016-07-27 20:54:28', '2016-07-27 20:54:28', '55f2338c-8b58-480c-8c25-5ffc1206985d'),
 ('216', 'Charge', '1', '0', '2016-07-27 20:55:15', '2016-07-27 20:55:15', '9b261121-62ef-4c86-aeaf-b7d1e00339f7'),
 ('217', 'Charge_Payment', '1', '0', '2016-07-27 20:55:15', '2016-07-27 20:55:15', '19321bcf-1f5a-40d5-afab-0c25ea428898'),
 ('218', 'Charge', '1', '0', '2016-07-27 20:56:17', '2016-07-27 20:56:17', '23e0aee1-0ed7-49fc-bce6-8f4d6ea6bda0'),
 ('219', 'Charge_Payment', '1', '0', '2016-07-27 20:56:17', '2016-07-27 20:56:17', 'a71669ad-6825-40c8-aaf1-077bc620925c'),
 ('220', 'Charge', '1', '0', '2016-07-27 20:58:55', '2016-07-27 20:58:55', '95e09002-2cf2-4c52-9253-e06999fd73c2'),
 ('221', 'Charge_Payment', '1', '0', '2016-07-27 20:58:55', '2016-07-27 20:58:55', '8daed118-37e2-44f0-9b07-fc8ae6c571e4'),
 ('222', 'Charge', '1', '0', '2016-07-27 21:00:14', '2016-07-27 21:00:14', '6d956fb8-919a-409a-860d-f55d44664d31'),
 ('223', 'Charge_Payment', '1', '0', '2016-07-27 21:00:14', '2016-07-27 21:00:14', '25dd9c55-fd4a-4705-ba6d-658e4712fb9a'),
 ('224', 'Charge', '1', '0', '2016-07-27 21:01:55', '2016-07-27 21:01:55', 'e31dc784-a8ce-4670-b90c-ad1c26d21e34'),
 ('225', 'Charge_Payment', '1', '0', '2016-07-27 21:01:55', '2016-07-27 21:01:55', '7016ffdd-ea4b-48ab-b949-74976cfd494a'),
 ('226', 'Charge', '1', '0', '2016-07-27 21:02:28', '2016-07-27 21:02:28', '6ce3524e-84e7-416e-ba0a-1910b00cc84d'),
 ('227', 'Charge_Payment', '1', '0', '2016-07-27 21:02:28', '2016-07-27 21:02:28', '2462745a-a0ae-4073-bc9c-fdcab9e9fcd5'),
 ('228', 'Charge', '1', '0', '2016-07-27 21:05:05', '2016-07-27 21:05:05', 'd616d350-40d8-42bf-b619-ab12c22e86ec'),
 ('229', 'Charge_Payment', '1', '0', '2016-07-27 21:05:05', '2016-07-27 21:05:05', '9654400c-7aa9-4fc6-b0b6-b2be225d6d33'),
 ('230', 'Charge', '1', '0', '2016-07-27 21:06:37', '2016-07-27 21:06:37', 'ecfe434c-5d22-472f-bee0-37e2ea7b5033'),
 ('231', 'Charge_Payment', '1', '0', '2016-07-27 21:06:37', '2016-07-27 21:06:37', '3694f107-9b3e-47ff-ad8d-f0789967fa39'),
 ('232', 'Charge', '1', '0', '2016-07-27 21:10:12', '2016-07-27 21:10:12', '8ee4c12e-c356-42b3-8a8e-a8ae2bdf09d8'),
 ('233', 'Charge_Payment', '1', '0', '2016-07-27 21:10:12', '2016-07-27 21:10:12', '8270c23b-af0f-4742-8d37-c2f7cdad5719'),
 ('234', 'Charge', '1', '0', '2016-07-27 21:17:46', '2016-07-27 21:17:46', '20aeb8ef-665c-4c8d-9969-a924b00d98c8'),
 ('235', 'Charge_Payment', '1', '0', '2016-07-27 21:17:46', '2016-07-27 21:17:46', '9217cbb6-8ca2-4654-a941-beea12edc00a'),
 ('236', 'Charge', '1', '0', '2016-07-27 21:22:50', '2016-07-27 21:22:50', '664af0f1-b1ad-48c7-ac96-919132fbee63'),
 ('237', 'Charge_Payment', '1', '0', '2016-07-27 21:22:51', '2016-07-27 21:22:51', 'b5da64dd-456f-4590-9d24-9802f8491e97'),
 ('238', 'Charge', '1', '0', '2016-07-27 21:25:33', '2016-07-27 21:25:33', 'cb45d07c-d80d-4fad-97b9-f47320fea299'),
 ('239', 'Charge_Payment', '1', '0', '2016-07-27 21:25:33', '2016-07-27 21:25:33', '33c16db3-1294-4874-872b-dd131df62de8'),
 ('240', 'Charge', '1', '0', '2016-07-27 21:27:16', '2016-07-27 21:27:16', 'eeae98aa-c4a0-4e5b-8462-48cc61ee419c'),
 ('241', 'Charge_Payment', '1', '0', '2016-07-27 21:27:16', '2016-07-27 21:27:16', 'e93402e5-e365-4452-98d5-e69831f6c2e0'),
 ('242', 'Charge', '1', '0', '2016-07-27 21:27:51', '2016-07-27 21:27:51', 'cc3e1969-d60f-47ef-82ba-451a20d1a4e5'),
 ('243', 'Charge_Payment', '1', '0', '2016-07-27 21:27:51', '2016-07-27 21:27:51', 'e7b77770-b632-4544-b5c8-df611e99ea80'),
 ('244', 'Charge', '1', '0', '2016-08-02 15:21:45', '2016-08-02 15:21:45', 'b4425223-1c10-42f8-beb8-9b9025d27f80'),
 ('245', 'Charge_Payment', '1', '0', '2016-08-02 15:21:45', '2016-08-02 15:21:45', '90fc2264-22ec-4599-8068-dce1cd1d4021'),
 ('246', 'Charge', '1', '0', '2016-08-02 15:24:06', '2016-08-02 15:24:06', '055c3a7e-59c3-4ef2-8fef-da73d2370736'),
 ('247', 'Charge_Payment', '1', '0', '2016-08-02 15:24:06', '2016-08-02 15:24:06', '69a5b75c-b0df-4bdf-8e15-941c350850ab'),
 ('248', 'Charge', '1', '0', '2016-08-02 15:27:18', '2016-08-02 15:27:18', '13342971-ec5d-47f1-8d64-3a4c069c00bc'),
 ('249', 'Charge_Payment', '1', '0', '2016-08-02 15:27:18', '2016-08-02 15:27:18', '32b1f776-e1f5-4b83-9061-d4a79eb10e13'),
 ('250', 'Charge', '1', '0', '2016-08-03 15:02:55', '2016-08-03 15:02:55', '1473c85f-dcd2-4c85-bd96-61c32b8ee67d'),
 ('251', 'Charge_Payment', '1', '0', '2016-08-03 15:02:55', '2016-08-03 15:02:55', '07f7cdf7-2035-4299-9e47-b38bfe26f589'),
 ('252', 'Charge', '1', '0', '2016-08-03 15:05:46', '2016-08-03 15:05:46', '732559e3-52d3-4370-b16b-3930f86115a2'),
 ('253', 'Charge_Payment', '1', '0', '2016-08-03 15:05:46', '2016-08-03 15:05:46', '32e7df9d-685f-4c48-92e1-c0839e627891'),
 ('254', 'Charge', '1', '0', '2016-08-03 15:06:26', '2016-08-03 15:06:26', '443457f9-bd97-457e-8127-ddd834ad0133'),
 ('255', 'Charge_Payment', '1', '0', '2016-08-03 15:06:26', '2016-08-03 15:06:26', '3894ec9a-54af-4de5-af29-aa6801b01618'),
 ('256', 'Charge', '1', '0', '2016-08-03 15:21:07', '2016-08-03 15:21:07', '951d2a5a-c9d5-4f04-a09d-f45afc902ff5'),
 ('257', 'Charge_Payment', '1', '0', '2016-08-03 15:21:08', '2016-08-03 15:21:08', '26a51f93-6284-4f77-9e3b-53fc53129bcf'),
 ('258', 'Charge', '1', '0', '2016-08-03 15:40:58', '2016-08-03 15:40:58', '4eb6aec7-e348-4835-9add-6194d8585918'),
 ('259', 'Charge_Payment', '1', '0', '2016-08-03 15:40:58', '2016-08-03 15:40:58', '014edb06-a8ea-4206-a2da-93b6c7508e51'),
 ('260', 'Charge', '1', '0', '2016-08-03 15:45:06', '2016-08-03 15:45:06', 'b5311c36-30cb-4c5d-87d0-e7c0ba046bf7'),
 ('261', 'Charge_Payment', '1', '0', '2016-08-03 15:45:06', '2016-08-03 15:45:06', '32b2c294-c2b7-47ea-925c-24a636e213b6'),
 ('262', 'Charge', '1', '0', '2016-08-03 15:54:50', '2016-08-03 15:54:50', 'e0ab47bf-b4cb-42a4-ae85-4017f2ea5f00'),
 ('263', 'Charge_Payment', '1', '0', '2016-08-03 15:54:50', '2016-08-03 15:54:50', '7a70c799-0be3-44b8-9a89-43c9fa2d2401'),
 ('264', 'Charge', '1', '0', '2016-08-03 15:56:56', '2016-08-03 15:56:56', 'deb0384e-dbb7-404d-aa4b-ebea3a9c4679'),
 ('265', 'Charge_Payment', '1', '0', '2016-08-03 15:56:56', '2016-08-03 15:56:56', 'cd6f21ce-5efc-426c-8413-2e35a87f9a85'),
 ('266', 'Charge', '1', '0', '2016-08-03 16:20:25', '2016-08-03 16:20:25', 'c33307d2-8d96-4c2c-a3bd-1905f0fb90ed'),
 ('267', 'Charge_Payment', '1', '0', '2016-08-03 16:20:25', '2016-08-03 16:20:25', '6b3c6945-f065-4c6d-a108-688ebe5bab04'),
 ('268', 'Charge', '1', '0', '2016-08-03 16:22:08', '2016-08-03 16:22:08', '1d45890b-2462-48a8-95b8-b848ed877fdd'),
 ('269', 'Charge_Payment', '1', '0', '2016-08-03 16:22:08', '2016-08-03 16:22:08', 'c1ed683e-dcef-4e37-b3b1-ce2ccb8c4cfd');



DROP TABLE IF EXISTS `craft_elements_i18n`;


--
-- Schema for table `craft_elements_i18n`
--
CREATE TABLE `craft_elements_i18n` (
  `id` int(11) NOT NULL AUTO_INCREMENT,
  `elementId` int(11) NOT NULL,
  `locale` char(12) COLLATE utf8_unicode_ci NOT NULL,
  `slug` varchar(255) COLLATE utf8_unicode_ci DEFAULT NULL,
  `uri` varchar(255) COLLATE utf8_unicode_ci DEFAULT NULL,
  `enabled` tinyint(1) unsigned NOT NULL DEFAULT '1',
  `dateCreated` datetime NOT NULL,
  `dateUpdated` datetime NOT NULL,
  `uid` char(36) COLLATE utf8_unicode_ci NOT NULL DEFAULT '0',
  PRIMARY KEY (`id`),
  UNIQUE KEY `craft_elements_i18n_elementId_locale_unq_idx` (`elementId`,`locale`),
  UNIQUE KEY `craft_elements_i18n_uri_locale_unq_idx` (`uri`,`locale`),
  KEY `craft_elements_i18n_slug_locale_idx` (`slug`,`locale`),
  KEY `craft_elements_i18n_enabled_idx` (`enabled`),
  KEY `craft_elements_i18n_locale_fk` (`locale`)
) ENGINE=InnoDB AUTO_INCREMENT=270 DEFAULT CHARSET=utf8 COLLATE=utf8_unicode_ci;

--
-- Data for table `craft_elements_i18n`
--

INSERT INTO `craft_elements_i18n` (`id`, `elementId`, `locale`, `slug`, `uri`, `enabled`, `dateCreated`, `dateUpdated`, `uid`) VALUES
 ('1', '1', 'en_us', '', NULL, '1', '2016-07-11 16:21:52', '2016-07-11 16:21:52', '106f55ed-c2bf-44cc-b296-3d0bab1f38b5'),
 ('2', '2', 'en_us', 'homepage', '__home__', '1', '2016-07-11 16:21:55', '2016-07-11 16:21:55', 'd9d853ab-0281-4654-a101-b9d34ec3a959'),
 ('4', '4', 'en_us', 'blm-7-7-16', NULL, '1', '2016-07-11 16:47:09', '2016-07-11 16:47:09', '1cab431e-f45a-40bb-8234-7b37cf0dce7f'),
 ('5', '5', 'en_us', 'nyc-black-lives-matter-demonstration', 'blogs/nyc-black-lives-matter-demonstration', '1', '2016-07-11 16:48:43', '2016-07-18 19:38:42', '922a850c-f367-4f8b-a832-863aa737bfd6'),
 ('6', '6', 'en_us', 'blm-say-their-names-7-7-16', NULL, '1', '2016-07-11 17:16:48', '2016-07-11 21:27:06', 'b837f42e-769f-4a98-a1ce-82e21c6fdeeb'),
 ('7', '7', 'en_us', '', NULL, '1', '2016-07-11 17:16:59', '2016-07-18 19:38:42', '4f688632-61c3-4b75-8955-66c1a09010da'),
 ('8', '8', 'en_us', '', NULL, '1', '2016-07-11 17:16:59', '2016-07-18 19:38:42', '83eebd38-d142-4c6f-8cd9-3f62510c8446'),
 ('9', '9', 'en_us', '', NULL, '1', '2016-07-11 17:16:59', '2016-07-18 19:38:42', '6e36dff7-08c3-4b66-bc61-4d5121715a0a'),
 ('10', '10', 'en_us', 'national-advocacy', 'blogs/category/national-advocacy', '1', '2016-07-11 18:25:49', '2016-07-18 19:17:03', '31d8b8c2-6c29-4702-829b-b47e1bfca6a5'),
 ('11', '11', 'en_us', 'aids-free-usa-2025-date-graphic', NULL, '1', '2016-07-11 18:33:54', '2016-07-11 18:33:54', '204cc55b-7657-4f9f-9db2-65ca0b32cfa2'),
 ('12', '12', 'en_us', 'hiv-crim-2', NULL, '1', '2016-07-11 19:04:08', '2016-07-11 19:04:08', '2660b148-e170-43d1-b267-2d82ac177f49'),
 ('13', '13', 'en_us', 'national-hiv-aids-policy-priorities', 'blogs/category/national-advocacy/national-hiv-aids-policy-priorities', '1', '2016-07-11 19:04:38', '2016-07-18 19:17:03', 'dff4d9a2-e177-4a75-be68-5fd1d99486c1'),
 ('14', '14', 'en_us', 'international', 'blogs/category/international', '1', '2016-07-11 19:44:53', '2016-07-18 19:17:03', 'ed5e5425-a871-4fc7-b45e-08f4ae2e571a'),
 ('15', '15', 'en_us', 'har10-map-haiti-small', NULL, '1', '2016-07-11 19:45:37', '2016-07-11 19:45:37', '00c350ba-3b2c-4513-be6a-d0c9660e45ca'),
 ('16', '16', 'en_us', 'haiti', 'blogs/category/international/haiti', '1', '2016-07-11 19:45:58', '2016-07-18 19:17:03', '31bd4ea6-cb7e-4ba6-bfc0-e5e06448d7ae'),
 ('17', '17', 'en_us', 'hiv-continuum-nys-red-ribbon-style-august-2014', NULL, '1', '2016-07-11 20:12:37', '2016-07-11 20:12:37', 'b30e4fa9-b754-48f6-b1db-387198064e1c'),
 ('18', '18', 'en_us', 'new-york-city-new-york-state-advocacy', 'blogs/category/new-york-city-new-york-state-advocacy', '1', '2016-07-11 20:12:44', '2016-07-18 19:17:03', '98c9b89b-8b0d-4e52-8dac-26de1c1c554f'),
 ('19', '19', 'en_us', '', NULL, '1', '2016-07-11 20:12:44', '2016-07-11 21:54:15', '1ea4cf27-ea45-4201-8460-ef29ad1f6243'),
 ('20', '20', 'en_us', '', NULL, '1', '2016-07-11 20:12:44', '2016-07-11 21:54:15', '84fa2667-30a5-479b-99f1-39c348daddc6'),
 ('21', '21', 'en_us', 'knowing-your-epidemic', NULL, '1', '2016-07-11 20:14:27', '2016-07-11 20:14:27', 'e7433bbd-b8b5-464c-993c-5fd3224e1937'),
 ('22', '22', 'en_us', 'hiv-testing-and-data-sharing', 'blogs/category/new-york-city-new-york-state-advocacy/hiv-testing-and-data-sharing', '1', '2016-07-11 20:15:04', '2016-07-25 19:49:32', '81713c1f-d3ec-425a-abfb-c16b17358524'),
 ('23', '23', 'en_us', 'advocacy-resources', 'blogs/category/advocacy-resources', '1', '2016-07-11 20:39:21', '2016-07-26 18:40:59', '3155b71a-35ea-4829-9c9c-0d0213f8c1d4'),
 ('25', '25', 'en_us', 'ceo-charles-king-reflects-on-alton-sterling-philando-castile-shootings', 'blogs/ceo-charles-king-reflects-on-alton-sterling-philando-castile-shootings', '1', '2016-07-11 21:28:25', '2016-07-25 20:09:55', 'bfa50e4c-a8df-48bc-870e-a42797470593'),
 ('26', '26', 'en_us', 'truvada', NULL, '1', '2016-07-11 22:04:57', '2016-07-11 22:04:57', 'e2681226-90bf-401a-97ce-ef00584cc6db'),
 ('27', '27', 'en_us', 'biomedical-interventions', 'blogs/category/new-york-city-new-york-state-advocacy/biomedical-interventions', '1', '2016-07-11 22:05:26', '2016-07-18 19:17:03', 'de085d8c-d462-4c27-b19c-a488ddeaebcf'),
 ('28', '28', 'en_us', 'martus-graduates-nov-2013-300x225', NULL, '1', '2016-07-11 22:40:39', '2016-07-11 22:40:39', 'ce6ab6ed-c21d-450a-818c-d4b7d48b01c9'),
 ('30', '30', 'en_us', 'suit-accuses-landlord-of-discriminating-against-tenant-with-aids', NULL, '1', '2016-07-12 15:26:43', '2016-07-18 16:49:56', 'ab78eced-8bd4-45c7-8586-df94f045fadb'),
 ('31', '31', 'en_us', 'thrift-shop', 'press/category/thrift-shop', '1', '2016-07-12 15:53:27', '2016-07-18 21:29:10', 'e6a167fa-9069-4ac3-873b-6e48aa89d0dc'),
 ('32', '32', 'en_us', 'bookstore-cafe', 'press/category/bookstore-cafe', '1', '2016-07-12 15:54:31', '2016-07-18 21:29:10', '8fcc61ad-e9b0-4126-856a-31439e390ef7'),
 ('33', '33', 'en_us', 'advocacy', 'press/category/advocacy', '1', '2016-07-12 15:56:00', '2016-07-18 21:29:10', '7510907d-95c7-4336-ad58-ea52a0bf89db'),
 ('34', '34', 'en_us', 'events', 'press/category/events', '1', '2016-07-12 15:56:26', '2016-07-18 21:29:10', 'd22042bf-e18b-477c-ab0a-f17ed4999832'),
 ('35', '35', 'en_us', 'org-press-pages-f4-a2013-2-glamour-magazine', NULL, '1', '2016-07-12 15:58:08', '2016-07-12 15:58:08', '67777534-2fed-4b26-93fd-e9c7ecc11929'),
 ('37', '37', 'en_us', 'website', NULL, '1', '2016-07-12 16:03:53', '2016-07-12 16:03:53', '914bf021-a793-4808-9b6f-191e29adca43'),
 ('38', '38', 'en_us', 'datingadvice-com', NULL, '1', '2016-07-12 16:04:00', '2016-07-18 16:49:56', 'df89b876-b50b-4a4e-9062-da9c84a581cc'),
 ('39', '39', 'en_us', 'health-care', 'press/category/health-care', '1', '2016-07-12 16:04:59', '2016-07-18 21:29:10', '7088bfad-96cf-4edb-9cdb-cfdb34cb7e6d'),
 ('40', '40', 'en_us', 'fashion-for-action', 'press/category/events/fashion-for-action', '1', '2016-07-12 16:44:27', '2016-07-18 21:29:10', 'eb927aea-97e2-4ce5-adf7-de8062618ef2'),
 ('41', '41', 'en_us', 'glamour-magazine', NULL, '1', '2016-07-12 16:53:28', '2016-07-18 21:27:38', '4d2aea4d-6254-4b85-8710-ba71477f0ac7'),
 ('42', '42', 'en_us', 'design-on-a-dime', 'press/category/events/design-on-a-dime', '1', '2016-07-12 17:05:49', '2016-07-18 21:29:10', 'eee299a9-c3af-48a3-912b-edc140298c0a'),
 ('43', '43', 'en_us', '2-editortv', NULL, '1', '2016-07-12 17:06:40', '2016-07-12 17:06:40', 'b47fc744-4edb-48a8-a5b8-f772644f5680'),
 ('44', '44', 'en_us', 'editor-tv', NULL, '1', '2016-07-12 17:07:09', '2016-07-18 16:49:56', '64c91c18-60af-48c0-9994-3b842e670270'),
 ('45', '45', 'en_us', 'org-press-pages-f4-a2013-5-ny-mag-1', NULL, '1', '2016-07-12 17:09:25', '2016-07-12 17:09:25', '7f815bc0-2cf0-4f31-af6c-8553c00096cc'),
 ('46', '46', 'en_us', 'new-york-magazine', NULL, '1', '2016-07-12 17:09:29', '2016-07-18 16:49:56', 'c28d14dd-d6bc-4e7d-8ec7-e614af332293'),
 ('48', '48', 'en_us', 'housing-is-healthcare', NULL, '1', '2016-07-12 18:52:50', '2016-07-12 18:52:50', '36be5794-bab6-4c39-b8de-ee31576b8b1b'),
 ('49', '49', 'en_us', 'governor-cuomo-announces-state-support-for-expanded-housing-services-for-people-with-hiv', 'press/release/governor-cuomo-announces-state-support-for-expanded-housing-services-for-people-with-hiv', '1', '2016-07-12 18:53:02', '2016-07-26 15:28:37', '924877bf-6ea1-4854-b660-cdcfa476e2ce'),
 ('50', '50', 'en_us', 'unaids-logo', NULL, '1', '2016-07-12 19:06:37', '2016-07-12 19:06:37', 'c353afda-24f7-4e19-9e51-f8dafa92ee1c'),
 ('51', '51', 'en_us', 'side-event-to-the-united-nations-high-level-meeting-on-ending-aids-to-address-exclusion', 'press/release/side-event-to-the-united-nations-high-level-meeting-on-ending-aids-to-address-exclusion', '1', '2016-07-12 19:07:02', '2016-07-26 15:28:37', 'a8a5de39-d511-4722-8293-e9fcc28ed21f'),
 ('52', '52', 'en_us', 'press-page', 'press', '1', '2016-07-12 19:57:50', '2016-07-26 16:07:12', 'cc6a605f-b73a-4b33-b10c-52b765b6c9ba'),
 ('55', '55', 'en_us', 'bookstore-cafe', 'events/category/bookstore-cafe', '1', '2016-07-13 14:29:33', '2016-07-18 17:24:21', 'a6e28494-1f77-4686-8a03-580aeb1bea12'),
 ('56', '56', 'en_us', 'housing-works', 'events/category/housing-works', '1', '2016-07-13 14:31:17', '2016-07-18 17:32:09', '4cd5b58b-1a03-470c-82b4-a37d0c2c2843'),
 ('57', '57', 'en_us', 'advocate', 'events/category/advocate', '1', '2016-07-13 14:31:29', '2016-07-18 17:32:11', '11f77d82-17e7-4c71-bf88-5446baa4a2c8'),
 ('58', '58', 'en_us', 'online-sales', 'events/category/online-sales', '1', '2016-07-13 14:31:39', '2016-07-18 17:24:21', 'ca2b53ab-09d8-4fc4-a2bf-4d0a2d31e9cd'),
 ('59', '59', 'en_us', 'team-housing-works', 'events/category/team-housing-works', '1', '2016-07-13 14:31:55', '2016-07-18 17:24:21', 'ff121ff0-6521-43fc-ad4a-a1f9ce9994a3'),
 ('60', '60', 'en_us', 'membership', 'events/category/membership', '1', '2016-07-13 14:32:05', '2016-07-18 17:24:21', 'e3389c2c-8b60-4748-b668-deda990f0a54'),
 ('61', '61', 'en_us', 'volunteer', 'events/category/volunteer', '1', '2016-07-13 14:32:16', '2016-07-18 17:24:21', 'f434e1d3-3f60-4e76-9115-24cd04b582ce'),
 ('62', '62', 'en_us', 'summer-fiction-sale-all-day-july-11-through-july-18', 'events/summer-fiction-sale-all-day-july-11-through-july-18', '1', '2016-07-13 14:42:02', '2016-07-26 18:42:48', 'bd33b8c5-202c-409e-b82b-d97d216ad029'),
 ('63', '63', 'en_us', 'bks-summer-fiction-sale', NULL, '1', '2016-07-13 15:26:00', '2016-07-13 15:26:00', '4c3a7aa7-4769-439b-8237-dcd203462da0'),
 ('64', '64', 'en_us', 'bks-summer-fiction-sale', NULL, '1', '2016-07-13 15:27:13', '2016-07-13 15:27:13', '6e7943b4-4214-41ec-b119-c702267ad8fb'),
 ('65', '65', 'en_us', 'org-event-ad-storytime', NULL, '1', '2016-07-13 15:32:45', '2016-07-13 15:32:45', 'f1c988d3-e91c-4d8d-ba9a-0a00e77caf34'),
 ('66', '66', 'en_us', 'cancelled-storytime-and-singalong-for-kids', 'events/cancelled-storytime-and-singalong-for-kids', '1', '2016-07-13 15:32:50', '2016-07-26 18:42:39', '8fc3ac13-8df4-440d-80a7-e23bf69920b5'),
 ('68', '68', 'en_us', 'fake-event-2', 'events/fake-event-2', '1', '2016-07-13 16:35:19', '2016-08-02 15:29:43', 'f8d4b0c0-1f72-4502-9319-ccc5527a218a'),
 ('69', '69', 'en_us', 'fake-evet-3', 'events/fake-evet-3', '1', '2016-07-13 16:35:54', '2016-07-26 18:42:29', 'd831d3d1-3b58-49ff-acb0-4ae84b3dd326'),
 ('70', '70', 'en_us', '', NULL, '1', '2016-07-13 18:35:43', '2016-07-13 21:44:00', '77bfaac1-ce16-4b72-adab-e65ec0ed028b'),
 ('71', '71', 'en_us', '', NULL, '1', '2016-07-18 22:37:14', '2016-07-19 22:13:24', '9199cca1-f7c2-4b2c-bc6a-54456050c775'),
 ('72', '72', 'en_us', 'advocacy-offices', 'locations/category/advocacy-offices', '1', '2016-07-19 14:29:13', '2016-07-20 18:54:41', 'be37de36-56be-45d8-bbfe-8e1c53a63acf'),
 ('73', '73', 'en_us', 'services', 'locations/category/services', '1', '2016-07-19 14:29:25', '2016-07-19 14:29:26', 'd43a34a6-ca24-4e4e-94a5-9ec24ae1b8dc'),
 ('74', '74', 'en_us', 'thrift-shops', 'locations/category/thrift-shops', '1', '2016-07-19 14:29:43', '2016-07-19 14:29:44', '3448a4cd-b2ff-4298-86c5-6e0717ff4a1f'),
 ('75', '75', 'en_us', 'bookstore-cafe', 'locations/category/bookstore-cafe', '1', '2016-07-19 14:34:57', '2016-07-19 14:34:58', '84e6716e-ee29-46ea-973c-3ad8844f0092'),
 ('76', '76', 'en_us', '1-train', NULL, '1', '2016-07-19 14:40:07', '2016-07-19 14:40:07', '732fc5b1-ebe9-493b-ad8a-b53d89cd5595'),
 ('77', '77', 'en_us', '2-train', NULL, '1', '2016-07-19 14:40:07', '2016-07-19 14:40:07', 'fffe1d90-0f7b-43d1-ac45-a1fd66ceca26'),
 ('78', '78', 'en_us', '3-train', NULL, '1', '2016-07-19 14:40:07', '2016-07-19 14:40:07', '4e4860bc-b049-4cfc-b687-57aad396e35a'),
 ('79', '79', 'en_us', '4-train', NULL, '1', '2016-07-19 14:40:07', '2016-07-19 14:40:07', '3854eb81-853f-4ebb-a48d-68f23402770a'),
 ('80', '80', 'en_us', '5-train', NULL, '1', '2016-07-19 14:40:08', '2016-07-19 14:40:08', '1616608b-f6ad-414c-bdeb-4ea00f0571c5'),
 ('81', '81', 'en_us', '6-train', NULL, '1', '2016-07-19 14:40:08', '2016-07-19 14:40:08', '855051c0-bdfd-40fc-91f4-cf8b933c8cf6'),
 ('82', '82', 'en_us', '7-train', NULL, '1', '2016-07-19 14:40:08', '2016-07-19 14:40:08', '2589166c-c8ec-463a-b79f-6e0660adc9f0'),
 ('83', '83', 'en_us', 'a-train', NULL, '1', '2016-07-19 14:40:09', '2016-07-19 14:40:09', '6b743824-00ac-4cce-9a6c-22d79ba76282'),
 ('84', '84', 'en_us', 'b-train', NULL, '1', '2016-07-19 14:40:09', '2016-07-19 14:40:09', 'c7bd3601-5d82-4c1a-a685-8decf7abcebe'),
 ('85', '85', 'en_us', 'c-train', NULL, '1', '2016-07-19 14:40:09', '2016-07-19 14:40:09', '007504b9-d7b7-41ed-b0f2-7662b257a1a8'),
 ('86', '86', 'en_us', 'd-train', NULL, '1', '2016-07-19 14:40:09', '2016-07-19 14:40:09', 'be018632-6772-4cf6-84f6-9ccf5f78e9ed'),
 ('87', '87', 'en_us', 'e-train', NULL, '1', '2016-07-19 14:40:10', '2016-07-19 14:40:10', '79e60bf0-fcd7-4109-9c2e-b411997fdf07'),
 ('88', '88', 'en_us', 'f-train', NULL, '1', '2016-07-19 14:40:10', '2016-07-19 14:40:10', 'e9e7748e-8ca1-4393-ba0f-1b1e011971b5'),
 ('89', '89', 'en_us', 'g-train', NULL, '1', '2016-07-19 14:40:10', '2016-07-19 14:40:10', '8e0f3cb6-45a0-48d8-9d01-4e3de595d5eb'),
 ('90', '90', 'en_us', 'j-train', NULL, '1', '2016-07-19 14:40:10', '2016-07-19 14:40:10', '3327559f-1084-4c67-b9dc-1652616f4123'),
 ('91', '91', 'en_us', 'l-train', NULL, '1', '2016-07-19 14:40:11', '2016-07-19 14:40:11', 'aa703d56-a864-46b8-b8d8-0d89349e1be4'),
 ('92', '92', 'en_us', 'm-train', NULL, '1', '2016-07-19 14:40:11', '2016-07-19 14:40:11', 'f28ed7ee-e006-4755-8c89-5a9931a03586'),
 ('93', '93', 'en_us', 'n-train', NULL, '1', '2016-07-19 14:40:11', '2016-07-19 14:40:11', '15d9283e-55eb-4244-8be5-8843fb9711d7'),
 ('94', '94', 'en_us', 'q-train', NULL, '1', '2016-07-19 14:40:12', '2016-07-19 14:40:12', '13076bf8-f412-4d59-bcd8-997fb05de9b4'),
 ('95', '95', 'en_us', 'r-train', NULL, '1', '2016-07-19 14:40:12', '2016-07-19 14:40:12', '1670d45f-4d63-4c3f-b6e1-381b3a07a26d'),
 ('96', '96', 'en_us', 's-train', NULL, '1', '2016-07-19 14:40:12', '2016-07-19 14:40:12', 'a2f360b0-7d7f-42ef-a577-42afdc08a339'),
 ('97', '97', 'en_us', 'z-train', NULL, '1', '2016-07-19 14:40:12', '2016-07-19 14:40:12', '1c6abc66-36c5-44b5-93ba-ce920d5fcabe'),
 ('98', '98', 'en_us', 'aaimaids-action-in-mississippi', 'locations/aaimaids-action-in-mississippi', '1', '2016-07-19 14:43:50', '2016-07-19 14:58:45', 'a6ab7f3c-e4da-4a3d-83d9-355f74477f72'),
 ('99', '99', 'en_us', '', NULL, '1', '2016-07-19 14:43:50', '2016-07-19 14:58:45', '23c4640d-771a-46e9-8a35-3118e4815e80'),
 ('100', '100', 'en_us', 'bookstore-cafe', 'locations/bookstore-cafe', '1', '2016-07-19 14:43:50', '2016-07-20 14:53:13', 'c21f6850-d1d9-4b71-b263-c2a54431bb29'),
 ('101', '101', 'en_us', '', NULL, '1', '2016-07-19 14:43:50', '2016-07-20 14:53:13', 'c3760e76-6681-40dc-a843-c82cbfcb7082'),
 ('102', '102', 'en_us', 'broadway-96th-thrift-shop', 'locations/broadway-96th-thrift-shop', '1', '2016-07-19 14:50:28', '2016-07-20 17:09:10', 'a043e40e-e3f1-488f-9494-6067df93bdcd'),
 ('103', '103', 'en_us', '', NULL, '1', '2016-07-19 14:50:28', '2016-07-20 17:09:10', '7726daa3-0ad2-43d9-b968-036f2d34a0ea'),
 ('104', '104', 'en_us', 'bronx-health-home-care-management', 'locations/bronx-health-home-care-management', '1', '2016-07-19 14:56:05', '2016-07-19 14:56:05', '3dc25de9-3b34-4fb2-819e-2c5f16317f56'),
 ('105', '105', 'en_us', '', NULL, '1', '2016-07-19 14:56:05', '2016-07-19 14:56:05', 'b40382f9-4083-444f-860d-b500a411e3bf'),
 ('106', '106', 'en_us', 'buy-the-bag-shop', 'locations/buy-the-bag-shop', '1', '2016-07-19 15:00:33', '2016-07-20 18:49:22', 'd3c23437-4424-4d2a-9ebe-05d142439d19'),
 ('107', '107', 'en_us', '', NULL, '1', '2016-07-19 15:02:25', '2016-07-20 18:49:22', 'ab388b2f-05de-43b6-a22a-e497f14d9850'),
 ('108', '108', 'en_us', 'career-page', 'career', '1', '2016-07-19 19:44:21', '2016-08-02 15:00:35', '7524f94f-d87b-4027-b8c0-a1f12cff5f00');
INSERT INTO `craft_elements_i18n` (`id`, `elementId`, `locale`, `slug`, `uri`, `enabled`, `dateCreated`, `dateUpdated`, `uid`) VALUES
 ('110', '110', 'en_us', 'employment-social-enterprises', 'career/category/employment-social-enterprises', '1', '2016-07-19 20:27:44', '2016-07-19 20:27:45', 'b33368b7-0d63-4940-8914-5754a0821b14'),
 ('111', '111', 'en_us', 'social-services', 'career/category/social-services', '1', '2016-07-19 20:27:57', '2016-07-19 20:27:58', 'f705d38d-9c05-4f03-a823-7ae9cc78c9fa'),
 ('112', '112', 'en_us', 'advocacy', 'career/category/advocacy', '1', '2016-07-19 20:28:08', '2016-07-19 20:28:09', '99a8df9a-8aea-490d-9c56-d84bf4616729'),
 ('113', '113', 'en_us', 'administrative', 'career/category/administrative', '1', '2016-07-19 20:28:23', '2016-07-19 20:28:24', 'aa74fc63-2e27-43ba-9b33-85f27d1224a2'),
 ('114', '114', 'en_us', 'nurse-care-coordinator-rn', 'career/nurse-care-coordinator-rn', '1', '2016-07-19 20:46:47', '2016-07-19 21:13:31', '476d6157-5ed1-4bfb-9c58-149fb867aad2'),
 ('115', '115', 'en_us', 'sales-associate-full-time-west-village-thrift-shop', 'career/sales-associate-full-time-west-village-thrift-shop', '1', '2016-07-19 21:15:56', '2016-07-19 21:15:56', '1899f8dc-a855-4c4a-9e6e-6212a649d352'),
 ('116', '116', 'en_us', 'nys-community-organizer', 'career/nys-community-organizer', '1', '2016-07-19 21:18:11', '2016-07-19 21:18:11', '699f3fa9-1acd-449d-994d-dcda32a8010f'),
 ('117', '117', 'en_us', 'junior-system-administrator', 'career/junior-system-administrator', '1', '2016-07-19 21:19:46', '2016-07-19 21:22:49', '0ab4baf8-0b08-4c59-89a2-c8ea362bd6d3'),
 ('118', '118', 'en_us', 'donations-event-intern', 'career/donations-event-intern', '1', '2016-07-19 21:22:38', '2016-07-19 21:24:55', '5405b495-ffcf-4d8e-858c-93cf2f13d23f'),
 ('119', '119', 'en_us', 'volunteer-internships', 'career/category/volunteer-internships', '1', '2016-07-19 21:24:14', '2016-07-19 21:24:16', '415baf5d-d0f1-40de-a458-54a2c52fa184'),
 ('120', '120', 'en_us', 'books-by-the-foot', NULL, '1', '2016-07-20 15:45:36', '2016-07-20 15:45:36', '59ad6545-0de0-4539-a6d6-3691c533dc79'),
 ('121', '121', 'en_us', 'bookstore-cafe-volunteers', 'volunteer/bookstore-cafe-volunteers', '1', '2016-07-20 15:45:41', '2016-07-20 19:22:57', 'fc709a40-4139-4df3-b10c-ba8000f12150'),
 ('122', '122', 'en_us', 'page-volunteer-thrift-l', NULL, '1', '2016-07-20 16:19:19', '2016-07-20 16:19:19', 'cca0e967-8f8f-4cfb-8ea6-c0014fa73be0'),
 ('123', '123', 'en_us', 'thrift-shop-processing-distribution-center-volunteers', 'volunteer/thrift-shop-processing-distribution-center-volunteers', '1', '2016-07-20 16:19:23', '2016-07-20 19:22:57', '637bd221-0786-4ea0-9533-ece9481bf83b'),
 ('124', '124', 'en_us', 'btb', NULL, '1', '2016-07-20 16:20:16', '2016-07-20 16:20:16', 'a62dbb6f-f4f7-4a6e-b62e-9441ffcd914b'),
 ('125', '125', 'en_us', 'buy-the-bag', 'volunteer/buy-the-bag', '1', '2016-07-20 16:21:46', '2016-07-20 19:22:57', 'f0a3ecc4-33ad-4a3e-8754-8d7048a59cfc'),
 ('126', '126', 'en_us', 'group-volunteer', NULL, '1', '2016-07-20 16:24:26', '2016-07-20 16:24:26', 'feecd854-c6ef-4bf1-91c3-cf363ade7655'),
 ('127', '127', 'en_us', 'group-volunteerism', 'volunteer/group-volunteerism', '1', '2016-07-20 16:24:29', '2016-07-20 19:22:57', '9c8f6dbe-2355-4ccd-841b-546cb670f85a'),
 ('128', '128', 'en_us', 'page-internship2-l1', NULL, '1', '2016-07-20 16:36:15', '2016-07-20 16:36:15', 'e9dd2161-9d81-414c-aba3-924402053a6d'),
 ('129', '129', 'en_us', 'health-preventive-service-opportunities', 'volunteer/health-preventive-service-opportunities', '1', '2016-07-20 16:36:18', '2016-07-20 19:22:58', 'ea5e55aa-7438-4ff4-8bd3-184b0b8c7f62'),
 ('130', '130', 'en_us', 'fashion-for-action-volunteer-application', 'volunteer/fashion-for-action-volunteer-application', '1', '2016-07-20 16:47:11', '2016-07-20 19:22:58', 'c587d98c-bc12-4f9f-a3c9-38d927a0285f'),
 ('131', '131', 'en_us', 'design-on-a-dime-volunteer-opportunities', 'volunteer/design-on-a-dime-volunteer-opportunities', '1', '2016-07-20 16:48:24', '2016-07-26 19:08:24', '10cfbdef-69ea-45fe-b1fc-62100573c5b5'),
 ('132', '132', 'en_us', 'health-care-centers', 'locations/category/health-care-centers', '1', '2016-07-20 18:53:39', '2016-07-20 18:53:40', 'e3b759c3-0489-47c2-844e-25fb22cc3d18'),
 ('133', '133', 'en_us', 'downtown-brooklyn-health-center', 'locations/downtown-brooklyn-health-center', '1', '2016-07-20 19:01:05', '2016-07-20 19:01:05', 'd1b04dcd-545c-4379-b1c3-3a870091abe4'),
 ('134', '134', 'en_us', '', NULL, '1', '2016-07-20 19:01:05', '2016-07-20 19:01:05', '0371a470-a457-4407-b02f-93d6af3ae737'),
 ('135', '135', 'en_us', 'positive-health-project', 'locations/positive-health-project', '1', '2016-07-20 19:04:40', '2016-07-20 19:04:40', '42474fa5-757e-425b-8ab4-06fdadeb26ea'),
 ('136', '136', 'en_us', '', NULL, '1', '2016-07-20 19:04:40', '2016-07-20 19:04:40', '60b557e0-71de-4209-814b-5bfeac755887'),
 ('137', '137', 'en_us', 'brooklyn-west-health-home-care-management', 'locations/brooklyn-west-health-home-care-management', '1', '2016-07-20 19:06:53', '2016-07-20 19:18:42', '916a36e3-0a63-4b0a-8ef0-0a18fff09ef4'),
 ('138', '138', 'en_us', 'manhattan-harm-reduction-center', 'locations/manhattan-harm-reduction-center', '1', '2016-07-20 19:17:48', '2016-07-20 19:17:48', 'd548da35-5a4f-4835-afc0-7ccc2aa7a2ad'),
 ('139', '139', 'en_us', '', NULL, '1', '2016-07-20 19:17:48', '2016-07-20 19:17:48', '6aca8819-e7ea-4eb8-95a1-74f821a623fc'),
 ('140', '140', 'en_us', 'page-medical-dental-l', NULL, '1', '2016-07-20 19:25:58', '2016-07-20 19:25:58', '26e6ca4c-2e02-4b34-949b-f3e4363533d1'),
 ('141', '141', 'en_us', '', NULL, '1', '2016-07-25 19:07:14', '2016-07-25 19:49:32', '50161f21-93a9-477f-b56f-2fed7e5d8906'),
 ('142', '142', 'en_us', '', NULL, '1', '2016-07-25 19:10:51', '2016-07-25 20:09:55', '64f6f92d-488d-41eb-8b85-7f1ec9d4dde7'),
 ('144', '144', 'en_us', '', NULL, '1', '2016-07-25 19:22:05', '2016-07-25 20:09:55', '1a7647c3-b34c-4c20-aaf4-c2779ce82bb8'),
 ('145', '145', 'en_us', '', NULL, '1', '2016-07-25 19:31:00', '2016-07-25 20:09:55', '0eb9176e-bc21-4a5d-a0c3-6752724f21be'),
 ('146', '146', 'en_us', '', NULL, '1', '2016-07-25 19:33:12', '2016-07-25 19:49:32', 'bf2a450c-07b0-4ebc-a91e-f7b93112e539'),
 ('147', '147', 'en_us', '', NULL, '1', '2016-07-25 19:49:32', '2016-07-25 19:49:32', 'fbe35ab7-b5d5-4fa6-a7ee-7620035430cd'),
 ('148', '148', 'en_us', 'board-page', 'board', '1', '2016-07-26 14:10:08', '2016-07-26 14:24:21', 'dbb07ea0-d32a-40ec-ac89-0d439a52f80f'),
 ('149', '149', 'en_us', '', NULL, '1', '2016-07-26 14:16:20', '2016-07-26 14:24:21', 'e23c5d59-77c0-46b2-921c-ab3fdbb33acc'),
 ('150', '150', 'en_us', 'blue-bottle-aesthetic-freegan-mustache', 'blogs/blue-bottle-aesthetic-freegan-mustache', '1', '2016-07-26 18:26:13', '2016-08-02 14:39:55', '9c68651d-1ba0-42a0-a41e-496f33efad59'),
 ('151', '151', 'en_us', 'donations', 'donations', '1', '2016-07-26 19:48:28', '2016-08-02 15:15:31', '5e826468-bd29-4a9c-9f0d-61c1815acd7d'),
 ('152', '152', 'en_us', '3490a71fb3327be30b8bf11faa4ec726', 'thanks/3490a71fb3327be30b8bf11faa4ec726', '1', '2016-07-26 20:39:52', '2016-07-26 20:39:52', '2824e14a-ca31-46b2-a6c5-6b5f0ad00ba5'),
 ('153', '153', 'en_us', '', NULL, '1', '2016-07-26 20:39:52', '2016-07-26 20:39:52', 'bf5de6ea-e49b-4e12-8055-0281e1513473'),
 ('154', '154', 'en_us', '41fec7e1ae41417413d12550e99db117', 'thanks/41fec7e1ae41417413d12550e99db117', '1', '2016-07-26 20:48:15', '2016-07-26 20:48:15', 'cb96d0b1-ec0f-4587-9532-2d6a98b0566a'),
 ('155', '155', 'en_us', '', NULL, '1', '2016-07-26 20:48:15', '2016-07-26 20:48:15', '2519f872-2eae-451c-8edf-fc74f309979b'),
 ('156', '156', 'en_us', '06366ebe9e30db045e096c312b7f4167', 'thanks/06366ebe9e30db045e096c312b7f4167', '1', '2016-07-26 20:48:50', '2016-07-26 20:48:50', 'da670418-8a99-4c51-8acc-1d1c1e9d2c34'),
 ('157', '157', 'en_us', '', NULL, '1', '2016-07-26 20:48:50', '2016-07-26 20:48:50', '93ed89dd-9e2c-4054-81f9-085aceb58fbf'),
 ('158', '158', 'en_us', '3e3b34df4a755526dbb85dcd6773b01d', 'charge/success/3e3b34df4a755526dbb85dcd6773b01d', '1', '2016-07-26 20:51:39', '2016-07-26 20:51:39', 'a2722dc1-e0db-47d9-afdd-5f5000dcef88'),
 ('159', '159', 'en_us', '', NULL, '1', '2016-07-26 20:51:39', '2016-07-26 20:51:39', '8cd9cdbe-5610-46aa-a088-5bd1bdc4a163'),
 ('160', '160', 'en_us', '186522c27f5dba08cad29be29bd77360', 'charge/success/186522c27f5dba08cad29be29bd77360', '1', '2016-07-26 20:53:46', '2016-07-26 20:53:46', '2f362d0b-b971-4ec7-b9fa-d534c48051e8'),
 ('161', '161', 'en_us', '', NULL, '1', '2016-07-26 20:53:46', '2016-07-26 20:53:46', 'b8b5bc72-f87b-4b6b-8ef3-aa2d0d89e626'),
 ('162', '162', 'en_us', 'f99108ca4ae63b72a3ff8484228d42f6', 'charge/success/f99108ca4ae63b72a3ff8484228d42f6', '1', '2016-07-26 21:31:38', '2016-07-26 21:31:38', '5f7a2257-0456-4ab4-a029-d5542581693d'),
 ('163', '163', 'en_us', '', NULL, '1', '2016-07-26 21:31:38', '2016-07-26 21:31:38', '2f01dabf-e83a-408b-bf1c-9145f95c6476'),
 ('164', '164', 'en_us', 'd320ad4d0de7cbadcdfbc4d211567d57', 'charge/success/d320ad4d0de7cbadcdfbc4d211567d57', '1', '2016-07-26 21:33:30', '2016-07-26 21:33:30', '32e4f00e-24f3-4f5c-add8-ed3ea9719654'),
 ('165', '165', 'en_us', '', NULL, '1', '2016-07-26 21:33:30', '2016-07-26 21:33:30', '79643a5b-429c-4213-a242-8b716ab38ef4'),
 ('166', '166', 'en_us', '1b0cd75d51df8737254f4e4d45317d69', 'charge/success/1b0cd75d51df8737254f4e4d45317d69', '1', '2016-07-26 21:38:45', '2016-07-26 21:38:45', 'dbaf036f-1417-4399-bcb8-ba0d9612e187'),
 ('167', '167', 'en_us', '', NULL, '1', '2016-07-26 21:38:45', '2016-07-26 21:38:45', '753ba2be-ba71-4e94-a674-8901d9fc9f4e'),
 ('168', '168', 'en_us', 'c045f73ea251ec08166e3f37093e3b50', 'charge/success/c045f73ea251ec08166e3f37093e3b50', '1', '2016-07-26 21:54:16', '2016-07-26 21:54:16', '4cb21195-0f5b-47fa-a287-8afdf81c255a'),
 ('169', '169', 'en_us', '', NULL, '1', '2016-07-26 21:54:16', '2016-07-26 21:54:16', '1f173c10-25f5-4ba6-8b34-31321fea799f'),
 ('170', '170', 'en_us', 'c148f69c2ef5916b78bb87c21872fc27', 'charge/success/c148f69c2ef5916b78bb87c21872fc27', '1', '2016-07-26 21:57:36', '2016-07-26 21:57:36', '742b31e4-7fb9-4a10-82a6-ae6b183cd623'),
 ('171', '171', 'en_us', '', NULL, '1', '2016-07-26 21:57:36', '2016-07-26 21:57:36', '6e39712b-17bc-426e-bf8b-5bc2f29524ae'),
 ('173', '173', 'en_us', '', NULL, '1', '2016-07-26 21:59:15', '2016-07-26 21:59:15', 'eff274ef-c04e-47c2-9bde-1fd47e9ffaf5'),
 ('174', '174', 'en_us', '014bfbaec1333c21e036cff1761f9a8d', 'charge/success/014bfbaec1333c21e036cff1761f9a8d', '1', '2016-07-27 14:56:18', '2016-07-27 14:56:18', 'b6034861-4c16-482d-93d0-392c2449f580'),
 ('175', '175', 'en_us', '', NULL, '1', '2016-07-27 14:56:18', '2016-07-27 14:56:18', 'b4839bea-82c0-45b6-93ec-22e9bd581951'),
 ('176', '176', 'en_us', 'd0c3400ebe89a7109035d2d884975bb5', 'charge/success/d0c3400ebe89a7109035d2d884975bb5', '1', '2016-07-27 15:15:12', '2016-07-27 15:15:12', '8b06fcc2-d99d-4e8a-bcde-a8c6befbc991'),
 ('177', '177', 'en_us', '', NULL, '1', '2016-07-27 15:15:12', '2016-07-27 15:15:12', 'a2cd3cc4-e079-40a9-887a-fce7ab1bdd81'),
 ('178', '178', 'en_us', 'e6c43b7be71d0e8d4fbed71cb7aa444e', 'charge/success/e6c43b7be71d0e8d4fbed71cb7aa444e', '1', '2016-07-27 15:16:09', '2016-07-27 15:16:09', '87a9a858-f0e1-4d3c-bd31-fd7dc46005a9'),
 ('179', '179', 'en_us', '', NULL, '1', '2016-07-27 15:16:09', '2016-07-27 15:16:09', '6257f0cf-7b4e-4e47-9f69-bfbdb7a9f85d'),
 ('180', '180', 'en_us', 'd1543b40d791b1079b64b9328fa28e6b', 'charge/success/d1543b40d791b1079b64b9328fa28e6b', '1', '2016-07-27 15:20:32', '2016-07-27 15:20:32', '96855cc2-e869-41ad-8680-b84db264ab62'),
 ('181', '181', 'en_us', '', NULL, '1', '2016-07-27 15:20:32', '2016-07-27 15:20:32', 'f7de1dd5-4213-455f-8269-f0029048d38a'),
 ('182', '182', 'en_us', '337e87effd172b7684f25192e6e814e4', 'charge/success/337e87effd172b7684f25192e6e814e4', '1', '2016-07-27 17:09:50', '2016-07-27 17:09:50', 'f8f5d772-bfdd-4ae2-b133-f9ae1c1f645a'),
 ('183', '183', 'en_us', '', NULL, '1', '2016-07-27 17:09:50', '2016-07-27 17:09:50', 'a77de0f0-c856-46e9-864e-ac8424381d7f'),
 ('184', '184', 'en_us', 'ed06661160a39590d2a5493be7c42e96', 'charge/success/ed06661160a39590d2a5493be7c42e96', '1', '2016-07-27 17:23:01', '2016-07-27 17:23:01', '2ec20b8c-4418-4887-be1e-02bd7c0e8630'),
 ('185', '185', 'en_us', '', NULL, '1', '2016-07-27 17:23:01', '2016-07-27 17:23:01', 'f7f14d9b-b6a1-4ac1-815a-e12468881be8'),
 ('186', '186', 'en_us', 'd860feab6496a644b149ea82b8680733', 'charge/success/d860feab6496a644b149ea82b8680733', '1', '2016-07-27 18:54:34', '2016-07-27 18:54:34', '40ebe0a4-8267-420e-9a50-29fa75100888'),
 ('187', '187', 'en_us', '', NULL, '1', '2016-07-27 18:54:34', '2016-07-27 18:54:34', '41e2f940-a0d9-43b8-9b75-fcd4d4369557'),
 ('188', '188', 'en_us', '60af75549a68d019fc6afc2cd37783ea', 'charge/success/60af75549a68d019fc6afc2cd37783ea', '1', '2016-07-27 20:18:39', '2016-07-27 20:18:39', 'c8a2644c-dc36-4ff9-ba56-21059f8b7efe'),
 ('189', '189', 'en_us', '', NULL, '1', '2016-07-27 20:18:39', '2016-07-27 20:18:39', 'afbb68be-50ed-4912-a6ba-389f5d33d18e'),
 ('190', '190', 'en_us', 'beafde79b27332cedc345141c4e23b75', 'charge/success/beafde79b27332cedc345141c4e23b75', '1', '2016-07-27 20:22:36', '2016-07-27 20:22:36', '3287bdeb-5f65-4c8a-a57a-9ff7f2219e0a'),
 ('191', '191', 'en_us', '', NULL, '1', '2016-07-27 20:22:36', '2016-07-27 20:22:36', '53bdc38b-bd76-45e4-9a8e-f3cc67994359'),
 ('192', '192', 'en_us', '7aa6c97cbe862cde888fa7370ef5d267', 'charge/success/7aa6c97cbe862cde888fa7370ef5d267', '1', '2016-07-27 20:26:52', '2016-07-27 20:26:52', '1c5f856f-cdd7-40fb-bb7b-1ca229aa7812'),
 ('193', '193', 'en_us', '', NULL, '1', '2016-07-27 20:26:53', '2016-07-27 20:26:53', '9ee6990a-bed7-4394-82d8-0bea463ab582'),
 ('194', '194', 'en_us', '69e8c41711185387877fe8897f4a16c6', 'charge/success/69e8c41711185387877fe8897f4a16c6', '1', '2016-07-27 20:30:07', '2016-07-27 20:30:07', '7ef57675-6c4d-4129-ae92-0018166af4bf'),
 ('195', '195', 'en_us', '', NULL, '1', '2016-07-27 20:30:07', '2016-07-27 20:30:07', 'f6925afe-e45a-4109-91e9-b5ab12e049e3'),
 ('196', '196', 'en_us', '22c802797bd5dbc8280ddb345ee9dd3c', 'charge/success/22c802797bd5dbc8280ddb345ee9dd3c', '1', '2016-07-27 20:31:34', '2016-07-27 20:31:34', 'de660759-1800-4a3a-aa94-8cb188c77fb5'),
 ('197', '197', 'en_us', '', NULL, '1', '2016-07-27 20:31:34', '2016-07-27 20:31:34', '9e480e34-c735-4424-bcf3-4e9ad0d0b87b'),
 ('198', '198', 'en_us', '20b7123c357f69706691502889dca2dd', 'charge/success/20b7123c357f69706691502889dca2dd', '1', '2016-07-27 20:32:02', '2016-07-27 20:32:02', '12f63146-e72e-4335-9551-825e737c495d'),
 ('199', '199', 'en_us', '', NULL, '1', '2016-07-27 20:32:02', '2016-07-27 20:32:02', '27a5b1a6-e8f5-4812-82eb-108f2e52931d'),
 ('200', '200', 'en_us', 'ea33d3e23933d1aaeeccacae643f3670', 'charge/success/ea33d3e23933d1aaeeccacae643f3670', '1', '2016-07-27 20:32:50', '2016-07-27 20:32:50', '750804fa-044d-4f27-8607-7ea5a84a884a'),
 ('201', '201', 'en_us', '', NULL, '1', '2016-07-27 20:32:50', '2016-07-27 20:32:50', '071f98ad-56c2-4934-8902-490ddb88fe70'),
 ('202', '202', 'en_us', 'd8678df38fb8517ce3ca6084abeeb1bf', 'charge/success/d8678df38fb8517ce3ca6084abeeb1bf', '1', '2016-07-27 20:33:51', '2016-07-27 20:33:51', '0165ca71-f3fb-42db-8d88-22708118c3c0'),
 ('203', '203', 'en_us', '', NULL, '1', '2016-07-27 20:33:51', '2016-07-27 20:33:51', 'ed87b78b-3e61-486d-938c-1561905b0dc0'),
 ('204', '204', 'en_us', 'af6f3d943130629459c6ee6defe0e756', 'charge/success/af6f3d943130629459c6ee6defe0e756', '1', '2016-07-27 20:38:46', '2016-07-27 20:38:46', '023c3718-d72a-4a35-bc63-7326df2f4969'),
 ('205', '205', 'en_us', '', NULL, '1', '2016-07-27 20:38:46', '2016-07-27 20:38:46', 'e17ea907-ce73-4c1c-a036-a9fbaa72845d'),
 ('206', '206', 'en_us', 'f67b15134fca36e0ce880ec329626d2d', 'charge/success/f67b15134fca36e0ce880ec329626d2d', '1', '2016-07-27 20:48:39', '2016-07-27 20:48:39', 'f48ad80d-60d1-4ea0-98ae-66809fb5dc3f'),
 ('207', '207', 'en_us', '', NULL, '1', '2016-07-27 20:48:39', '2016-07-27 20:48:39', 'f837798f-156c-4f5a-afed-787a3a4afa40'),
 ('208', '208', 'en_us', '9b5027547299dcd2b423963596a5e999', 'charge/success/9b5027547299dcd2b423963596a5e999', '1', '2016-07-27 20:49:15', '2016-07-27 20:49:15', '23d22aa9-99a1-45c0-b50d-e41b61fae8f4'),
 ('209', '209', 'en_us', '', NULL, '1', '2016-07-27 20:49:15', '2016-07-27 20:49:15', 'ad4b94dc-640a-4f26-8edf-bd61c3dbecf8'),
 ('210', '210', 'en_us', '44e08ec709b128461b42ce659b692d1a', 'charge/success/44e08ec709b128461b42ce659b692d1a', '1', '2016-07-27 20:50:17', '2016-07-27 20:50:17', 'aadc309e-d035-46aa-9a61-99be0228d6ac'),
 ('211', '211', 'en_us', '', NULL, '1', '2016-07-27 20:50:17', '2016-07-27 20:50:17', '420f2d2b-76c6-46b8-9ce7-24ba395c5e5c');
INSERT INTO `craft_elements_i18n` (`id`, `elementId`, `locale`, `slug`, `uri`, `enabled`, `dateCreated`, `dateUpdated`, `uid`) VALUES
 ('212', '212', 'en_us', '6f1572d125d321c7752ddf6806f7f4d2', 'charge/success/6f1572d125d321c7752ddf6806f7f4d2', '1', '2016-07-27 20:53:05', '2016-07-27 20:53:05', 'fae64774-0423-4275-abb8-058ed46ca165'),
 ('213', '213', 'en_us', '', NULL, '1', '2016-07-27 20:53:05', '2016-07-27 20:53:05', '602825f7-2a49-4152-82fc-12af3fa381c0'),
 ('214', '214', 'en_us', '447c3329b97133dde64de863c8554123', 'charge/success/447c3329b97133dde64de863c8554123', '1', '2016-07-27 20:54:28', '2016-07-27 20:54:28', 'a4d14a52-6e7b-45dd-ae11-1f1a59b8679f'),
 ('215', '215', 'en_us', '', NULL, '1', '2016-07-27 20:54:28', '2016-07-27 20:54:28', '6054c357-aa01-4a43-a29c-5e54b075a85b'),
 ('216', '216', 'en_us', '27b26d6374808399274a533d54fb3d7f', 'charge/success/27b26d6374808399274a533d54fb3d7f', '1', '2016-07-27 20:55:15', '2016-07-27 20:55:15', '93a0a5c0-7274-4b47-a005-7bdc02f4d8dc'),
 ('217', '217', 'en_us', '', NULL, '1', '2016-07-27 20:55:15', '2016-07-27 20:55:15', '64725714-b221-4082-9ce3-90faaa2df6d7'),
 ('218', '218', 'en_us', '3279ec86e9c9c874f1688207c8c3a10a', 'charge/success/3279ec86e9c9c874f1688207c8c3a10a', '1', '2016-07-27 20:56:17', '2016-07-27 20:56:17', '65615bbc-4b11-49c5-8f3a-fa41ebbadce0'),
 ('219', '219', 'en_us', '', NULL, '1', '2016-07-27 20:56:17', '2016-07-27 20:56:17', '44b3716d-30f6-4037-a463-403b4339b294'),
 ('220', '220', 'en_us', '5999d16fee95eb2cb30b9756f325bae6', 'charge/success/5999d16fee95eb2cb30b9756f325bae6', '1', '2016-07-27 20:58:55', '2016-07-27 20:58:55', 'a48c203f-2a7e-412c-a994-259f985fced1'),
 ('221', '221', 'en_us', '', NULL, '1', '2016-07-27 20:58:55', '2016-07-27 20:58:55', '114d9b7c-e793-4aef-8d8d-16bdff8090a6'),
 ('222', '222', 'en_us', '25fa2d3124b5498bf979c3922771617b', 'charge/success/25fa2d3124b5498bf979c3922771617b', '1', '2016-07-27 21:00:14', '2016-07-27 21:00:14', '027ab2a1-1846-469e-9825-3256b520a47b'),
 ('223', '223', 'en_us', '', NULL, '1', '2016-07-27 21:00:14', '2016-07-27 21:00:14', 'a003ab3b-7979-4839-a8b3-5feddeb2a8a5'),
 ('224', '224', 'en_us', '47e0cc045999f9227aab22ab382337a4', 'charge/success/47e0cc045999f9227aab22ab382337a4', '1', '2016-07-27 21:01:55', '2016-07-27 21:01:55', 'd4b3fd65-6811-46fd-9512-864d3478b640'),
 ('225', '225', 'en_us', '', NULL, '1', '2016-07-27 21:01:55', '2016-07-27 21:01:55', 'fd7710c2-2a73-4b68-8031-c955a6542677'),
 ('226', '226', 'en_us', 'd31a3d4eb35ec8b399f9acb8e97437ee', 'charge/success/d31a3d4eb35ec8b399f9acb8e97437ee', '1', '2016-07-27 21:02:28', '2016-07-27 21:02:28', '74a87f67-244c-4a57-a50b-36c2f97b0cef'),
 ('227', '227', 'en_us', '', NULL, '1', '2016-07-27 21:02:28', '2016-07-27 21:02:28', 'c71012d4-15f2-4d12-bbb2-f22650732a1d'),
 ('228', '228', 'en_us', '2ed75529e74dd7262ea9addc317efcac', 'charge/success/2ed75529e74dd7262ea9addc317efcac', '1', '2016-07-27 21:05:05', '2016-07-27 21:05:05', 'b774dd26-2559-45ae-b770-045d9ff96dc8'),
 ('229', '229', 'en_us', '', NULL, '1', '2016-07-27 21:05:05', '2016-07-27 21:05:05', '39ac1b58-89bb-40e9-9652-4a67a66c7c12'),
 ('230', '230', 'en_us', '3a7db39eb8ff7e14b0f1e1d7b9da6ece', 'charge/success/3a7db39eb8ff7e14b0f1e1d7b9da6ece', '1', '2016-07-27 21:06:37', '2016-07-27 21:06:37', '471459b9-b497-4c26-a596-d5252ea07b2a'),
 ('231', '231', 'en_us', '', NULL, '1', '2016-07-27 21:06:37', '2016-07-27 21:06:37', 'a67706ec-db44-442a-91cc-95a33dd94f6e'),
 ('232', '232', 'en_us', 'a4cba0c5940f190e43a87d79d1198e83', 'charge/success/a4cba0c5940f190e43a87d79d1198e83', '1', '2016-07-27 21:10:12', '2016-07-27 21:10:12', 'ff0184fa-8bc2-425a-952b-d0982ef36e00'),
 ('233', '233', 'en_us', '', NULL, '1', '2016-07-27 21:10:12', '2016-07-27 21:10:12', 'c1bbb404-a419-4e1b-baf7-57208399a4bb'),
 ('234', '234', 'en_us', 'ccea44e1eb3f0e437d04269e32da923a', 'charge/success/ccea44e1eb3f0e437d04269e32da923a', '1', '2016-07-27 21:17:46', '2016-07-27 21:17:46', '2c644a75-b841-4176-b74d-f92e6818b08a'),
 ('235', '235', 'en_us', '', NULL, '1', '2016-07-27 21:17:46', '2016-07-27 21:17:46', '04487ed3-4b0e-4b0c-8593-2310b31c0094'),
 ('236', '236', 'en_us', '933d09798d9f43c22d2ac296556de260', 'charge/success/933d09798d9f43c22d2ac296556de260', '1', '2016-07-27 21:22:51', '2016-07-27 21:22:51', 'c3cc67df-2141-46e4-ae24-b4e8ccc94db5'),
 ('237', '237', 'en_us', '', NULL, '1', '2016-07-27 21:22:51', '2016-07-27 21:22:51', '17b994d1-4389-46f2-863a-b2abb78165ce'),
 ('238', '238', 'en_us', 'e66f0130c0f04b684646f10e0cd1fb3e', 'charge/success/e66f0130c0f04b684646f10e0cd1fb3e', '1', '2016-07-27 21:25:33', '2016-07-27 21:25:33', '88e3a5e5-7451-428d-949d-c4cf9909861b'),
 ('239', '239', 'en_us', '', NULL, '1', '2016-07-27 21:25:33', '2016-07-27 21:25:33', '2425739d-63f9-4315-8ea8-802a71addea9'),
 ('240', '240', 'en_us', '723a59f3c4a2ebd0f3036d9c0e85e90a', 'charge/success/723a59f3c4a2ebd0f3036d9c0e85e90a', '1', '2016-07-27 21:27:16', '2016-07-27 21:27:16', 'fd4696fd-689f-45db-9da2-2a1dbeda50aa'),
 ('241', '241', 'en_us', '', NULL, '1', '2016-07-27 21:27:16', '2016-07-27 21:27:16', 'de9369b1-7fee-4bec-b823-6a36643bab28'),
 ('242', '242', 'en_us', 'c8cdc33e0515d90586473aa941df031a', 'charge/success/c8cdc33e0515d90586473aa941df031a', '1', '2016-07-27 21:27:51', '2016-07-27 21:27:51', '83e5b3b7-ed8e-41ad-9407-7059505b2b6d'),
 ('243', '243', 'en_us', '', NULL, '1', '2016-07-27 21:27:51', '2016-07-27 21:27:51', '727c9088-513f-4ffe-9d27-19fbcb91c514'),
 ('244', '244', 'en_us', '6cab0d33e200ea481c3d8f45912a5bdc', 'charge/success/6cab0d33e200ea481c3d8f45912a5bdc', '1', '2016-08-02 15:21:45', '2016-08-02 15:21:45', '333148a6-8342-422c-a133-446214fdb7db'),
 ('245', '245', 'en_us', '', NULL, '1', '2016-08-02 15:21:45', '2016-08-02 15:21:45', '3098c124-1afe-4814-b5df-012236d9beaf'),
 ('246', '246', 'en_us', 'ac0f83e6f0dd3f43b19adb1fbb126e20', 'charge/success/ac0f83e6f0dd3f43b19adb1fbb126e20', '1', '2016-08-02 15:24:06', '2016-08-02 15:24:06', '72839505-b66a-4568-a724-841b1b20ff99'),
 ('247', '247', 'en_us', '', NULL, '1', '2016-08-02 15:24:06', '2016-08-02 15:24:06', '4de6ff26-11f7-48f0-af19-0d247d66e321'),
 ('248', '248', 'en_us', '3bca7af110c80f38b010456029a64521', 'charge/success/3bca7af110c80f38b010456029a64521', '1', '2016-08-02 15:27:18', '2016-08-02 15:27:18', 'f468943f-6c93-44af-bcf9-c0e4535db01c'),
 ('249', '249', 'en_us', '', NULL, '1', '2016-08-02 15:27:18', '2016-08-02 15:27:18', 'f5d4c2a6-99f4-4025-bc7c-f53430816d86'),
 ('250', '250', 'en_us', 'dff4aba3c16c4caa9ff1a69d4f8f8dca', 'charge/success/dff4aba3c16c4caa9ff1a69d4f8f8dca', '1', '2016-08-03 15:02:55', '2016-08-03 15:02:55', '336ef6bf-e1db-4be3-b68b-80ea9b8cb67a'),
 ('251', '251', 'en_us', '', NULL, '1', '2016-08-03 15:02:55', '2016-08-03 15:02:55', '2ce6aaf1-e75a-4948-be8f-e0adf6338db1'),
 ('252', '252', 'en_us', 'bb009e568db8443b28c2c6b0c707e4ed', 'charge/success/bb009e568db8443b28c2c6b0c707e4ed', '1', '2016-08-03 15:05:46', '2016-08-03 15:05:46', '31516df3-166e-4e0b-aadc-6f8785599f19'),
 ('253', '253', 'en_us', '', NULL, '1', '2016-08-03 15:05:46', '2016-08-03 15:05:46', '89507120-1d6c-43af-a03b-9d720c6280fb'),
 ('254', '254', 'en_us', '153cc07205afb46b0b832083dd0379fd', 'charge/success/153cc07205afb46b0b832083dd0379fd', '1', '2016-08-03 15:06:26', '2016-08-03 15:06:26', 'f1fec7ac-95c8-496e-955f-dc682ee15393'),
 ('255', '255', 'en_us', '', NULL, '1', '2016-08-03 15:06:26', '2016-08-03 15:06:26', '44b61820-8873-4d08-891e-ea35cf745abc'),
 ('256', '256', 'en_us', '9c30f71b12e840dc2d0092d6271bc696', 'charge/success/9c30f71b12e840dc2d0092d6271bc696', '1', '2016-08-03 15:21:08', '2016-08-03 15:21:08', '00bcf257-a559-430b-9c8b-c2de62dfcd62'),
 ('257', '257', 'en_us', '', NULL, '1', '2016-08-03 15:21:08', '2016-08-03 15:21:08', '5c4c02b9-9bc9-4519-9cd2-b333abb5b359'),
 ('258', '258', 'en_us', '2ea77fb234ebbb664765c773f1e5760a', 'charge/success/2ea77fb234ebbb664765c773f1e5760a', '1', '2016-08-03 15:40:58', '2016-08-03 15:40:58', '8a9eb5fb-a979-462b-bc9e-4acdc803ec63'),
 ('259', '259', 'en_us', '', NULL, '1', '2016-08-03 15:40:58', '2016-08-03 15:40:58', '41e6d6da-6bac-4d88-9cbb-80b17ae54539'),
 ('260', '260', 'en_us', 'c4f88001b3d81f00ea4921bd9e57052e', 'charge/success/c4f88001b3d81f00ea4921bd9e57052e', '1', '2016-08-03 15:45:06', '2016-08-03 15:45:06', 'a16cf2cd-23a0-422a-bb08-c89caad82965'),
 ('261', '261', 'en_us', '', NULL, '1', '2016-08-03 15:45:06', '2016-08-03 15:45:06', 'ef6eadcb-35a1-4a04-904e-3e1e494832a9'),
 ('262', '262', 'en_us', 'd7037b2c3b5d1648509b56cb68644d4a', 'charge/success/d7037b2c3b5d1648509b56cb68644d4a', '1', '2016-08-03 15:54:50', '2016-08-03 15:54:50', '11008ac7-1053-43ea-88b6-13f8cfd46d78'),
 ('263', '263', 'en_us', '', NULL, '1', '2016-08-03 15:54:50', '2016-08-03 15:54:50', '506eb61a-ef1d-450a-b899-387f7540368d'),
 ('264', '264', 'en_us', 'f557c46f3cca59ff4ee071d649481a84', 'charge/success/f557c46f3cca59ff4ee071d649481a84', '1', '2016-08-03 15:56:56', '2016-08-03 15:56:56', '450d80c3-a6bb-4cb7-a5c5-eef7143b5ec9'),
 ('265', '265', 'en_us', '', NULL, '1', '2016-08-03 15:56:56', '2016-08-03 15:56:56', '874b88c3-599a-4df4-9fc0-c92637b4f277'),
 ('266', '266', 'en_us', '99918bd6f222bf8f54084b724b780734', 'charge/success/99918bd6f222bf8f54084b724b780734', '1', '2016-08-03 16:20:25', '2016-08-03 16:20:25', 'b8c7d7e8-3984-4baa-ab97-46c4417d88f4'),
 ('267', '267', 'en_us', '', NULL, '1', '2016-08-03 16:20:25', '2016-08-03 16:20:25', '62fe97fc-26f9-452f-b565-97cdc99d0c43'),
 ('268', '268', 'en_us', '5e846874243ffdb1f3ecb7b95b2caa51', 'charge/success/5e846874243ffdb1f3ecb7b95b2caa51', '1', '2016-08-03 16:22:08', '2016-08-03 16:22:08', '0ebfa3cc-b5a4-40b8-a747-b0811ef73235'),
 ('269', '269', 'en_us', '', NULL, '1', '2016-08-03 16:22:08', '2016-08-03 16:22:08', '22cdc560-668f-40c0-bb8d-66047384b213');



DROP TABLE IF EXISTS `craft_emailmessages`;


--
-- Schema for table `craft_emailmessages`
--
CREATE TABLE `craft_emailmessages` (
  `id` int(11) NOT NULL AUTO_INCREMENT,
  `key` char(150) COLLATE utf8_unicode_ci NOT NULL,
  `locale` char(12) COLLATE utf8_unicode_ci NOT NULL,
  `subject` varchar(1000) COLLATE utf8_unicode_ci NOT NULL,
  `body` text COLLATE utf8_unicode_ci NOT NULL,
  `dateCreated` datetime NOT NULL,
  `dateUpdated` datetime NOT NULL,
  `uid` char(36) COLLATE utf8_unicode_ci NOT NULL DEFAULT '0',
  PRIMARY KEY (`id`),
  UNIQUE KEY `craft_emailmessages_key_locale_unq_idx` (`key`,`locale`),
  KEY `craft_emailmessages_locale_fk` (`locale`)
) ENGINE=InnoDB DEFAULT CHARSET=utf8 COLLATE=utf8_unicode_ci;

DROP TABLE IF EXISTS `craft_entries`;


--
-- Schema for table `craft_entries`
--
CREATE TABLE `craft_entries` (
  `id` int(11) NOT NULL,
  `sectionId` int(11) NOT NULL,
  `typeId` int(11) DEFAULT NULL,
  `authorId` int(11) DEFAULT NULL,
  `postDate` datetime DEFAULT NULL,
  `expiryDate` datetime DEFAULT NULL,
  `dateCreated` datetime NOT NULL,
  `dateUpdated` datetime NOT NULL,
  `uid` char(36) COLLATE utf8_unicode_ci NOT NULL DEFAULT '0',
  PRIMARY KEY (`id`),
  KEY `craft_entries_sectionId_idx` (`sectionId`),
  KEY `craft_entries_typeId_idx` (`typeId`),
  KEY `craft_entries_postDate_idx` (`postDate`),
  KEY `craft_entries_expiryDate_idx` (`expiryDate`),
  KEY `craft_entries_authorId_fk` (`authorId`)
) ENGINE=InnoDB DEFAULT CHARSET=utf8 COLLATE=utf8_unicode_ci;

--
-- Data for table `craft_entries`
--

INSERT INTO `craft_entries` (`id`, `sectionId`, `typeId`, `authorId`, `postDate`, `expiryDate`, `dateCreated`, `dateUpdated`, `uid`) VALUES
 ('2', '1', NULL, NULL, '2016-07-11 16:21:55', NULL, '2016-07-11 16:21:55', '2016-07-11 16:21:55', '1133a811-415e-4301-866a-b89d6ffbb3c7'),
 ('5', '3', '3', '1', '2016-07-11 16:48:00', NULL, '2016-07-11 16:48:43', '2016-07-18 19:38:42', '1eff0c51-8156-41f4-b595-ca54aaecb8cc'),
 ('25', '3', '3', '1', '2016-07-11 21:28:00', NULL, '2016-07-11 21:28:25', '2016-07-25 20:09:55', '76af4aff-3c58-4a3f-afea-2f7636549469'),
 ('30', '4', '4', '1', '2016-07-12 15:26:00', NULL, '2016-07-12 15:26:43', '2016-07-12 21:07:46', 'd552a897-06b9-4c1e-a097-37b74ec02add'),
 ('38', '4', '4', '1', '2016-07-12 16:04:00', NULL, '2016-07-12 16:04:00', '2016-07-12 21:08:01', '4ed17ade-467d-4715-b7b0-d96ae1d139fd'),
 ('41', '4', '4', '1', '2016-07-12 16:53:00', NULL, '2016-07-12 16:53:28', '2016-07-12 21:07:23', '58d9ec72-1943-4c7d-89b3-313227537c89'),
 ('44', '4', '4', '1', '2016-07-12 17:07:00', NULL, '2016-07-12 17:07:09', '2016-07-12 21:08:19', '4aec4489-8c27-4e4d-8f89-39f69128051b'),
 ('46', '4', '4', '1', '2016-07-12 17:09:00', NULL, '2016-07-12 17:09:29', '2016-07-12 21:08:35', 'c5b0d674-02b1-4d97-b8bd-d5ea171f76ff'),
 ('49', '5', '5', '1', '2016-07-12 18:53:00', NULL, '2016-07-12 18:53:02', '2016-07-12 18:58:57', 'ffe2f3b8-4884-47bf-8957-6e2c1af0b903'),
 ('51', '5', '5', '1', '2016-07-12 19:07:00', NULL, '2016-07-12 19:07:02', '2016-07-12 21:29:02', '0dbb48b5-0f4f-47f1-b3f8-8cdb659be0e7'),
 ('52', '6', '6', NULL, '2016-07-26 16:07:11', NULL, '2016-07-12 19:57:50', '2016-07-26 16:07:11', 'a0b06d16-3856-4a1a-a185-8c984cfa5090'),
 ('62', '8', '8', '1', '2016-07-13 14:42:00', NULL, '2016-07-13 14:42:02', '2016-07-26 18:42:48', 'e0bf29f9-f0c9-4280-a146-2811eda763d0'),
 ('66', '8', '8', '1', '2016-07-13 15:32:00', NULL, '2016-07-13 15:32:50', '2016-07-26 18:42:39', '2c0ff4c3-bd4e-4200-8846-f7140705b276'),
 ('68', '8', '8', '1', '2016-07-13 16:35:00', NULL, '2016-07-13 16:35:19', '2016-08-02 15:29:44', '5a9d74bb-e7e0-49e4-a49c-0f9ca4068244'),
 ('69', '8', '8', '1', '2016-07-13 16:35:00', NULL, '2016-07-13 16:35:54', '2016-07-26 18:42:29', '271f27b4-49c6-486a-8b5e-ac9f9731189a'),
 ('98', '10', '10', '1', '2016-07-19 14:43:00', NULL, '2016-07-19 14:43:50', '2016-07-19 14:58:45', 'b4e3b421-a983-4837-83c2-29b77d0a7009'),
 ('100', '10', '10', '1', '2016-07-19 14:43:00', NULL, '2016-07-19 14:43:50', '2016-07-20 14:53:13', '3236e198-cc19-4767-b202-4cd836dcd03f'),
 ('102', '10', '10', '1', '2016-07-19 14:49:00', NULL, '2016-07-19 14:50:28', '2016-07-20 17:09:10', 'd23cc7e2-016a-4e59-9852-47a5850f1f60'),
 ('104', '10', '10', '1', '2016-07-19 14:56:05', NULL, '2016-07-19 14:56:05', '2016-07-19 14:56:05', 'dc66da18-1077-413e-a380-a3e4c95a5c97'),
 ('106', '10', '10', '1', '2016-07-19 15:00:00', NULL, '2016-07-19 15:00:33', '2016-07-20 18:49:22', '87796f2f-2fd5-4ba5-9fb7-8372ac0883a3'),
 ('108', '11', '11', NULL, '2016-07-19 20:49:10', NULL, '2016-07-19 19:44:21', '2016-08-02 15:00:35', '30b8d3f1-3b0b-4fd6-bcf3-29cc1c1fd690'),
 ('114', '13', '13', '1', '2016-07-19 20:46:00', NULL, '2016-07-19 20:46:47', '2016-07-19 21:13:31', '7d7c8538-def9-4396-94e3-31eae0e2e851'),
 ('115', '13', '13', '1', '2016-07-19 21:15:56', NULL, '2016-07-19 21:15:56', '2016-07-19 21:15:56', 'f887413b-e8f4-43ca-bb25-1146b27dbd35'),
 ('116', '13', '13', '1', '2016-07-19 21:18:11', NULL, '2016-07-19 21:18:11', '2016-07-19 21:18:11', '6a23be9c-5b3e-4d53-9ba2-b4f2688d97b0'),
 ('117', '13', '13', '1', '2016-07-19 21:19:00', NULL, '2016-07-19 21:19:46', '2016-07-19 21:22:49', 'e186a416-76a2-4fa5-912f-55f35a47dc8e'),
 ('118', '13', '13', '1', '2016-07-19 21:22:00', NULL, '2016-07-19 21:22:38', '2016-07-19 21:24:55', '57b8c54d-df09-4d86-b258-6965c2cd47f0'),
 ('121', '14', '14', '1', '2016-07-20 15:45:00', NULL, '2016-07-20 15:45:41', '2016-07-20 16:58:43', '7f18a0d3-4cbe-4a18-be8a-687c8aae704f'),
 ('123', '14', '14', '1', '2016-07-20 16:19:00', NULL, '2016-07-20 16:19:23', '2016-07-20 17:03:14', 'ce610e0b-f26e-467c-b9e3-2859657b4d4d'),
 ('125', '14', '14', '1', '2016-07-20 16:21:00', NULL, '2016-07-20 16:21:46', '2016-07-20 17:15:13', '6aec36f0-4177-4cf6-8215-711535131440'),
 ('127', '14', '14', '1', '2016-07-20 16:24:29', NULL, '2016-07-20 16:24:29', '2016-07-20 16:24:29', 'bd2940eb-5416-4efc-88fd-5e6ec70eb648'),
 ('129', '14', '14', '1', '2016-07-20 16:36:18', NULL, '2016-07-20 16:36:18', '2016-07-20 16:36:18', '7d8421ef-b168-4db4-addc-c076cb4fb3ac'),
 ('130', '14', '14', '1', '2016-07-20 16:47:11', NULL, '2016-07-20 16:47:11', '2016-07-20 16:47:11', '993ee240-8e80-4ec4-886f-ef126078fec3'),
 ('131', '14', '14', '1', '2016-07-20 16:48:00', NULL, '2016-07-20 16:48:24', '2016-07-26 19:08:24', '04aa2efe-b6ab-45dd-9b21-92bfb0c15f72'),
 ('133', '10', '10', '1', '2016-07-20 19:01:05', NULL, '2016-07-20 19:01:05', '2016-07-20 19:01:05', 'e7ce79c4-50e2-4da6-a13e-1d0cf869c287'),
 ('135', '10', '10', '1', '2016-07-20 19:04:39', NULL, '2016-07-20 19:04:40', '2016-07-20 19:04:40', '80dd3d30-2a12-4e51-bf12-886ff2a400c2'),
 ('137', '10', '10', '1', '2016-07-20 19:05:00', NULL, '2016-07-20 19:06:53', '2016-07-20 19:18:42', '1b6a3eba-8061-4943-9c1e-30b210e749e8'),
 ('138', '10', '10', '1', '2016-07-20 19:17:48', NULL, '2016-07-20 19:17:48', '2016-07-20 19:17:48', 'fa14489b-58fc-422f-9d4f-66ef5994789f'),
 ('148', '15', NULL, NULL, '2016-07-26 14:10:08', NULL, '2016-07-26 14:10:08', '2016-07-26 14:24:21', '091ecb15-a92b-4f03-901c-e5474a8b95d8'),
 ('150', '3', '3', '1', '2016-07-26 18:26:00', NULL, '2016-07-26 18:26:13', '2016-08-02 14:39:55', '0e923013-5407-4668-80fe-d37851ca1b6c'),
 ('151', '16', NULL, NULL, '2016-07-26 19:48:28', NULL, '2016-07-26 19:48:28', '2016-08-02 15:15:32', '242e8c1e-b3c9-4346-8099-1e7ba3a44390');



DROP TABLE IF EXISTS `craft_entrydrafts`;


--
-- Schema for table `craft_entrydrafts`
--
CREATE TABLE `craft_entrydrafts` (
  `id` int(11) NOT NULL AUTO_INCREMENT,
  `entryId` int(11) NOT NULL,
  `sectionId` int(11) NOT NULL,
  `creatorId` int(11) NOT NULL,
  `locale` char(12) COLLATE utf8_unicode_ci NOT NULL,
  `name` varchar(255) COLLATE utf8_unicode_ci NOT NULL,
  `notes` tinytext COLLATE utf8_unicode_ci,
  `data` mediumtext COLLATE utf8_unicode_ci NOT NULL,
  `dateCreated` datetime NOT NULL,
  `dateUpdated` datetime NOT NULL,
  `uid` char(36) COLLATE utf8_unicode_ci NOT NULL DEFAULT '0',
  PRIMARY KEY (`id`),
  KEY `craft_entrydrafts_entryId_locale_idx` (`entryId`,`locale`),
  KEY `craft_entrydrafts_sectionId_fk` (`sectionId`),
  KEY `craft_entrydrafts_creatorId_fk` (`creatorId`),
  KEY `craft_entrydrafts_locale_fk` (`locale`)
) ENGINE=InnoDB DEFAULT CHARSET=utf8 COLLATE=utf8_unicode_ci;

DROP TABLE IF EXISTS `craft_entrytypes`;


--
-- Schema for table `craft_entrytypes`
--
CREATE TABLE `craft_entrytypes` (
  `id` int(11) NOT NULL AUTO_INCREMENT,
  `sectionId` int(11) NOT NULL,
  `fieldLayoutId` int(11) DEFAULT NULL,
  `name` varchar(255) COLLATE utf8_unicode_ci NOT NULL,
  `handle` varchar(255) COLLATE utf8_unicode_ci NOT NULL,
  `hasTitleField` tinyint(1) unsigned NOT NULL DEFAULT '1',
  `titleLabel` varchar(255) COLLATE utf8_unicode_ci DEFAULT 'Title',
  `titleFormat` varchar(255) COLLATE utf8_unicode_ci DEFAULT NULL,
  `sortOrder` smallint(6) unsigned DEFAULT NULL,
  `dateCreated` datetime NOT NULL,
  `dateUpdated` datetime NOT NULL,
  `uid` char(36) COLLATE utf8_unicode_ci NOT NULL DEFAULT '0',
  PRIMARY KEY (`id`),
  UNIQUE KEY `craft_entrytypes_name_sectionId_unq_idx` (`name`,`sectionId`),
  UNIQUE KEY `craft_entrytypes_handle_sectionId_unq_idx` (`handle`,`sectionId`),
  KEY `craft_entrytypes_sectionId_fk` (`sectionId`),
  KEY `craft_entrytypes_fieldLayoutId_fk` (`fieldLayoutId`)
) ENGINE=InnoDB AUTO_INCREMENT=17 DEFAULT CHARSET=utf8 COLLATE=utf8_unicode_ci;

--
-- Data for table `craft_entrytypes`
--

INSERT INTO `craft_entrytypes` (`id`, `sectionId`, `fieldLayoutId`, `name`, `handle`, `hasTitleField`, `titleLabel`, `titleFormat`, `sortOrder`, `dateCreated`, `dateUpdated`, `uid`) VALUES
 ('1', '1', '3', 'Homepage', 'homepage', '1', 'Title', NULL, NULL, '2016-07-11 16:21:55', '2016-07-11 16:21:55', '01247a00-03e5-499b-9e43-73f1125e97ab'),
 ('3', '3', '88', 'AIDS Issues Update Blog', 'aidsIssuesUpdateBlog', '1', 'Title', NULL, NULL, '2016-07-11 16:28:07', '2016-07-18 16:11:06', '06a193b7-2e7c-4539-b543-464435f1437c'),
 ('4', '4', '60', 'Press', 'press', '1', 'Title', NULL, NULL, '2016-07-12 14:45:21', '2016-07-12 21:06:36', '2ddd2755-7414-4525-9595-902184b36633'),
 ('5', '5', '100', 'Press Release', 'pressRelease', '1', 'Title', NULL, NULL, '2016-07-12 18:38:21', '2016-07-18 22:32:07', 'cacc410d-f850-4abb-9463-2957a37f664a'),
 ('6', '6', '59', 'Press Page', 'press', '0', NULL, '{section.name|raw}', NULL, '2016-07-12 19:57:50', '2016-07-12 20:51:08', '0ee58cd4-381b-4242-a8fc-a5a430c715f5'),
 ('8', '8', '84', 'event', 'event', '1', 'Title', NULL, NULL, '2016-07-13 14:16:29', '2016-07-13 19:47:13', '764d6e8b-9fba-49a6-871a-36e18a8b4a64'),
 ('10', '10', '111', 'Locations', 'locations', '1', 'Title', NULL, NULL, '2016-07-19 14:12:53', '2016-07-19 14:57:07', '919bf10b-336e-43a4-945b-894e50e056eb'),
 ('11', '11', '115', 'Career Page', 'careerPage', '0', NULL, '{section.name|raw}', NULL, '2016-07-19 19:44:20', '2016-07-19 19:47:01', 'ad67505f-b1dc-42b4-976e-f2e669470312'),
 ('13', '13', '123', 'Career Job', 'careerJob', '1', 'Title', NULL, NULL, '2016-07-19 20:40:06', '2016-07-19 20:45:24', 'dcc88723-5306-4212-8164-2e60ab2f3401'),
 ('14', '14', '134', 'Volunteer', 'volunteer', '1', 'Title', NULL, NULL, '2016-07-20 14:45:30', '2016-07-20 19:23:09', '4ee78ea1-41fb-4157-b315-11998ead3d37'),
 ('15', '15', '145', 'Board Page', 'board', '1', 'Title', NULL, NULL, '2016-07-26 14:09:52', '2016-07-26 14:10:19', '5a0492e0-405b-455a-aa7e-053f97ccf47c'),
 ('16', '16', '147', 'Donations', 'donations', '1', 'Donations', NULL, NULL, '2016-07-26 19:48:28', '2016-08-02 15:15:18', 'dd5813da-ee12-456c-8a32-224969eac863');



DROP TABLE IF EXISTS `craft_entryversions`;


--
-- Schema for table `craft_entryversions`
--
CREATE TABLE `craft_entryversions` (
  `id` int(11) NOT NULL AUTO_INCREMENT,
  `entryId` int(11) NOT NULL,
  `sectionId` int(11) NOT NULL,
  `creatorId` int(11) DEFAULT NULL,
  `locale` char(12) COLLATE utf8_unicode_ci NOT NULL,
  `num` smallint(6) unsigned NOT NULL,
  `notes` tinytext COLLATE utf8_unicode_ci,
  `data` mediumtext COLLATE utf8_unicode_ci NOT NULL,
  `dateCreated` datetime NOT NULL,
  `dateUpdated` datetime NOT NULL,
  `uid` char(36) COLLATE utf8_unicode_ci NOT NULL DEFAULT '0',
  PRIMARY KEY (`id`),
  KEY `craft_entryversions_entryId_locale_idx` (`entryId`,`locale`),
  KEY `craft_entryversions_sectionId_fk` (`sectionId`),
  KEY `craft_entryversions_creatorId_fk` (`creatorId`),
  KEY `craft_entryversions_locale_fk` (`locale`)
) ENGINE=InnoDB AUTO_INCREMENT=154 DEFAULT CHARSET=utf8 COLLATE=utf8_unicode_ci;

--
-- Data for table `craft_entryversions`
--

INSERT INTO `craft_entryversions` (`id`, `entryId`, `sectionId`, `creatorId`, `locale`, `num`, `notes`, `data`, `dateCreated`, `dateUpdated`, `uid`) VALUES
 ('1', '2', '1', '1', 'en_us', '1', NULL, '{\"typeId\":\"1\",\"authorId\":null,\"title\":\"Homepage\",\"slug\":\"homepage\",\"postDate\":1468254115,\"expiryDate\":null,\"enabled\":1,\"parentId\":null,\"fields\":[]}', '2016-07-11 16:21:55', '2016-07-11 16:21:55', '26f35aa1-a2df-4411-988d-c463355f0bd1'),
 ('2', '2', '1', '1', 'en_us', '2', NULL, '{\"typeId\":null,\"authorId\":null,\"title\":\"Welcome to Housingworks.dev!\",\"slug\":\"homepage\",\"postDate\":1468254115,\"expiryDate\":null,\"enabled\":\"1\",\"parentId\":null,\"fields\":{\"1\":\"<p>It\\u2019s true, this site doesn\\u2019t have a whole lot of content yet, but don\\u2019t worry. Our web developers have just installed the CMS, and they\\u2019re setting things up for the content editors this very moment. Soon Housingworks.dev will be an oasis of fresh perspectives, sharp analyses, and astute opinions that will keep you coming back again and again.<\\/p>\"}}', '2016-07-11 16:21:55', '2016-07-11 16:21:55', 'f15d8d2b-b438-428c-a346-c015d5411de9'),
 ('4', '5', '3', '1', 'en_us', '1', '', '{\"typeId\":null,\"authorId\":\"1\",\"title\":\"NYC Black Lives Matter Demonstration\",\"slug\":\"nyc-black-lives-matter-demonstration\",\"postDate\":1468255723,\"expiryDate\":null,\"enabled\":1,\"parentId\":null,\"fields\":{\"1\":\"<p>New York, NY&mdash;Housing Works is grateful to all the people from our community&mdash;Housing Works staff, clients, volunteers, supporters, and allies&mdash;who came out to march with us at the July 7 Black Lives Matter demonstration.<\\/p>\\r\\n\\r\\n<p>The evening rally and march were peaceful and non-violent, but very disruptive, as we marched from the rally location in Union Square, into traffic up Fifth Avenue, through Herald Square and across 34th Street and eventually ending in Times Square. We stopped traffic all along the way, and once we reached and overtook Times Square, we were successful in staging a huge sit-in before&nbsp;NYPD&nbsp;swooped in and began making arrests.<\\/p>\",\"3\":[\"4\"]}}', '2016-07-11 16:48:43', '2016-07-11 16:48:43', '2785b182-1a41-482f-bf58-5b3d5b4c1caa'),
 ('5', '5', '3', '1', 'en_us', '2', '', '{\"typeId\":\"3\",\"authorId\":\"1\",\"title\":\"NYC Black Lives Matter Demonstration\",\"slug\":\"nyc-black-lives-matter-demonstration\",\"postDate\":1468255680,\"expiryDate\":null,\"enabled\":1,\"parentId\":null,\"fields\":{\"1\":\"<p>New York, NY&mdash;Housing Works is grateful to all the people from our community&mdash;Housing Works staff, clients, volunteers, supporters, and allies&mdash;who came out to march with us at the July 7 Black Lives Matter demonstration.<\\/p>\\r\\n\\r\\n<p>The evening rally and march were peaceful and non-violent, but very disruptive, as we marched from the rally location in Union Square, into traffic up Fifth Avenue, through Herald Square and across 34th Street and eventually ending in Times Square. We stopped traffic all along the way, and once we reached and overtook Times Square, we were successful in staging a huge sit-in before&nbsp;NYPD&nbsp;swooped in and began making arrests.<\\/p>\",\"3\":[\"4\"],\"4\":{\"new1\":{\"type\":\"singleImage\",\"enabled\":\"1\",\"fields\":{\"image\":[\"4\"]}},\"new2\":{\"type\":\"text\",\"enabled\":\"1\",\"fields\":{\"text\":\"<p>The evening rally and march were peaceful and non-violent, but very disruptive, as we marched from the rally location in Union Square, into traffic up Fifth Avenue, through Herald Square and across 34th Street and eventually ending in Times Square. We stopped traffic all along the way, and once we reached and overtook Times Square, we were successful in staging a huge sit-in before&nbsp;NYPD&nbsp;swooped in and began making arrests.<\\/p>\"}},\"new3\":{\"type\":\"slideShow\",\"enabled\":\"1\",\"fields\":{\"slideShowImage\":[\"4\",\"6\"]}}}}}', '2016-07-11 17:16:59', '2016-07-11 17:16:59', '1776c31c-7186-48b1-8805-cde86dd2a149'),
 ('6', '5', '3', '1', 'en_us', '3', '', '{\"typeId\":\"3\",\"authorId\":\"1\",\"title\":\"NYC Black Lives Matter Demonstration\",\"slug\":\"nyc-black-lives-matter-demonstration\",\"postDate\":1468255680,\"expiryDate\":null,\"enabled\":1,\"parentId\":null,\"fields\":{\"8\":[\"10\"],\"1\":\"<p>New York, NY&mdash;Housing Works is grateful to all the people from our community&mdash;Housing Works staff, clients, volunteers, supporters, and allies&mdash;who came out to march with us at the July 7 Black Lives Matter demonstration.<\\/p>\\r\\n\\r\\n<p>The evening rally and march were peaceful and non-violent, but very disruptive, as we marched from the rally location in Union Square, into traffic up Fifth Avenue, through Herald Square and across 34th Street and eventually ending in Times Square. We stopped traffic all along the way, and once we reached and overtook Times Square, we were successful in staging a huge sit-in before&nbsp;NYPD&nbsp;swooped in and began making arrests.<\\/p>\",\"3\":[\"4\"],\"4\":{\"7\":{\"type\":\"singleImage\",\"enabled\":\"1\",\"fields\":{\"singleImage\":[\"4\"]}},\"8\":{\"type\":\"text\",\"enabled\":\"1\",\"fields\":{\"text\":\"<p>The evening rally and march were peaceful and non-violent, but very disruptive, as we marched from the rally location in Union Square, into traffic up Fifth Avenue, through Herald Square and across 34th Street and eventually ending in Times Square. We stopped traffic all along the way, and once we reached and overtook Times Square, we were successful in staging a huge sit-in before&nbsp;NYPD&nbsp;swooped in and began making arrests.<\\/p>\"}},\"9\":{\"type\":\"slideShow\",\"enabled\":\"1\",\"fields\":{\"slideShowImages\":[\"4\",\"6\"]}}}}}', '2016-07-11 18:47:42', '2016-07-11 18:47:42', 'b4ca7806-c3f4-45c3-9110-8733cb181b51'),
 ('7', '5', '3', '1', 'en_us', '4', '', '{\"typeId\":\"3\",\"authorId\":\"1\",\"title\":\"NYC Black Lives Matter Demonstration\",\"slug\":\"nyc-black-lives-matter-demonstration\",\"postDate\":1468255680,\"expiryDate\":null,\"enabled\":1,\"parentId\":null,\"fields\":{\"8\":[\"10\"],\"1\":\"<p>New York, NY&mdash;Housing Works is grateful to all the people from our community&mdash;Housing Works staff, clients, volunteers, supporters, and allies&mdash;who came out to march with us at the July 7 Black Lives Matter demonstration.<\\/p>\\r\\n\\r\\n<p>The evening rally and march were peaceful and non-violent, but very disruptive, as we marched from the rally location in Union Square, into traffic up Fifth Avenue, through Herald Square and across 34th Street and eventually ending in Times Square. We stopped traffic all along the way, and once we reached and overtook Times Square, we were successful in staging a huge sit-in before&nbsp;NYPD&nbsp;swooped in and began making arrests.<\\/p>\",\"3\":[\"4\"],\"4\":{\"7\":{\"type\":\"singleImage\",\"enabled\":\"1\",\"fields\":{\"singleImage\":[\"4\"]}},\"8\":{\"type\":\"text\",\"enabled\":\"1\",\"fields\":{\"text\":\"<p>The evening rally and march were peaceful and non-violent, but very disruptive, as we marched from the rally location in Union Square, into traffic up Fifth Avenue, through Herald Square and across 34th Street and eventually ending in Times Square. We stopped traffic all along the way, and once we reached and overtook Times Square, we were successful in staging a huge sit-in before&nbsp;NYPD&nbsp;swooped in and began making arrests.<\\/p>\"}},\"9\":{\"type\":\"slideShow\",\"enabled\":\"1\",\"fields\":{\"slideShowImages\":[\"4\",\"6\"]}}}}}', '2016-07-11 21:17:13', '2016-07-11 21:17:13', '4fe0d677-d4d3-4a3e-85ee-58cfb9d01e2c'),
 ('8', '5', '3', '1', 'en_us', '5', '', '{\"typeId\":\"3\",\"authorId\":\"1\",\"title\":\"NYC Black Lives Matter Demonstration\",\"slug\":\"nyc-black-lives-matter-demonstration\",\"postDate\":1468255680,\"expiryDate\":null,\"enabled\":1,\"parentId\":null,\"fields\":{\"8\":[\"10\"],\"1\":\"<p>New York, NY&mdash;Housing Works is grateful to all the people from our community&mdash;Housing Works staff, clients, volunteers, supporters, and allies&mdash;who came out to march with us at the July 7 Black Lives Matter demonstration.<\\/p>\\r\\n\\r\\n<p>The evening rally and march were peaceful and non-violent, but very disruptive, as we marched from the rally location in Union Square, into traffic up Fifth Avenue, through Herald Square and across 34th Street and eventually ending in Times Square. We stopped traffic all along the way, and once we reached and overtook Times Square, we were successful in staging a huge sit-in before&nbsp;NYPD&nbsp;swooped in and began making arrests.<\\/p>\",\"3\":[\"4\"],\"4\":{\"7\":{\"type\":\"singleImage\",\"enabled\":\"1\",\"fields\":{\"singleImage\":[\"4\"]}},\"8\":{\"type\":\"text\",\"enabled\":\"1\",\"fields\":{\"text\":\"<p>The evening rally and march were peaceful and non-violent, but very disruptive, as we marched from the rally location in Union Square, into traffic up Fifth Avenue, through Herald Square and across 34th Street and eventually ending in Times Square. We stopped traffic all along the way, and once we reached and overtook Times Square, we were successful in staging a huge sit-in before&nbsp;NYPD&nbsp;swooped in and began making arrests.<\\/p>\"}},\"9\":{\"type\":\"slideShow\",\"enabled\":\"1\",\"fields\":{\"slideShowImages\":[\"4\",\"6\"]}}}}}', '2016-07-11 21:26:36', '2016-07-11 21:26:36', 'd553233d-024d-4a60-9196-7507d5d19d9e'),
 ('9', '25', '3', '1', 'en_us', '1', '', '{\"typeId\":null,\"authorId\":\"1\",\"title\":\"CEO Charles King Reflects on Alton Sterling & Philando Castile Shootings\",\"slug\":\"ceo-charles-king-reflects-on-alton-sterling-philando-castile-shootings\",\"postDate\":1468272505,\"expiryDate\":null,\"enabled\":1,\"parentId\":null,\"fields\":{\"8\":\"\",\"1\":\"<p><strong>A Statement & Call-to-Action by Housing Works&nbsp;CEO&nbsp;Charles King on the Shootings of Alton Sterling & Philado Castile<\\/strong><\\/p>\\r\\n\\r\\n<p>On more than one occasion, my partner and Housing Works co-founder Keith Cylar told me that the biggest threat to his existence was not asthma, which almost killed him as an infant and several more times throughout his life, nor drugs, to which he was addicted for most of his adulthood, nor&nbsp;AIDS, which he lived with for over 20 years, nor homophobia, which he confronted almost every day from the time he came out as a teenager. The biggest threat to his existence, he said, was being a Black man living in America. I could not shake those words last night and again this morning reading and watching the videos of the police killings of Alton Sterling in Baton Rouge and then of Philando Castile in St. Paul. And I asked myself, why does this keep happening time after time after time after time?<\\/p>\\r\\n\\r\\n<p>Of course, I know the answer to that question. If there is anything that we have learned over the last eight years with a Black man as our President, and if there is anything we have witnessed over the last year as Donald Trump has risen to become the presidential nominee of the Republican Party, it is that racism is not just something in our past. Rather, it is seeded in the&nbsp;DNA&nbsp;of our nation and in the&nbsp;DNAof every city, town, and hamlet in our land. It touches and taints everything around us. It is why Black women are so many times more likely than other women to be infected with&nbsp;HIV, especially in the deep South, and it is why young Black&nbsp;MSM&nbsp;are more likely to be infected with&nbsp;HIV&nbsp;than any other group right here in New York City. It is why people of color, and especially Black people, fair worse on almost every health indicator, and every other measure of well-being. Yes, there are other deeply seated \\u201cisms\\u201d in our society, including sexism, homophobia, and transphobia, but look at any one of these other prejudices through the prism of race and you can see just how utterly devastating racism really is.<\\/p>\",\"3\":[\"6\"],\"4\":\"\"}}', '2016-07-11 21:28:25', '2016-07-11 21:28:25', 'b0a2d9e7-4c20-4fdd-a986-8370ef205619'),
 ('10', '5', '3', '1', 'en_us', '6', '', '{\"typeId\":\"3\",\"authorId\":\"1\",\"title\":\"NYC Black Lives Matter Demonstration\",\"slug\":\"nyc-black-lives-matter-demonstration\",\"postDate\":1468255680,\"expiryDate\":null,\"enabled\":1,\"parentId\":null,\"fields\":{\"8\":[\"10\"],\"1\":\"<p>New York, NY&mdash;Housing Works is grateful to all the people from our community&mdash;Housing Works staff, clients, volunteers, supporters, and allies&mdash;who came out to march with us at the July 7 Black Lives Matter demonstration.<\\/p>\\r\\n\\r\\n<p>The evening rally and march were peaceful and non-violent, but very disruptive, as we marched from the rally location in Union Square, into traffic up Fifth Avenue, through Herald Square and across 34th Street and eventually ending in Times Square. We stopped traffic all along the way, and once we reached and overtook Times Square, we were successful in staging a huge sit-in before&nbsp;NYPD&nbsp;swooped in and began making arrests.<\\/p>\",\"3\":[\"4\"],\"4\":{\"7\":{\"type\":\"singleImage\",\"enabled\":\"1\",\"fields\":{\"singleImage\":[\"4\"]}},\"8\":{\"type\":\"text\",\"enabled\":\"1\",\"fields\":{\"text\":\"<p>The evening rally and march were peaceful and non-violent, but very disruptive, as we marched from the rally location in Union Square, into traffic up Fifth Avenue, through Herald Square and across 34th Street and eventually ending in Times Square. We stopped traffic all along the way, and once we reached and overtook Times Square, we were successful in staging a huge sit-in before&nbsp;NYPD&nbsp;swooped in and began making arrests.<\\/p>\"}},\"9\":{\"type\":\"slideShow\",\"enabled\":\"1\",\"fields\":{\"slideShowImages\":[\"4\",\"6\"]}}}}}', '2016-07-11 21:29:03', '2016-07-11 21:29:03', '451f9bc5-009f-4f20-97d6-e8a3cfb32bd7'),
 ('11', '5', '3', '1', 'en_us', '7', '', '{\"typeId\":\"3\",\"authorId\":\"1\",\"title\":\"NYC Black Lives Matter Demonstration\",\"slug\":\"nyc-black-lives-matter-demonstration\",\"postDate\":1468255680,\"expiryDate\":null,\"enabled\":1,\"parentId\":null,\"fields\":{\"8\":[\"10\"],\"1\":\"<p>New York, NY&mdash;Housing Works is grateful to all the people from our community&mdash;Housing Works staff, clients, volunteers, supporters, and allies&mdash;who came out to march with us at the July 7 Black Lives Matter demonstration.<\\/p>\\r\\n\\r\\n<p>The evening rally and march were peaceful and non-violent, but very disruptive, as we marched from the rally location in Union Square, into traffic up Fifth Avenue, through Herald Square and across 34th Street and eventually ending in Times Square. We stopped traffic all along the way, and once we reached and overtook Times Square, we were successful in staging a huge sit-in before&nbsp;NYPD&nbsp;swooped in and began making arrests.<\\/p>\",\"9\":{\"date\":\"7\\/8\\/2016\"},\"3\":[\"4\"],\"4\":{\"7\":{\"type\":\"singleImage\",\"enabled\":\"1\",\"fields\":{\"singleImage\":[\"4\"]}},\"8\":{\"type\":\"text\",\"enabled\":\"1\",\"fields\":{\"text\":\"<p>The evening rally and march were peaceful and non-violent, but very disruptive, as we marched from the rally location in Union Square, into traffic up Fifth Avenue, through Herald Square and across 34th Street and eventually ending in Times Square. We stopped traffic all along the way, and once we reached and overtook Times Square, we were successful in staging a huge sit-in before&nbsp;NYPD&nbsp;swooped in and began making arrests.<\\/p>\"}},\"9\":{\"type\":\"slideShow\",\"enabled\":\"1\",\"fields\":{\"slideShowImages\":[\"4\",\"6\"]}}}}}', '2016-07-11 21:36:36', '2016-07-11 21:36:36', '0541dd3f-312d-4928-af21-cb927b5094b1'),
 ('12', '25', '3', '1', 'en_us', '2', '', '{\"typeId\":\"3\",\"authorId\":\"1\",\"title\":\"CEO Charles King Reflects on Alton Sterling & Philando Castile Shootings\",\"slug\":\"ceo-charles-king-reflects-on-alton-sterling-philando-castile-shootings\",\"postDate\":1468272480,\"expiryDate\":null,\"enabled\":1,\"parentId\":null,\"fields\":{\"8\":\"\",\"1\":\"<p><strong>A Statement & Call-to-Action by Housing Works&nbsp;CEO&nbsp;Charles King on the Shootings of Alton Sterling & Philado Castile<\\/strong><\\/p>\\r\\n\\r\\n<p>On more than one occasion, my partner and Housing Works co-founder Keith Cylar told me that the biggest threat to his existence was not asthma, which almost killed him as an infant and several more times throughout his life, nor drugs, to which he was addicted for most of his adulthood, nor&nbsp;AIDS, which he lived with for over 20 years, nor homophobia, which he confronted almost every day from the time he came out as a teenager. The biggest threat to his existence, he said, was being a Black man living in America. I could not shake those words last night and again this morning reading and watching the videos of the police killings of Alton Sterling in Baton Rouge and then of Philando Castile in St. Paul. And I asked myself, why does this keep happening time after time after time after time?<\\/p>\\r\\n\\r\\n\\r\\n\\r\\n<p>Of course, I know the answer to that question. If there is anything that we have learned over the last eight years with a Black man as our President, and if there is anything we have witnessed over the last year as Donald Trump has risen to become the presidential nominee of the Republican Party, it is that racism is not just something in our past. Rather, it is seeded in the&nbsp;DNA&nbsp;of our nation and in the&nbsp;DNAof every city, town, and hamlet in our land. It touches and taints everything around us. It is why Black women are so many times more likely than other women to be infected with&nbsp;HIV, especially in the deep South, and it is why young Black&nbsp;MSM&nbsp;are more likely to be infected with&nbsp;HIV&nbsp;than any other group right here in New York City. It is why people of color, and especially Black people, fair worse on almost every health indicator, and every other measure of well-being. Yes, there are other deeply seated \\u201cisms\\u201d in our society, including sexism, homophobia, and transphobia, but look at any one of these other prejudices through the prism of race and you can see just how utterly devastating racism really is.<\\/p>\",\"9\":{\"date\":\"7\\/11\\/2016\"},\"3\":[\"6\"],\"4\":\"\"}}', '2016-07-11 21:36:44', '2016-07-11 21:36:44', '1b25e4d5-806d-4e40-8459-15e1b488df2d'),
 ('13', '5', '3', '1', 'en_us', '8', '', '{\"typeId\":\"3\",\"authorId\":\"1\",\"title\":\"NYC Black Lives Matter Demonstration\",\"slug\":\"nyc-black-lives-matter-demonstration\",\"postDate\":1468255680,\"expiryDate\":null,\"enabled\":1,\"parentId\":null,\"fields\":{\"8\":[\"18\",\"10\"],\"1\":\"<p>New York, NY&mdash;Housing Works is grateful to all the people from our community&mdash;Housing Works staff, clients, volunteers, supporters, and allies&mdash;who came out to march with us at the July 7 Black Lives Matter demonstration.<\\/p>\\r\\n\\r\\n<p>The evening rally and march were peaceful and non-violent, but very disruptive, as we marched from the rally location in Union Square, into traffic up Fifth Avenue, through Herald Square and across 34th Street and eventually ending in Times Square. We stopped traffic all along the way, and once we reached and overtook Times Square, we were successful in staging a huge sit-in before&nbsp;NYPD&nbsp;swooped in and began making arrests.<\\/p>\",\"9\":{\"date\":\"7\\/8\\/2016\"},\"3\":[\"4\"],\"4\":{\"7\":{\"type\":\"singleImage\",\"enabled\":\"1\",\"fields\":{\"singleImage\":[\"4\"]}},\"8\":{\"type\":\"text\",\"enabled\":\"1\",\"fields\":{\"text\":\"<p>The evening rally and march were peaceful and non-violent, but very disruptive, as we marched from the rally location in Union Square, into traffic up Fifth Avenue, through Herald Square and across 34th Street and eventually ending in Times Square. We stopped traffic all along the way, and once we reached and overtook Times Square, we were successful in staging a huge sit-in before&nbsp;NYPD&nbsp;swooped in and began making arrests.<\\/p>\"}},\"9\":{\"type\":\"slideShow\",\"enabled\":\"1\",\"fields\":{\"slideShowImages\":[\"4\",\"6\"]}}}}}', '2016-07-11 23:03:59', '2016-07-11 23:03:59', 'c5c31271-c4c8-4adf-a859-1f2e139599c1'),
 ('14', '5', '3', '1', 'en_us', '9', '', '{\"typeId\":\"3\",\"authorId\":\"1\",\"title\":\"NYC Black Lives Matter Demonstration\",\"slug\":\"nyc-black-lives-matter-demonstration\",\"postDate\":1468255680,\"expiryDate\":null,\"enabled\":1,\"parentId\":null,\"fields\":{\"8\":[\"18\",\"27\",\"10\"],\"1\":\"<p>New York, NY&mdash;Housing Works is grateful to all the people from our community&mdash;Housing Works staff, clients, volunteers, supporters, and allies&mdash;who came out to march with us at the July 7 Black Lives Matter demonstration.<\\/p>\\r\\n\\r\\n<p>The evening rally and march were peaceful and non-violent, but very disruptive, as we marched from the rally location in Union Square, into traffic up Fifth Avenue, through Herald Square and across 34th Street and eventually ending in Times Square. We stopped traffic all along the way, and once we reached and overtook Times Square, we were successful in staging a huge sit-in before&nbsp;NYPD&nbsp;swooped in and began making arrests.<\\/p>\",\"9\":{\"date\":\"7\\/8\\/2016\"},\"3\":[\"4\"],\"4\":{\"7\":{\"type\":\"singleImage\",\"enabled\":\"1\",\"fields\":{\"singleImage\":[\"4\"]}},\"8\":{\"type\":\"text\",\"enabled\":\"1\",\"fields\":{\"text\":\"<p>The evening rally and march were peaceful and non-violent, but very disruptive, as we marched from the rally location in Union Square, into traffic up Fifth Avenue, through Herald Square and across 34th Street and eventually ending in Times Square. We stopped traffic all along the way, and once we reached and overtook Times Square, we were successful in staging a huge sit-in before&nbsp;NYPD&nbsp;swooped in and began making arrests.<\\/p>\"}},\"9\":{\"type\":\"slideShow\",\"enabled\":\"1\",\"fields\":{\"slideShowImages\":[\"4\",\"6\"]}}}}}', '2016-07-11 23:04:19', '2016-07-11 23:04:19', '48769ecb-2b9f-44aa-a926-04178534436e'),
 ('15', '30', '4', '1', 'en_us', '1', '', '{\"typeId\":null,\"authorId\":\"1\",\"title\":\"Suit Accuses Landlord of Discriminating Against Tenant With AIDS\",\"slug\":\"suit-accuses-landlord-of-discriminating-against-tenant-with-aids\",\"postDate\":1468337203,\"expiryDate\":null,\"enabled\":1,\"parentId\":null,\"fields\":{\"12\":\"Noah Remnick\",\"1\":\"<p>New York Times coverage of lawsuit filed by Armen H. Merjian, &hellip;<\\/p><p><a href=\\\"http:\\/\\/www.nytimes.com\\/2015\\/06\\/24\\/nyregion\\/suit-accuses-landlord-of-discriminating-against-tenant-with-aids.html\\\">http:\\/\\/www.nytimes.com\\/2015\\/06...<\\/a><span><\\/span><\\/p>\",\"9\":{\"date\":\"7\\/12\\/2016\"},\"13\":\"\",\"10\":\"\",\"11\":\"New York Times\"}}', '2016-07-12 15:26:43', '2016-07-12 15:26:43', '9568c501-bbe5-46b0-b65c-560a2b4dcc65'),
 ('16', '5', '3', '1', 'en_us', '10', '', '{\"typeId\":\"3\",\"authorId\":\"1\",\"title\":\"NYC Black Lives Matter Demonstration\",\"slug\":\"nyc-black-lives-matter-demonstration\",\"postDate\":1468255680,\"expiryDate\":null,\"enabled\":1,\"parentId\":null,\"fields\":{\"8\":[\"18\",\"27\",\"10\"],\"1\":\"<p>New York, NY&mdash;Housing Works is grateful to all the people from our community&mdash;Housing Works staff, clients, volunteers, supporters, and allies&mdash;who came out to march with us at the July 7 Black Lives Matter demonstration.<\\/p>\\r\\n\\r\\n<p>The evening rally and march were peaceful and non-violent, but very disruptive, as we marched from the rally location in Union Square, into traffic up Fifth Avenue, through Herald Square and across 34th Street and eventually ending in Times Square. We stopped traffic all along the way, and once we reached and overtook Times Square, we were successful in staging a huge sit-in before&nbsp;NYPD&nbsp;swooped in and began making arrests.<\\/p>\",\"9\":{\"date\":\"7\\/8\\/2016\"},\"3\":[\"4\"],\"4\":{\"7\":{\"type\":\"singleImage\",\"enabled\":\"1\",\"fields\":{\"singleImage\":[\"4\"]}},\"8\":{\"type\":\"text\",\"enabled\":\"1\",\"fields\":{\"text\":\"<p>The evening rally and march were peaceful and non-violent, but very disruptive, as we marched from the rally location in Union Square, into traffic up Fifth Avenue, through Herald Square and across 34th Street and eventually ending in Times Square. We stopped traffic all along the way, and once we reached and overtook Times Square, we were successful in staging a huge sit-in before&nbsp;NYPD&nbsp;swooped in and began making arrests.<\\/p>\"}},\"9\":{\"type\":\"slideShow\",\"enabled\":\"1\",\"fields\":{\"slideShowImages\":[\"4\",\"6\"]}}}}}', '2016-07-12 15:48:59', '2016-07-12 15:48:59', '0c806598-2fb3-46ab-9c6a-f07fdf0a2ebe'),
 ('17', '30', '4', '1', 'en_us', '2', '', '{\"typeId\":\"4\",\"authorId\":\"1\",\"title\":\"Suit Accuses Landlord of Discriminating Against Tenant With AIDS\",\"slug\":\"suit-accuses-landlord-of-discriminating-against-tenant-with-aids\",\"postDate\":1468337160,\"expiryDate\":null,\"enabled\":1,\"parentId\":null,\"fields\":{\"12\":\"Noah Remnick\",\"1\":\"<p>New York Times coverage of lawsuit filed by Armen H. Merjian, &hellip;<\\/p>\\r\\n\\r\\n<p><a href=\\\"http:\\/\\/www.nytimes.com\\/2015\\/06\\/24\\/nyregion\\/suit-accuses-landlord-of-discriminating-against-tenant-with-aids.html\\\">http:\\/\\/www.nytimes.com\\/2015\\/06...<\\/a><\\/p>\",\"9\":{\"date\":\"7\\/12\\/2016\"},\"13\":\"\",\"10\":\"\",\"11\":\"New York Times\"}}', '2016-07-12 15:52:00', '2016-07-12 15:52:00', '49fe7fe7-de0b-46e7-b9a4-27fd23a0a7d2'),
 ('18', '30', '4', '1', 'en_us', '3', '', '{\"typeId\":\"4\",\"authorId\":\"1\",\"title\":\"Suit Accuses Landlord of Discriminating Against Tenant With AIDS\",\"slug\":\"suit-accuses-landlord-of-discriminating-against-tenant-with-aids\",\"postDate\":1468337160,\"expiryDate\":null,\"enabled\":1,\"parentId\":null,\"fields\":{\"12\":\"Noah Remnick\",\"1\":\"<p>New York Times coverage of lawsuit filed by Armen H. Merjian, &hellip;<\\/p>\\r\\n\\r\\n<p><a href=\\\"http:\\/\\/www.nytimes.com\\/2015\\/06\\/24\\/nyregion\\/suit-accuses-landlord-of-discriminating-against-tenant-with-aids.html\\\">http:\\/\\/www.nytimes.com\\/2015\\/06...<\\/a><\\/p>\",\"9\":{\"date\":\"7\\/12\\/2016\"},\"13\":[\"33\"],\"10\":\"\",\"11\":\"New York Times\"}}', '2016-07-12 15:59:56', '2016-07-12 15:59:56', '663c999e-1e0b-457d-8d97-1dcc4b65b6c9'),
 ('19', '38', '4', '1', 'en_us', '1', '', '{\"typeId\":null,\"authorId\":\"1\",\"title\":\"DatingAdvice.com\",\"slug\":\"datingadvice-com\",\"postDate\":1468339440,\"expiryDate\":null,\"enabled\":1,\"parentId\":null,\"fields\":{\"12\":\"Brian Bier\",\"1\":\"<p><a href=\\\"http:\\/\\/www.datingadvice.com\\/for-men\\/housing-works-the-1-organization-fighting-to-end-homelessness-and-aids\\\">For the full story, click here<\\/a><\\/p>\",\"9\":{\"date\":\"7\\/12\\/2016\"},\"13\":\"\",\"10\":[\"37\"],\"11\":\"Dating Advice\"}}', '2016-07-12 16:04:00', '2016-07-12 16:04:00', '318d6dac-64f0-4fe2-9d49-af0aa0fef461'),
 ('20', '38', '4', '1', 'en_us', '2', '', '{\"typeId\":\"4\",\"authorId\":\"1\",\"title\":\"DatingAdvice.com\",\"slug\":\"datingadvice-com\",\"postDate\":1468339440,\"expiryDate\":null,\"enabled\":1,\"parentId\":null,\"fields\":{\"12\":\"Brian Bier\",\"1\":\"<p><a href=\\\"http:\\/\\/www.datingadvice.com\\/for-men\\/housing-works-the-1-organization-fighting-to-end-homelessness-and-aids\\\">For the full story, click here<\\/a><\\/p>\",\"9\":{\"date\":\"7\\/12\\/2016\"},\"13\":[\"39\"],\"10\":[\"37\"],\"11\":\"Dating Advice\"}}', '2016-07-12 16:10:36', '2016-07-12 16:10:36', '26f5b41e-9747-45d4-9823-3d9af03b4694'),
 ('21', '41', '4', '1', 'en_us', '1', '', '{\"typeId\":null,\"authorId\":\"1\",\"title\":\" Glamour Magazine\",\"slug\":\"glamour-magazine\",\"postDate\":1468342408,\"expiryDate\":null,\"enabled\":1,\"parentId\":null,\"fields\":{\"12\":\"Brian Bier\",\"1\":\"<p><a href=\\\"http:\\/\\/www.glamour.com\\/fashion\\/blogs\\/dressed\\/2013\\/11\\/shopping-for-vintage-holiday-g.html\\\">For the full story, click here<\\/a><\\/p>\",\"9\":{\"date\":\"7\\/12\\/2016\"},\"13\":[\"34\",\"40\"],\"10\":[\"35\"],\"11\":\"Glamore\"}}', '2016-07-12 16:53:28', '2016-07-12 16:53:28', 'ee7fdf4f-5675-4dea-bf12-a71deb197fa5'),
 ('22', '44', '4', '1', 'en_us', '1', '', '{\"typeId\":null,\"authorId\":\"1\",\"title\":\" Editor TV\",\"slug\":\"editor-tv\",\"postDate\":1468343229,\"expiryDate\":null,\"enabled\":1,\"parentId\":null,\"fields\":{\"12\":\"Brian BIer\",\"1\":\"<p><a href=\\\"http:\\/\\/editoratlarge.com\\/editortv\\/designers-master-mad-dash-shopping-part-i\\/222\\\">For the full story, click here<\\/a><\\/p>\",\"9\":{\"date\":\"7\\/11\\/2016\"},\"13\":[\"34\",\"42\"],\"10\":[\"43\"],\"11\":\"The Editor at Large\"}}', '2016-07-12 17:07:09', '2016-07-12 17:07:09', '62428a36-324e-4166-ade8-9242f73d70ed'),
 ('23', '46', '4', '1', 'en_us', '1', '', '{\"typeId\":null,\"authorId\":\"1\",\"title\":\"New York Magazine\",\"slug\":\"new-york-magazine\",\"postDate\":1468343369,\"expiryDate\":null,\"enabled\":1,\"parentId\":null,\"fields\":{\"12\":\"Brian Bier\",\"1\":\"<p><a href=\\\"http:\\/\\/nymag.com\\/daily\\/intelligencer\\/2013\\/11\\/patricia-clarkson-21-questions.html\\\">For the full story, click here<\\/a><\\/p>\",\"9\":{\"date\":\"7\\/12\\/2016\"},\"13\":[\"34\",\"40\"],\"10\":[\"45\"],\"11\":\"New York Magazines\"}}', '2016-07-12 17:09:29', '2016-07-12 17:09:29', '61afb170-a810-45e3-b89a-9b4dd6652a15'),
 ('24', '49', '5', '1', 'en_us', '1', '', '{\"typeId\":null,\"authorId\":\"1\",\"title\":\"Governor Cuomo Announces State Support for Expanded Housing & Services for People with HIV\",\"slug\":\"governor-cuomo-announces-state-support-for-expanded-housing-services-for-people-with-hiv\",\"postDate\":1468349582,\"expiryDate\":null,\"enabled\":1,\"parentId\":null,\"fields\":{\"1\":\"<p><strong>Contacts:<\\/strong>&nbsp;Mikola De Roo, 347-585-6051, m.deroo@housingworks.org Elizabeth Koke, 347-473-7459, e.koke@housingworks.org<\\/p>\\r\\n\\r\\n<p><strong>Governor Cuomo Announces State Support for Expanded Housing & Services for People with&nbsp;HIV<\\/strong><\\/p>\\r\\n\\r\\n<p>Albany, NY\\u2013On the eve of New York City Pride, a weekend of events celebrating lesbian, gay, bisexual, transgender, and gender-non-conforming New Yorkers, Governor Andrew Cuomo has announced the expansion of&nbsp;HIV\\/AIDS housing and services to all income-eligible people with&nbsp;HIV&nbsp;in New York City. With this announcement, the State joins New York City in a significant step towards ending our&nbsp;HIV&nbsp;epidemic&mdash;a victory for&nbsp;NYC&nbsp;residents with&nbsp;HIV, Housing Works and otherHIV\\/AIDS Advocacy organizations that is the culmination of many years of a \\u201cHASA for ALL\\u201d campaign.<\\/p>\\r\\n\\r\\n<p>Homelessness and housing instability remain obstacles to effective&nbsp;HIV&nbsp;treatment for an estimated 10,000&nbsp;HIV-positive New Yorkers across the State. For an individual with&nbsp;HIV, lack of stable housing and access to transportation and food pose formidable barriers to engagement in effective&nbsp;HIV&nbsp;care and can mean the difference between life and death. NYC\\u2019s&nbsp;HIV\\/AIDS Services Administration (HASA) provides lifesaving social services including rental subsidies and transportation and nutritional assistance, but to date these essential benefits have been limited to persons withAIDS&nbsp;or other advanced&nbsp;HIV&nbsp;disease by outdated eligibility criteria.<\\/p>\",\"9\":{\"date\":\"7\\/12\\/2016\"},\"10\":[\"48\"]}}', '2016-07-12 18:53:02', '2016-07-12 18:53:02', '2729034d-e794-4cb0-a4c0-571aacf39637'),
 ('25', '49', '5', '1', 'en_us', '2', '', '{\"typeId\":\"5\",\"authorId\":\"1\",\"title\":\"Governor Cuomo Announces State Support for Expanded Housing & Services for People with HIV\",\"slug\":\"governor-cuomo-announces-state-support-for-expanded-housing-services-for-people-with-hiv\",\"postDate\":1468349580,\"expiryDate\":null,\"enabled\":1,\"parentId\":null,\"fields\":{\"1\":\"<p><strong>Contacts:<\\/strong>&nbsp;Mikola De Roo, 347-585-6051, m.deroo@housingworks.org Elizabeth Koke, 347-473-7459, e.koke@housingworks.org<\\/p>\\r\\n\\r\\n<p><strong>Governor Cuomo Announces State Support for Expanded Housing & Services for People with&nbsp;HIV<\\/strong><\\/p>\\r\\n\\r\\n\\r\\n\\r\\n<p>Albany, NY\\u2013On the eve of New York City Pride, a weekend of events celebrating lesbian, gay, bisexual, transgender, and gender-non-conforming New Yorkers, Governor Andrew Cuomo has announced the expansion of&nbsp;HIV\\/AIDS housing and services to all income-eligible people with&nbsp;HIV&nbsp;in New York City. With this announcement, the State joins New York City in a significant step towards ending our&nbsp;HIV&nbsp;epidemic&mdash;a victory for&nbsp;NYC&nbsp;residents with&nbsp;HIV, Housing Works and otherHIV\\/AIDS Advocacy organizations that is the culmination of many years of a \\u201cHASA for ALL\\u201d campaign.<\\/p>\\r\\n\\r\\n\\r\\n\\r\\n<p>Homelessness and housing instability remain obstacles to effective&nbsp;HIV&nbsp;treatment for an estimated 10,000&nbsp;HIV-positive New Yorkers across the State. For an individual with&nbsp;HIV, lack of stable housing and access to transportation and food pose formidable barriers to engagement in effective&nbsp;HIV&nbsp;care and can mean the difference between life and death. NYC\\u2019s&nbsp;HIV\\/AIDS Services Administration (HASA) provides lifesaving social services including rental subsidies and transportation and nutritional assistance, but to date these essential benefits have been limited to persons withAIDS&nbsp;or other advanced&nbsp;HIV&nbsp;disease by outdated eligibility criteria.<\\/p>\",\"9\":{\"date\":\"7\\/12\\/2016\",\"time\":\"2:00 PM\"},\"10\":[\"48\"]}}', '2016-07-12 18:58:57', '2016-07-12 18:58:57', '95de5bc1-add0-4a07-9772-0a8b4cb713ab'),
 ('26', '51', '5', '1', 'en_us', '1', '', '{\"typeId\":null,\"authorId\":\"1\",\"title\":\"Side Event to the United Nations High-Level Meeting on Ending AIDS to Address Exclusion\",\"slug\":\"side-event-to-the-united-nations-high-level-meeting-on-ending-aids-to-address-exclusion\",\"postDate\":1468350422,\"expiryDate\":null,\"enabled\":1,\"parentId\":null,\"fields\":{\"1\":\"<p>Media Advisory\\r\\nFor Immediate Release\\r\\nJune 3, 2016\\r\\nContact: Elizabeth Koke, Housing Works, e.koke@housingworks.org (347) 473-7459<\\/p>\\r\\n\\r\\n<p><strong>Side Event to the United Nations High-Level Meeting on Ending&nbsp;AIDS&nbsp;to Address Exclusion of Civil Society Organizations<\\/strong>\\r\\nTuesday, June 7, 2016 1pm-3pm\\r\\nEast River Room, Ford Foundation (320 East 43rd Street, New York, NY)\\r\\n<strong>Rally & Press Conference to follow<\\/strong><\\/p>\\r\\n\\r\\n<p><strong>New York, NY.<\\/strong>&nbsp;Twenty-two civil society organizations on five continents that provide services for&nbsp;LGBT&nbsp;communities, drug users, and other marginalized populations have been excluded from the 2016 United Nations High-Level Meeting (HLM) on Ending&nbsp;AIDS&nbsp;by an anonymous veto from a UN member state. To address this situation, a coalition of allies, including Housing Works,&nbsp;ICASO, Pangea GlobalAIDS, Coalition for Vulnerable Communities (CVC), African Services Committee,EANNASO,&nbsp;GNP+, and&nbsp;MSM&nbsp;Global Forum, are organizing a side event, \\u201c*The Impact of Civil Society Exclusion on Ending the&nbsp;AIDS&nbsp;Epidemic by 2030*,\\u201d to shed light on the harm done by omitting&nbsp;LGBT&nbsp;communities, drug users, and other marginalized populations from international efforts to end the&nbsp;AIDS&nbsp;epidemic.<\\/p>\",\"9\":{\"date\":\"7\\/11\\/2016\",\"time\":\"6:30 PM\"},\"10\":[\"50\"]}}', '2016-07-12 19:07:02', '2016-07-12 19:07:02', 'c13d8f2e-fcfd-4ae6-b7bf-a2e8d797072c'),
 ('27', '52', '6', '1', 'en_us', '1', NULL, '{\"typeId\":\"6\",\"authorId\":null,\"title\":\"Press Page\",\"slug\":\"press-page\",\"postDate\":1468353470,\"expiryDate\":null,\"enabled\":1,\"parentId\":null,\"fields\":[]}', '2016-07-12 19:57:50', '2016-07-12 19:57:50', 'd86182ff-6c01-4a9b-aced-5b6f0c5bfe34'),
 ('28', '52', '6', '1', 'en_us', '2', '', '{\"typeId\":null,\"authorId\":null,\"title\":\"Press Page\",\"slug\":\"press-page\",\"postDate\":1468353470,\"expiryDate\":null,\"enabled\":1,\"parentId\":null,\"fields\":{\"14\":\"Brian Bier\"}}', '2016-07-12 20:13:24', '2016-07-12 20:13:24', 'dcb1ef8e-b193-4a15-a721-9fee168896e4'),
 ('29', '52', '6', '1', 'en_us', '3', '', '{\"typeId\":\"6\",\"authorId\":null,\"title\":\"Press Page\",\"slug\":\"press-page\",\"postDate\":1468356078,\"expiryDate\":null,\"enabled\":1,\"parentId\":null,\"fields\":{\"17\":\"K.Oakes@HousingWorks.org\",\"14\":\"Katherine Oakes \",\"16\":\"\",\"15\":\"Public Relations Manager\"}}', '2016-07-12 20:50:16', '2016-07-12 20:50:16', 'bd90e2cf-55fc-465d-8c72-8f88ce2f9df9'),
 ('30', '52', '6', '1', 'en_us', '4', '', '{\"typeId\":\"6\",\"authorId\":null,\"title\":\"Press Page\",\"slug\":\"press-page\",\"postDate\":1468356078,\"expiryDate\":null,\"enabled\":1,\"parentId\":null,\"fields\":{\"17\":\"K.Oakes@HousingWorks.org\",\"14\":\"Katherine Oakes \",\"16\":\"212-966-0466\",\"15\":\"Public Relations Manager\"}}', '2016-07-12 20:51:48', '2016-07-12 20:51:48', 'a8e81db3-9c94-4d8b-a3dc-1d652808175b'),
 ('31', '41', '4', '1', 'en_us', '2', '', '{\"typeId\":\"4\",\"authorId\":\"1\",\"title\":\" Glamour Magazine\",\"slug\":\"glamour-magazine\",\"postDate\":1468342380,\"expiryDate\":null,\"enabled\":1,\"parentId\":\"\",\"fields\":{\"12\":\"Brian Bier\",\"1\":\"<p><a href=\\\"http:\\/\\/www.glamour.com\\/fashion\\/blogs\\/dressed\\/2013\\/11\\/shopping-for-vintage-holiday-g.html\\\">For the full story, click here<\\/a><\\/p>\",\"9\":{\"date\":\"7\\/12\\/2016\",\"time\":\"12:00 AM\"},\"18\":\"http:\\/\\/www.glamour.com\\/fashion\\/blogs\\/dressed\\/2013\\/11\\/shopping-for-vintage-holiday-g.html\",\"13\":[\"34\",\"40\"],\"10\":[\"35\"],\"11\":\"Glamore\"}}', '2016-07-12 21:07:23', '2016-07-12 21:07:23', 'a7f37862-2933-4e69-bd8d-c3fb051c1243'),
 ('32', '30', '4', '1', 'en_us', '4', '', '{\"typeId\":\"4\",\"authorId\":\"1\",\"title\":\"Suit Accuses Landlord of Discriminating Against Tenant With AIDS\",\"slug\":\"suit-accuses-landlord-of-discriminating-against-tenant-with-aids\",\"postDate\":1468337160,\"expiryDate\":null,\"enabled\":1,\"parentId\":\"\",\"fields\":{\"12\":\"Noah Remnick\",\"1\":\"<p>New York Times coverage of lawsuit filed by Armen H. Merjian, &hellip;<\\/p>\\r\\n\\r\\n<p><a href=\\\"http:\\/\\/www.nytimes.com\\/2015\\/06\\/24\\/nyregion\\/suit-accuses-landlord-of-discriminating-against-tenant-with-aids.html\\\">http:\\/\\/www.nytimes.com\\/2015\\/06...<\\/a><\\/p>\",\"9\":{\"date\":\"7\\/12\\/2016\",\"time\":\"12:00 AM\"},\"18\":\"http:\\/\\/www.nytimes.com\\/2015\\/06\\/24\\/nyregion\\/suit-accuses-landlord-of-discriminating-against-tenant-with-aids.html\",\"13\":[\"33\"],\"10\":\"\",\"11\":\"New York Times\"}}', '2016-07-12 21:07:46', '2016-07-12 21:07:46', '8d4a021e-1834-416c-a16f-25e349dd64d3'),
 ('33', '38', '4', '1', 'en_us', '3', '', '{\"typeId\":\"4\",\"authorId\":\"1\",\"title\":\"DatingAdvice.com\",\"slug\":\"datingadvice-com\",\"postDate\":1468339440,\"expiryDate\":null,\"enabled\":1,\"parentId\":\"\",\"fields\":{\"12\":\"Brian Bier\",\"1\":\"<p><a href=\\\"http:\\/\\/www.datingadvice.com\\/for-men\\/housing-works-the-1-organization-fighting-to-end-homelessness-and-aids\\\">For the full story, click here<\\/a><\\/p>\",\"9\":{\"date\":\"7\\/12\\/2016\",\"time\":\"12:00 AM\"},\"18\":\"http:\\/\\/www.datingadvice.com\\/for-men\\/housing-works-the-1-organization-fighting-to-end-homelessness-and-aids\",\"13\":[\"39\"],\"10\":[\"37\"],\"11\":\"Dating Advice\"}}', '2016-07-12 21:08:02', '2016-07-12 21:08:02', '33f7950d-3dec-4592-839d-78ffcaaf3373'),
 ('34', '44', '4', '1', 'en_us', '2', '', '{\"typeId\":\"4\",\"authorId\":\"1\",\"title\":\" Editor TV\",\"slug\":\"editor-tv\",\"postDate\":1468343220,\"expiryDate\":null,\"enabled\":1,\"parentId\":\"\",\"fields\":{\"12\":\"Brian BIer\",\"1\":\"<p><a href=\\\"http:\\/\\/editoratlarge.com\\/editortv\\/designers-master-mad-dash-shopping-part-i\\/222\\\">For the full story, click here<\\/a><\\/p>\",\"9\":{\"date\":\"7\\/11\\/2016\",\"time\":\"12:00 AM\"},\"18\":\"http:\\/\\/editoratlarge.com\\/editortv\\/designers-master-mad-dash-shopping-part-i\\/222\",\"13\":[\"34\",\"42\"],\"10\":[\"43\"],\"11\":\"The Editor at Large\"}}', '2016-07-12 21:08:19', '2016-07-12 21:08:19', '37dfd9c0-9a67-48ef-a2d1-cc59d9b21a55'),
 ('35', '46', '4', '1', 'en_us', '2', '', '{\"typeId\":\"4\",\"authorId\":\"1\",\"title\":\"New York Magazine\",\"slug\":\"new-york-magazine\",\"postDate\":1468343340,\"expiryDate\":null,\"enabled\":1,\"parentId\":\"\",\"fields\":{\"12\":\"Brian Bier\",\"1\":\"<p><a href=\\\"http:\\/\\/nymag.com\\/daily\\/intelligencer\\/2013\\/11\\/patricia-clarkson-21-questions.html\\\">For the full story, click here<\\/a><\\/p>\",\"9\":{\"date\":\"7\\/12\\/2016\",\"time\":\"12:00 AM\"},\"18\":\"http:\\/\\/nymag.com\\/daily\\/intelligencer\\/2013\\/11\\/patricia-clarkson-21-questions.html\",\"13\":[\"34\",\"40\"],\"10\":[\"45\"],\"11\":\"New York Magazines\"}}', '2016-07-12 21:08:35', '2016-07-12 21:08:35', 'c49cac1b-6700-4e29-a7b8-9e0b3fe32afa'),
 ('36', '51', '5', '1', 'en_us', '2', '', '{\"typeId\":\"5\",\"authorId\":\"1\",\"title\":\"Side Event to the United Nations High-Level Meeting on Ending AIDS to Address Exclusion\",\"slug\":\"side-event-to-the-united-nations-high-level-meeting-on-ending-aids-to-address-exclusion\",\"postDate\":1468350420,\"expiryDate\":null,\"enabled\":1,\"parentId\":null,\"fields\":{\"1\":\"<p>Media Advisory\\r\\nFor Immediate Release\\r\\nJune 3, 2016\\r\\nContact: Elizabeth Koke, Housing Works, e.koke@housingworks.org (347) 473-7459<\\/p>\\r\\n\\r\\n<p><strong>Side Event to the United Nations High-Level Meeting on Ending&nbsp;AIDS&nbsp;to Address Exclusion of Civil Society Organizations<\\/strong>\\r\\nTuesday, June 7, 2016 1pm-3pm\\r\\nEast River Room, Ford Foundation (320 East 43rd Street, New York, NY)\\r\\n<strong>Rally & Press Conference to follow<\\/strong><\\/p>\\r\\n\\r\\n\\r\\n\\r\\n<p><strong>New York, NY.<\\/strong>&nbsp;Twenty-two civil society organizations on five continents that provide services for&nbsp;LGBT&nbsp;communities, drug users, and other marginalized populations have been excluded from the 2016 United Nations High-Level Meeting (HLM) on Ending&nbsp;AIDS&nbsp;by an anonymous veto from a UN member state. To address this situation, a coalition of allies, including Housing Works,&nbsp;ICASO, Pangea GlobalAIDS, Coalition for Vulnerable Communities (CVC), African Services Committee,EANNASO,&nbsp;GNP+, and&nbsp;MSM&nbsp;Global Forum, are organizing a side event, \\u201c*The Impact of Civil Society Exclusion on Ending the&nbsp;AIDS&nbsp;Epidemic by 2030*,\\u201d to shed light on the harm done by omitting&nbsp;LGBT&nbsp;communities, drug users, and other marginalized populations from international efforts to end the&nbsp;AIDS&nbsp;epidemic.<\\/p>\",\"9\":{\"date\":\"7\\/11\\/2016\",\"time\":\"6:30 PM\"},\"10\":[\"50\"]}}', '2016-07-12 21:29:02', '2016-07-12 21:29:02', '2dcd8a2a-44e7-4b2e-a153-f06f7a8ad789'),
 ('44', '62', '8', '1', 'en_us', '1', '', '{\"typeId\":null,\"authorId\":\"1\",\"title\":\"Summer Fiction Sale: All Day July 11 through July 18\",\"slug\":\"summer-fiction-sale-all-day-july-11-through-july-18\",\"postDate\":1468420922,\"expiryDate\":null,\"enabled\":1,\"parentId\":null,\"fields\":{\"1\":\"<p>Save 30% on hot reads for the beach or the B train. Includes all fiction, graphic novels, and YA.<\\/p>\",\"24\":{\"date\":\"7\\/18\\/2016\",\"time\":\"6:15 PM\"},\"25\":\"\",\"23\":{\"date\":\"7\\/11\\/2016\",\"time\":\"1:30 PM\"}}}', '2016-07-13 14:42:02', '2016-07-13 14:42:02', 'abed9158-1b78-4bdd-94bd-e6368308c71e'),
 ('45', '62', '8', '1', 'en_us', '2', '', '{\"typeId\":\"8\",\"authorId\":\"1\",\"title\":\"Summer Fiction Sale: All Day July 11 through July 18\",\"slug\":\"summer-fiction-sale-all-day-july-11-through-july-18\",\"postDate\":1468420920,\"expiryDate\":null,\"enabled\":1,\"parentId\":null,\"fields\":{\"1\":\"<p>Save 30% on hot reads for the beach or the B train. Includes all fiction, graphic novels, and YA.<\\/p>\",\"24\":{\"date\":\"7\\/18\\/2016\",\"time\":\"6:15 PM\"},\"25\":[\"55\"],\"23\":{\"date\":\"7\\/11\\/2016\",\"time\":\"1:30 PM\"}}}', '2016-07-13 14:43:25', '2016-07-13 14:43:25', '18570823-3094-450a-8d5c-4d08db69e70d'),
 ('46', '62', '8', '1', 'en_us', '3', '', '{\"typeId\":\"8\",\"authorId\":\"1\",\"title\":\"Summer Fiction Sale: All Day July 11 through July 18\",\"slug\":\"summer-fiction-sale-all-day-july-11-through-july-18\",\"postDate\":1468420920,\"expiryDate\":null,\"enabled\":1,\"parentId\":null,\"fields\":{\"1\":\"<p>Save 30% on hot reads for the beach or the B train. Includes all fiction, graphic novels, and YA.<\\/p>\",\"24\":{\"date\":\"7\\/18\\/2016\",\"time\":\"6:15 PM\"},\"25\":[\"55\"],\"23\":{\"date\":\"7\\/11\\/2016\",\"time\":\"1:30 PM\"}}}', '2016-07-13 15:13:10', '2016-07-13 15:13:10', '5bbde611-3e78-4401-940d-0497dbc8b5f4'),
 ('47', '62', '8', '1', 'en_us', '4', '', '{\"typeId\":\"8\",\"authorId\":\"1\",\"title\":\"Summer Fiction Sale: All Day July 11 through July 18\",\"slug\":\"summer-fiction-sale-all-day-july-11-through-july-18\",\"postDate\":1468420920,\"expiryDate\":null,\"enabled\":1,\"parentId\":null,\"fields\":{\"1\":\"<p>Save 30% on hot reads for the beach or the B train. Includes all fiction, graphic novels, and YA.<\\/p>\",\"24\":{\"date\":\"7\\/18\\/2016\",\"time\":\"6:15 PM\"},\"25\":[\"55\"],\"10\":[\"63\"],\"23\":{\"date\":\"7\\/11\\/2016\",\"time\":\"1:30 PM\"}}}', '2016-07-13 15:26:08', '2016-07-13 15:26:08', '2c72c4e5-80c6-408f-99d9-07e543f96d0c'),
 ('48', '62', '8', '1', 'en_us', '5', '', '{\"typeId\":\"8\",\"authorId\":\"1\",\"title\":\"Summer Fiction Sale: All Day July 11 through July 18\",\"slug\":\"summer-fiction-sale-all-day-july-11-through-july-18\",\"postDate\":1468420920,\"expiryDate\":null,\"enabled\":1,\"parentId\":null,\"fields\":{\"1\":\"<p>Save 30% on hot reads for the beach or the B train. Includes all fiction, graphic novels, and YA.<\\/p>\",\"24\":{\"date\":\"7\\/18\\/2016\",\"time\":\"6:15 PM\"},\"25\":[\"55\"],\"10\":[\"63\"],\"23\":{\"date\":\"7\\/11\\/2016\",\"time\":\"1:30 PM\"}}}', '2016-07-13 15:26:41', '2016-07-13 15:26:41', '12aa6c7c-08ee-4952-abfc-020a2539e895'),
 ('49', '62', '8', '1', 'en_us', '6', '', '{\"typeId\":\"8\",\"authorId\":\"1\",\"title\":\"Summer Fiction Sale: All Day July 11 through July 18\",\"slug\":\"summer-fiction-sale-all-day-july-11-through-july-18\",\"postDate\":1468420920,\"expiryDate\":null,\"enabled\":1,\"parentId\":null,\"fields\":{\"1\":\"<p>Save 30% on hot reads for the beach or the B train. Includes all fiction, graphic novels, and YA.<\\/p>\",\"24\":{\"date\":\"7\\/18\\/2016\",\"time\":\"6:15 PM\"},\"25\":[\"55\"],\"3\":[\"64\"],\"23\":{\"date\":\"7\\/11\\/2016\",\"time\":\"1:30 PM\"}}}', '2016-07-13 15:27:26', '2016-07-13 15:27:26', 'fa223e59-9ca8-4ede-a05a-acaa3ecde76c'),
 ('50', '66', '8', '1', 'en_us', '1', '', '{\"typeId\":null,\"authorId\":\"1\",\"title\":\"*CANCELLED*Storytime and Singalong for Kids\",\"slug\":\"cancelled-storytime-and-singalong-for-kids\",\"postDate\":1468423970,\"expiryDate\":null,\"enabled\":1,\"parentId\":null,\"fields\":{\"1\":\"<p>Join Amy Virginia Buchanan for reading, singing, and dancing appropriate for kids 3 and under and their caretakers.<\\/p>\",\"24\":{\"date\":\"\",\"time\":\"11:30 PM\"},\"25\":[\"55\"],\"3\":[\"65\"],\"23\":{\"date\":\"7\\/13\\/2016\",\"time\":\"10:30 AM\"}}}', '2016-07-13 15:32:50', '2016-07-13 15:32:50', 'fc857c72-6509-4a57-bbfe-ca1c63affec3'),
 ('51', '66', '8', '1', 'en_us', '2', '', '{\"typeId\":\"8\",\"authorId\":\"1\",\"title\":\"*CANCELLED*Storytime and Singalong for Kids\",\"slug\":\"cancelled-storytime-and-singalong-for-kids\",\"postDate\":1468423920,\"expiryDate\":null,\"enabled\":1,\"parentId\":null,\"fields\":{\"1\":\"<p>Join Amy Virginia Buchanan for reading, singing, and dancing appropriate for kids 3 and under and their caretakers.<\\/p>\",\"24\":{\"date\":\"7\\/13\\/2016\",\"time\":\"11:30 PM\"},\"25\":[\"55\"],\"3\":[\"65\"],\"23\":{\"date\":\"7\\/13\\/2016\",\"time\":\"10:30 AM\"}}}', '2016-07-13 15:50:36', '2016-07-13 15:50:36', '794e5d64-3cc6-4c5f-ae15-4d4c0ff708b8'),
 ('52', '66', '8', '1', 'en_us', '3', '', '{\"typeId\":\"8\",\"authorId\":\"1\",\"title\":\"*CANCELLED*Storytime and Singalong for Kids\",\"slug\":\"cancelled-storytime-and-singalong-for-kids\",\"postDate\":1468423920,\"expiryDate\":null,\"enabled\":1,\"parentId\":null,\"fields\":{\"1\":\"<p>Join Amy Virginia Buchanan for reading, singing, and dancing appropriate for kids 3 and under and their caretakers.<\\/p>\",\"24\":{\"date\":\"7\\/13\\/2016\",\"time\":\"11:30 PM\"},\"25\":[\"55\"],\"3\":[\"65\"],\"23\":{\"date\":\"7\\/13\\/2016\",\"time\":\"10:30 AM\"}}}', '2016-07-13 15:50:59', '2016-07-13 15:50:59', '548fa749-4e24-4daa-8d7e-2b9de6638828'),
 ('54', '68', '8', '1', 'en_us', '1', '', '{\"typeId\":null,\"authorId\":\"1\",\"title\":\"Fake event 2\",\"slug\":\"fake-event-2\",\"postDate\":1468427719,\"expiryDate\":null,\"enabled\":1,\"parentId\":null,\"fields\":{\"1\":\"<p>Not today<\\/p>\",\"24\":{\"date\":\"7\\/12\\/2016\",\"time\":\"\"},\"25\":\"\",\"3\":\"\",\"23\":{\"date\":\"7\\/12\\/2016\",\"time\":\"\"}}}', '2016-07-13 16:35:19', '2016-07-13 16:35:19', '0c3a4f41-0346-4487-9926-ca97701fbfc0'),
 ('55', '69', '8', '1', 'en_us', '1', '', '{\"typeId\":null,\"authorId\":\"1\",\"title\":\"Fake evet 3\",\"slug\":\"fake-evet-3\",\"postDate\":1468427754,\"expiryDate\":null,\"enabled\":1,\"parentId\":null,\"fields\":{\"1\":\"<p>Future event<\\/p>\",\"24\":{\"date\":\"7\\/16\\/2016\",\"time\":\"5:45 PM\"},\"25\":\"\",\"3\":\"\",\"23\":{\"date\":\"7\\/14\\/2016\",\"time\":\"11:45 AM\"}}}', '2016-07-13 16:35:54', '2016-07-13 16:35:54', '16d43373-a237-495f-b0e3-5613013d13d2'),
 ('56', '68', '8', '1', 'en_us', '2', '', '{\"typeId\":\"8\",\"authorId\":\"1\",\"title\":\"Fake event 2\",\"slug\":\"fake-event-2\",\"postDate\":1468427700,\"expiryDate\":null,\"enabled\":1,\"parentId\":null,\"fields\":{\"1\":\"<p>Not today<\\/p>\",\"24\":{\"date\":\"7\\/12\\/2016\",\"time\":\"1:00 PM\"},\"25\":\"\",\"3\":\"\",\"23\":{\"date\":\"7\\/12\\/2016\",\"time\":\"10:30 AM\"}}}', '2016-07-13 16:36:07', '2016-07-13 16:36:07', '02233701-6f20-4480-991e-49009d094a1a'),
 ('57', '62', '8', '1', 'en_us', '7', NULL, '{\"typeId\":\"8\",\"authorId\":\"1\",\"title\":\"Summer Fiction Sale: All Day July 11 through July 18\",\"slug\":\"summer-fiction-sale-all-day-july-11-through-july-18\",\"postDate\":1468420920,\"expiryDate\":null,\"enabled\":\"1\",\"parentId\":null,\"fields\":{\"1\":\"<p>Save 30% on hot reads for the beach or the B train. Includes all fiction, graphic novels, and YA.<\\/p>\",\"24\":{\"date\":\"7\\/18\\/2016\",\"time\":\"6:15 PM\"},\"25\":[\"55\"],\"3\":[\"64\"],\"23\":{\"date\":\"7\\/11\\/2016\",\"time\":\"1:30 PM\"}}}', '2016-07-13 19:45:05', '2016-07-13 19:45:05', 'aa76d92c-217e-4179-9e97-ba222bf413f5'),
 ('58', '69', '8', '1', 'en_us', '2', '', '{\"typeId\":\"8\",\"authorId\":\"1\",\"title\":\"Mid-to-Publishing\\u2019s Fiction Editor\\/Agent Speed Dating Mixer\",\"slug\":\"fake-evet-3\",\"postDate\":1468427700,\"expiryDate\":null,\"enabled\":1,\"parentId\":null,\"fields\":{\"27\":{\"street1\":\"126 Crosby St\",\"street2\":\"\",\"city\":\"New York\",\"state\":\"NY\",\"zip\":\"10012\",\"country\":\"United States\",\"lat\":\"40.7246035\",\"lng\":\"-73.9965755\"},\"1\":\"<p>A night to mix, mingle, pitch, and exchange email addresses to your heart\\u2019s content, hosted by the American Association of Publishers.<\\/p>\",\"24\":{\"date\":\"7\\/16\\/2016\",\"time\":\"5:45 PM\"},\"25\":[\"58\"],\"3\":\"\",\"23\":{\"date\":\"7\\/14\\/2016\",\"time\":\"11:45 AM\"}}}', '2016-07-13 19:57:58', '2016-07-13 19:57:58', 'f7be6fb0-f6b2-4d66-a4ee-f4998d006aad'),
 ('59', '68', '8', '1', 'en_us', '3', '', '{\"typeId\":\"8\",\"authorId\":\"1\",\"title\":\"World Traveler Party\",\"slug\":\"fake-event-2\",\"postDate\":1468427700,\"expiryDate\":null,\"enabled\":1,\"parentId\":null,\"fields\":{\"27\":{\"street1\":\"122 Montague St\",\"street2\":\"\",\"city\":\"Brooklyn\",\"state\":\"NY\",\"zip\":\"11201\",\"country\":\"United States\",\"lat\":\"40.6946468\",\"lng\":\"-73.9946179\"},\"1\":\"<p>A fine collection of cameras, luggage, picture frames and journals to keep your summer memories alive.&nbsp;<\\/p>\",\"24\":{\"date\":\"7\\/12\\/2016\",\"time\":\"1:00 PM\"},\"25\":\"\",\"3\":\"\",\"23\":{\"date\":\"7\\/21\\/2016\",\"time\":\"10:30 AM\"}}}', '2016-07-13 19:59:08', '2016-07-13 19:59:08', '1ec1d72d-7762-4e68-a843-fda5c17f4c71'),
 ('60', '66', '8', '1', 'en_us', '4', '', '{\"typeId\":\"8\",\"authorId\":\"1\",\"title\":\"*CANCELLED*Storytime and Singalong for Kids\",\"slug\":\"cancelled-storytime-and-singalong-for-kids\",\"postDate\":1468423920,\"expiryDate\":null,\"enabled\":1,\"parentId\":null,\"fields\":{\"27\":{\"street1\":\"126 Crosby St\",\"street2\":\"\",\"city\":\"New York\",\"state\":\"NY\",\"zip\":\"10012\",\"country\":\"United States\",\"lat\":\"40.7246035\",\"lng\":\"-73.9965755\"},\"1\":\"<p>Join Amy Virginia Buchanan for reading, singing, and dancing appropriate for kids 3 and under and their caretakers.<\\/p>\",\"24\":{\"date\":\"7\\/13\\/2016\",\"time\":\"11:30 PM\"},\"25\":[\"55\"],\"3\":[\"65\"],\"23\":{\"date\":\"7\\/13\\/2016\",\"time\":\"10:30 AM\"}}}', '2016-07-13 19:59:53', '2016-07-13 19:59:53', '613c9e9d-7ad1-408e-82c7-b2551e1031e4'),
 ('61', '62', '8', '1', 'en_us', '8', '', '{\"typeId\":\"8\",\"authorId\":\"1\",\"title\":\"Summer Fiction Sale: All Day July 11 through July 18\",\"slug\":\"summer-fiction-sale-all-day-july-11-through-july-18\",\"postDate\":1468420920,\"expiryDate\":null,\"enabled\":1,\"parentId\":null,\"fields\":{\"27\":{\"street1\":\"126 Crosby St\",\"street2\":\"\",\"city\":\"New York\",\"state\":\"NY\",\"zip\":\"10012\",\"country\":\"United States\",\"lat\":\"40.7246035\",\"lng\":\"-73.9965755\"},\"1\":\"<p>Save 30% on hot reads for the beach or the B train. Includes all fiction, graphic novels, and YA.<\\/p>\",\"24\":{\"date\":\"7\\/18\\/2016\",\"time\":\"6:15 PM\"},\"25\":[\"55\"],\"3\":[\"64\"],\"23\":{\"date\":\"7\\/11\\/2016\",\"time\":\"1:30 PM\"}}}', '2016-07-13 20:00:24', '2016-07-13 20:00:24', '789acfca-3ac2-4926-9694-3714fb9dd0a7'),
 ('62', '66', '8', '1', 'en_us', '5', '', '{\"typeId\":\"8\",\"authorId\":\"1\",\"title\":\"*CANCELLED*Storytime and Singalong for Kids\",\"slug\":\"cancelled-storytime-and-singalong-for-kids\",\"postDate\":1468423920,\"expiryDate\":null,\"enabled\":1,\"parentId\":null,\"fields\":{\"27\":{\"street1\":\"126 Crosby St\",\"street2\":\"\",\"city\":\"New York\",\"state\":\"NY\",\"zip\":\"10012\",\"country\":\"United States\",\"lat\":\"40.72460350\",\"lng\":\"-73.99657550\"},\"1\":\"<p>Join Amy Virginia Buchanan for reading, singing, and dancing appropriate for kids 3 and under and their caretakers.<\\/p>\",\"24\":{\"date\":\"7\\/13\\/2016\",\"time\":\"11:30 PM\"},\"25\":[\"55\"],\"3\":[\"65\"],\"23\":{\"date\":\"7\\/13\\/2016\",\"time\":\"10:30 AM\"}}}', '2016-07-13 20:09:37', '2016-07-13 20:09:37', '346cda0e-3583-4abd-b941-31e78d2954b2'),
 ('63', '68', '8', '1', 'en_us', '4', NULL, '{\"typeId\":\"8\",\"authorId\":\"1\",\"title\":\"World Traveler Party\",\"slug\":\"fake-event-2\",\"postDate\":1468427700,\"expiryDate\":null,\"enabled\":\"1\",\"parentId\":null,\"fields\":{\"27\":{\"street1\":\"122 Montague St\",\"street2\":\"\",\"city\":\"Brooklyn\",\"state\":\"NY\",\"zip\":\"11201\",\"country\":\"United States\",\"lat\":\"40.69464680\",\"lng\":\"-73.99461790\"},\"1\":\"<p>A fine collection of cameras, luggage, picture frames and journals to keep your summer memories alive.&nbsp;<\\/p>\",\"24\":{\"date\":\"7\\/12\\/2016\",\"time\":\"1:00 PM\"},\"25\":\"\",\"3\":[\"26\"],\"23\":{\"date\":\"7\\/21\\/2016\",\"time\":\"10:30 AM\"}}}', '2016-07-13 21:43:58', '2016-07-13 21:43:58', '9b4f4ae5-5472-43f0-81fa-2a776041e6bb'),
 ('64', '66', '8', '1', 'en_us', '6', '', '{\"typeId\":\"8\",\"authorId\":\"1\",\"title\":\"*CANCELLED*Storytime and Singalong for Kids\",\"slug\":\"cancelled-storytime-and-singalong-for-kids\",\"postDate\":1468423920,\"expiryDate\":null,\"enabled\":1,\"parentId\":null,\"fields\":{\"27\":{\"street1\":\"126 Crosby St\",\"street2\":\"\",\"city\":\"New York\",\"state\":\"NY\",\"zip\":\"10012\",\"country\":\"United States\",\"lat\":\"40.72460350\",\"lng\":\"-73.99657550\"},\"1\":\"<p>Join Amy Virginia Buchanan for reading, singing, and dancing appropriate for kids 3 and under and their caretakers.<\\/p>\",\"24\":{\"date\":\"7\\/13\\/2016\",\"time\":\"11:30 PM\"},\"25\":[\"55\",\"56\"],\"3\":[\"65\"],\"23\":{\"date\":\"7\\/13\\/2016\",\"time\":\"10:30 AM\"}}}', '2016-07-13 22:24:31', '2016-07-13 22:24:31', '492adf92-2ffe-4562-b2dc-4ee3b6a7d311'),
 ('65', '68', '8', '1', 'en_us', '5', '', '{\"typeId\":\"8\",\"authorId\":\"1\",\"title\":\"World Traveler Party\",\"slug\":\"fake-event-2\",\"postDate\":1468427700,\"expiryDate\":null,\"enabled\":1,\"parentId\":null,\"fields\":{\"27\":{\"street1\":\"122 Montague St\",\"street2\":\"\",\"city\":\"Brooklyn\",\"state\":\"NY\",\"zip\":\"11201\",\"country\":\"United States\",\"lat\":\"40.69464680\",\"lng\":\"-73.99461790\"},\"1\":\"<p>A fine collection of cameras, luggage, picture frames and journals to keep your summer memories alive.&nbsp;<\\/p>\",\"24\":{\"date\":\"7\\/12\\/2016\",\"time\":\"1:00 PM\"},\"25\":[\"56\"],\"3\":[\"26\"],\"23\":{\"date\":\"7\\/21\\/2016\",\"time\":\"10:30 AM\"}}}', '2016-07-13 22:24:44', '2016-07-13 22:24:44', 'a4bb5e08-669d-4de3-b32e-2eaaf4985a9f'),
 ('66', '66', '8', '1', 'en_us', '7', NULL, '{\"typeId\":\"8\",\"authorId\":\"1\",\"title\":\"*CANCELLED*Storytime and Singalong for Kids\",\"slug\":\"cancelled-storytime-and-singalong-for-kids\",\"postDate\":1468423920,\"expiryDate\":null,\"enabled\":\"1\",\"parentId\":null,\"fields\":{\"27\":{\"street1\":\"126 Crosby St\",\"street2\":\"\",\"city\":\"New York\",\"state\":\"NY\",\"zip\":\"10012\",\"country\":\"United States\",\"lat\":\"40.72460350\",\"lng\":\"-73.99657550\"},\"1\":\"<p>Join Amy Virginia Buchanan for reading, singing, and dancing appropriate for kids 3 and under and their caretakers.<\\/p>\",\"24\":{\"date\":\"7\\/14\\/2016\",\"time\":\"11:30 PM\"},\"25\":[\"55\",\"56\"],\"3\":[\"65\"],\"23\":{\"date\":\"7\\/13\\/2016\",\"time\":\"10:30 AM\"}}}', '2016-07-18 14:34:53', '2016-07-18 14:34:53', '349b096d-767e-4052-8e82-725677835408'),
 ('67', '68', '8', '1', 'en_us', '6', NULL, '{\"typeId\":\"8\",\"authorId\":\"1\",\"title\":\"World Traveler Party\",\"slug\":\"fake-event-2\",\"postDate\":1468427700,\"expiryDate\":null,\"enabled\":\"1\",\"parentId\":null,\"fields\":{\"27\":{\"street1\":\"122 Montague St\",\"street2\":\"\",\"city\":\"Brooklyn\",\"state\":\"NY\",\"zip\":\"11201\",\"country\":\"United States\",\"lat\":\"40.69464680\",\"lng\":\"-73.99461790\"},\"1\":\"<p>A fine collection of cameras, luggage, picture frames and journals to keep your summer memories alive.&nbsp;<\\/p>\",\"24\":{\"date\":\"7\\/12\\/2016\",\"time\":\"1:00 PM\"},\"25\":[\"55\",\"56\"],\"3\":[\"26\"],\"23\":{\"date\":\"7\\/21\\/2016\",\"time\":\"10:30 AM\"}}}', '2016-07-18 14:35:29', '2016-07-18 14:35:29', '35a262a7-008a-4a20-ab1b-efbc618043e0'),
 ('68', '68', '8', '1', 'en_us', '7', NULL, '{\"typeId\":\"8\",\"authorId\":\"1\",\"title\":\"World Traveler Party\",\"slug\":\"fake-event-2\",\"postDate\":1468427700,\"expiryDate\":null,\"enabled\":\"1\",\"parentId\":null,\"fields\":{\"27\":{\"street1\":\"122 Montague St\",\"street2\":\"\",\"city\":\"Brooklyn\",\"state\":\"NY\",\"zip\":\"11201\",\"country\":\"United States\",\"lat\":\"40.69464680\",\"lng\":\"-73.99461790\"},\"1\":\"<p>A fine collection of cameras, luggage, picture frames and journals to keep your summer memories alive.&nbsp;<\\/p>\",\"24\":{\"date\":\"7\\/14\\/2016\",\"time\":\"1:00 PM\"},\"25\":[\"55\",\"56\"],\"3\":[\"26\"],\"23\":{\"date\":\"7\\/11\\/2016\",\"time\":\"10:30 AM\"}}}', '2016-07-18 14:35:53', '2016-07-18 14:35:53', '578fd7c7-2a52-4020-9dd5-16b37c1f26ec'),
 ('69', '68', '8', '1', 'en_us', '8', NULL, '{\"typeId\":\"8\",\"authorId\":\"1\",\"title\":\"World Traveler Party\",\"slug\":\"fake-event-2\",\"postDate\":1468427700,\"expiryDate\":null,\"enabled\":\"1\",\"parentId\":null,\"fields\":{\"27\":{\"street1\":\"122 Montague St\",\"street2\":\"\",\"city\":\"Brooklyn\",\"state\":\"NY\",\"zip\":\"11201\",\"country\":\"United States\",\"lat\":\"40.69464680\",\"lng\":\"-73.99461790\"},\"1\":\"<p>A fine collection of cameras, luggage, picture frames and journals to keep your summer memories alive.&nbsp;<\\/p>\",\"24\":{\"date\":\"7\\/28\\/2016\",\"time\":\"1:00 PM\"},\"25\":[\"55\",\"56\"],\"3\":[\"26\"],\"23\":{\"date\":\"7\\/11\\/2016\",\"time\":\"10:30 AM\"}}}', '2016-07-18 15:09:14', '2016-07-18 15:09:14', 'fe544d31-4d9d-454e-b0cf-5efa1f1f68f3'),
 ('70', '62', '8', '1', 'en_us', '9', NULL, '{\"typeId\":\"8\",\"authorId\":\"1\",\"title\":\"Summer Fiction Sale: All Day July 11 through July 18\",\"slug\":\"summer-fiction-sale-all-day-july-11-through-july-18\",\"postDate\":1468420920,\"expiryDate\":null,\"enabled\":\"1\",\"parentId\":null,\"fields\":{\"27\":{\"street1\":\"126 Crosby St\",\"street2\":\"\",\"city\":\"New York\",\"state\":\"NY\",\"zip\":\"10012\",\"country\":\"United States\",\"lat\":\"40.72460350\",\"lng\":\"-73.99657550\"},\"1\":\"<p>Save 30% on hot reads for the beach or the B train. Includes all fiction, graphic novels, and YA.<\\/p>\",\"24\":{\"date\":\"7\\/18\\/2016\",\"time\":\"6:15 PM\"},\"25\":[\"55\",\"56\"],\"3\":[\"64\"],\"23\":{\"date\":\"7\\/11\\/2016\",\"time\":\"1:30 PM\"}}}', '2016-07-18 15:49:13', '2016-07-18 15:49:13', '4182ff04-ea09-411d-899a-2f3b2f1b4ec9'),
 ('71', '25', '3', '1', 'en_us', '3', '', '{\"typeId\":\"3\",\"authorId\":\"1\",\"title\":\"CEO Charles King Reflects on Alton Sterling & Philando Castile Shootings\",\"slug\":\"ceo-charles-king-reflects-on-alton-sterling-philando-castile-shootings\",\"postDate\":1468272480,\"expiryDate\":null,\"enabled\":1,\"parentId\":null,\"fields\":{\"8\":[\"18\"],\"1\":\"<p><strong>A Statement & Call-to-Action by Housing Works&nbsp;CEO&nbsp;Charles King on the Shootings of Alton Sterling & Philado Castile<\\/strong><\\/p>\\r\\n\\r\\n<p>On more than one occasion, my partner and Housing Works co-founder Keith Cylar told me that the biggest threat to his existence was not asthma, which almost killed him as an infant and several more times throughout his life, nor drugs, to which he was addicted for most of his adulthood, nor&nbsp;AIDS, which he lived with for over 20 years, nor homophobia, which he confronted almost every day from the time he came out as a teenager. The biggest threat to his existence, he said, was being a Black man living in America. I could not shake those words last night and again this morning reading and watching the videos of the police killings of Alton Sterling in Baton Rouge and then of Philando Castile in St. Paul. And I asked myself, why does this keep happening time after time after time after time?<\\/p>\\r\\n\\r\\n\\r\\n\\r\\n\\r\\n\\r\\n<p>Of course, I know the answer to that question. If there is anything that we have learned over the last eight years with a Black man as our President, and if there is anything we have witnessed over the last year as Donald Trump has risen to become the presidential nominee of the Republican Party, it is that racism is not just something in our past. Rather, it is seeded in the&nbsp;DNA&nbsp;of our nation and in the&nbsp;DNAof every city, town, and hamlet in our land. It touches and taints everything around us. It is why Black women are so many times more likely than other women to be infected with&nbsp;HIV, especially in the deep South, and it is why young Black&nbsp;MSM&nbsp;are more likely to be infected with&nbsp;HIV&nbsp;than any other group right here in New York City. It is why people of color, and especially Black people, fair worse on almost every health indicator, and every other measure of well-being. Yes, there are other deeply seated \\u201cisms\\u201d in our society, including sexism, homophobia, and transphobia, but look at any one of these other prejudices through the prism of race and you can see just how utterly devastating racism really is.<\\/p>\",\"9\":{\"date\":\"7\\/11\\/2016\",\"time\":\"12:00 AM\"},\"3\":[\"6\"],\"4\":\"\"}}', '2016-07-18 19:38:29', '2016-07-18 19:38:29', 'cac041a0-5acc-4f69-afe1-5a4c191ff710'),
 ('72', '5', '3', '1', 'en_us', '11', '', '{\"typeId\":\"3\",\"authorId\":\"1\",\"title\":\"NYC Black Lives Matter Demonstration\",\"slug\":\"nyc-black-lives-matter-demonstration\",\"postDate\":1468255680,\"expiryDate\":null,\"enabled\":1,\"parentId\":null,\"fields\":{\"8\":[\"18\",\"27\",\"10\"],\"1\":\"<p>New York, NY&mdash;Housing Works is grateful to all the people from our community&mdash;Housing Works staff, clients, volunteers, supporters, and allies&mdash;who came out to march with us at the July 7 Black Lives Matter demonstration.<\\/p>\\r\\n\\r\\n<p>The evening rally and march were peaceful and non-violent, but very disruptive, as we marched from the rally location in Union Square, into traffic up Fifth Avenue, through Herald Square and across 34th Street and eventually ending in Times Square. We stopped traffic all along the way, and once we reached and overtook Times Square, we were successful in staging a huge sit-in before&nbsp;NYPD&nbsp;swooped in and began making arrests.<\\/p>\",\"9\":{\"date\":\"7\\/8\\/2016\",\"time\":\"12:00 AM\"},\"3\":[\"4\"],\"4\":{\"7\":{\"type\":\"singleImage\",\"enabled\":\"1\",\"fields\":{\"singleImage\":[\"4\"]}},\"8\":{\"type\":\"text\",\"enabled\":\"1\",\"fields\":{\"text\":\"<p>The evening rally and march were peaceful and non-violent, but very disruptive, as we marched from the rally location in Union Square, into traffic up Fifth Avenue, through Herald Square and across 34th Street and eventually ending in Times Square. We stopped traffic all along the way, and once we reached and overtook Times Square, we were successful in staging a huge sit-in before&nbsp;NYPD&nbsp;swooped in and began making arrests.<\\/p>\"}},\"9\":{\"type\":\"slideShow\",\"enabled\":\"1\",\"fields\":{\"slideShowImages\":[\"4\",\"6\"]}}}}}', '2016-07-18 19:38:42', '2016-07-18 19:38:42', 'eb0ea650-281f-4f23-9645-379996a349d0'),
 ('74', '98', '10', '1', 'en_us', '1', '', '{\"typeId\":null,\"authorId\":\"1\",\"title\":\" AAIM:AIDS Action in Mississippi\",\"slug\":\"aaimaids-action-in-mississippi\",\"postDate\":1468939430,\"expiryDate\":null,\"enabled\":1,\"parentId\":null,\"fields\":{\"27\":{\"street1\":\"Hwy 80 W\",\"street2\":\"Suite 2-5 Jackson\",\"city\":\"Jackson\",\"state\":\"MS\",\"zip\":\"39056\",\"country\":\"United States\",\"lat\":\"32.3341547\",\"lng\":\"-90.3341993\"},\"1\":\"<p>931 Hwy 80 W., Suite 2-5<br>Jackson, MS 39204<\\/p>\",\"16\":\"601-944-1403\",\"32\":[\"72\"],\"28\":[{\"open\":{\"time\":\"9:00 AM\"},\"close\":{\"time\":\"10:00 PM\"}},{\"open\":{\"time\":\"9:00 AM\"},\"close\":{\"time\":\"10:00 PM\"}},{\"open\":{\"time\":\"9:00 AM\"},\"close\":{\"time\":\"10:30 PM\"}},{\"open\":{\"time\":\"12:30 PM\"},\"close\":{\"time\":\"7:30 PM\"}},{\"open\":{\"time\":\"4:30 PM\"},\"close\":{\"time\":\"11:30 PM\"}},{\"open\":{\"time\":\"9:30 AM\"},\"close\":{\"time\":\"4:00 PM\"}},{\"open\":{\"time\":\"\"},\"close\":{\"time\":\"\"}}],\"29\":{\"new1\":{\"type\":\"subwayTrain\",\"enabled\":\"1\",\"fields\":{\"trainImage\":[\"76\",\"77\",\"79\"],\"trainDescription\":\"<p>to 931 Hwy 80 W.,&nbsp;then the 14D Bus to 10th St and Avenue D<\\/p>\"}}}}}', '2016-07-19 14:43:50', '2016-07-19 14:43:50', 'cf2d39a3-3d00-4f14-891a-348ad796fe54'),
 ('75', '100', '10', '1', 'en_us', '1', '', '{\"typeId\":null,\"authorId\":\"1\",\"title\":\" AAIM:AIDS Action in Mississippi\",\"slug\":\"aaimaids-action-in-mississippi-1\",\"postDate\":1468939430,\"expiryDate\":null,\"enabled\":1,\"parentId\":null,\"fields\":{\"27\":{\"street1\":\"Hwy 80 W\",\"street2\":\"Suite 2-5 Jackson\",\"city\":\"Jackson\",\"state\":\"MS\",\"zip\":\"39056\",\"country\":\"United States\",\"lat\":\"32.3341547\",\"lng\":\"-90.3341993\"},\"1\":\"<p>931 Hwy 80 W., Suite 2-5<br>Jackson, MS 39204<\\/p>\",\"16\":\"601-944-1403\",\"32\":[\"72\"],\"28\":[{\"open\":{\"time\":\"9:00 AM\"},\"close\":{\"time\":\"10:00 PM\"}},{\"open\":{\"time\":\"9:00 AM\"},\"close\":{\"time\":\"10:00 PM\"}},{\"open\":{\"time\":\"9:00 AM\"},\"close\":{\"time\":\"10:30 PM\"}},{\"open\":{\"time\":\"12:30 PM\"},\"close\":{\"time\":\"7:30 PM\"}},{\"open\":{\"time\":\"4:30 PM\"},\"close\":{\"time\":\"11:30 PM\"}},{\"open\":{\"time\":\"9:30 AM\"},\"close\":{\"time\":\"4:00 PM\"}},{\"open\":{\"time\":\"\"},\"close\":{\"time\":\"\"}}],\"29\":{\"new1\":{\"type\":\"subwayTrain\",\"enabled\":\"1\",\"fields\":{\"trainImage\":[\"76\",\"77\",\"79\"],\"trainDescription\":\"<p>to 931 Hwy 80 W.,&nbsp;then the 14D Bus to 10th St and Avenue D<\\/p>\"}}}}}', '2016-07-19 14:43:50', '2016-07-19 14:43:50', 'f60bb1e0-5aa8-434c-a6b5-dc64d320fa72'),
 ('76', '100', '10', '1', 'en_us', '2', '', '{\"typeId\":\"10\",\"authorId\":\"1\",\"title\":\" AAIM:AIDS Action in Mississippi\",\"slug\":\"aaimaids-action-in-mississippi-1\",\"postDate\":1468939380,\"expiryDate\":null,\"enabled\":1,\"parentId\":null,\"fields\":{\"27\":{\"street1\":\"Hwy 80 W\",\"street2\":\"Suite 2-5 Jackson\",\"city\":\"Jackson\",\"state\":\"MS\",\"zip\":\" 39204\\u200b\",\"country\":\"United States\",\"lat\":\"32.3341547\",\"lng\":\"-90.33419930000002\"},\"1\":\"<p>931 Hwy 80 W., Suite 2-5<br>Jackson, MS 39204<\\/p>\",\"16\":\"601-944-1403\",\"32\":[\"72\"],\"28\":[{\"open\":{\"time\":\"9:00 AM\"},\"close\":{\"time\":\"10:00 PM\"}},{\"open\":{\"time\":\"9:00 AM\"},\"close\":{\"time\":\"10:00 PM\"}},{\"open\":{\"time\":\"9:00 AM\"},\"close\":{\"time\":\"10:30 PM\"}},{\"open\":{\"time\":\"12:30 PM\"},\"close\":{\"time\":\"7:30 PM\"}},{\"open\":{\"time\":\"4:30 PM\"},\"close\":{\"time\":\"11:30 PM\"}},{\"open\":{\"time\":\"9:30 AM\"},\"close\":{\"time\":\"4:00 PM\"}},{\"open\":{\"time\":\"\"},\"close\":{\"time\":\"\"}}],\"29\":{\"101\":{\"type\":\"subwayTrain\",\"enabled\":\"1\",\"fields\":{\"trainImage\":[\"76\",\"77\",\"79\"],\"trainDescription\":\"<p>to 931 Hwy 80 W.,&nbsp;then the 14D Bus to 10th St and Avenue D<\\/p>\"}}}}}', '2016-07-19 14:44:26', '2016-07-19 14:44:26', 'b04b0f17-cc77-4658-830e-1544886ac27c'),
 ('77', '100', '10', '1', 'en_us', '3', '', '{\"typeId\":\"10\",\"authorId\":\"1\",\"title\":\"Bookstore Cafe\",\"slug\":\"aaimaids-action-in-mississippi-1\",\"postDate\":1468939380,\"expiryDate\":null,\"enabled\":1,\"parentId\":null,\"fields\":{\"27\":{\"street1\":\"126 Crosby St\",\"street2\":\"\",\"city\":\"New York\",\"state\":\"NY\",\"zip\":\"10012\",\"country\":\"United States\",\"lat\":\"40.7246035\",\"lng\":\"-73.9965755\"},\"1\":\"<p>126 Crosby Street<br>New York, NY 10012<\\/p>\",\"16\":\"212-334-3324\",\"32\":[\"75\"],\"28\":[{\"open\":{\"time\":\"9:00 AM\"},\"close\":{\"time\":\"10:00 PM\"}},{\"open\":{\"time\":\"9:00 AM\"},\"close\":{\"time\":\"10:00 PM\"}},{\"open\":{\"time\":\"9:00 AM\"},\"close\":{\"time\":\"10:30 PM\"}},{\"open\":{\"time\":\"12:30 PM\"},\"close\":{\"time\":\"7:30 PM\"}},{\"open\":{\"time\":\"4:30 PM\"},\"close\":{\"time\":\"11:30 PM\"}},{\"open\":{\"time\":\"9:30 AM\"},\"close\":{\"time\":\"4:00 PM\"}},{\"open\":{\"time\":\"\"},\"close\":{\"time\":\"\"}}],\"29\":{\"101\":{\"type\":\"subwayTrain\",\"enabled\":\"1\",\"fields\":{\"trainImage\":[\"87\",\"88\",\"90\"],\"trainDescription\":\"<p>To 126 Crosby Street,&nbsp;then the 14D Bus to 10th St and Avenue D<\\/p>\"}}}}}', '2016-07-19 14:46:29', '2016-07-19 14:46:29', 'f848a587-ce0f-43c0-837e-a017b1d7e77c'),
 ('78', '102', '10', '1', 'en_us', '1', '', '{\"typeId\":null,\"authorId\":\"1\",\"title\":\"Broadway & 96th Thrift Shop\",\"slug\":\"broadway-96th-thrift-shop\",\"postDate\":1468939740,\"expiryDate\":null,\"enabled\":1,\"parentId\":null,\"fields\":{\"27\":{\"street1\":\"2569 Broadway\",\"street2\":\"\",\"city\":\"New York\",\"state\":\"NY\",\"zip\":\"10025\",\"country\":\"United States\",\"lat\":\"40.7951639\",\"lng\":\"-73.97192150000001\"},\"1\":\"<p>2569 Broadway between 96th & 97th streets<br>New York, NY 10025<br><\\/p>\",\"16\":\"\",\"32\":[\"73\"],\"28\":[{\"open\":{\"time\":\"\"},\"close\":{\"time\":\"\"}},{\"open\":{\"time\":\"\"},\"close\":{\"time\":\"\"}},{\"open\":{\"time\":\"\"},\"close\":{\"time\":\"\"}},{\"open\":{\"time\":\"\"},\"close\":{\"time\":\"\"}},{\"open\":{\"time\":\"\"},\"close\":{\"time\":\"\"}},{\"open\":{\"time\":\"\"},\"close\":{\"time\":\"\"}},{\"open\":{\"time\":\"\"},\"close\":{\"time\":\"\"}}],\"29\":{\"new1\":{\"type\":\"subwayTrain\",\"enabled\":\"1\",\"fields\":{\"trainImage\":[\"97\",\"87\",\"91\"],\"trainDescription\":\"<p>To&nbsp;2569 Broadway Then Take the 27 Bus North Bound.<\\/p>\"}}}}}', '2016-07-19 14:50:28', '2016-07-19 14:50:28', 'a68779b5-1962-4c16-a6b8-184860186b63'),
 ('79', '98', '10', '1', 'en_us', '2', '', '{\"typeId\":\"10\",\"authorId\":\"1\",\"title\":\" AAIM:AIDS Action in Mississippi\",\"slug\":\"aaimaids-action-in-mississippi\",\"postDate\":1468939380,\"expiryDate\":null,\"enabled\":1,\"parentId\":null,\"fields\":{\"27\":{\"street1\":\"Hwy 80 W\",\"street2\":\"Suite 2-5 Jackson\",\"city\":\"Jackson\",\"state\":\"MS\",\"zip\":\"39056\",\"country\":\"United States\",\"lat\":\"32.33415470\",\"lng\":\"-90.33419930\"},\"1\":\"<p>931 Hwy 80 W., Suite 2-5<br>Jackson, MS 39204<\\/p>\",\"16\":\"601-944-1403\",\"32\":[\"72\"],\"28\":[{\"open\":{\"time\":\"9:00 AM\"},\"close\":{\"time\":\"10:00 PM\"}},{\"open\":{\"time\":\"9:00 AM\"},\"close\":{\"time\":\"10:00 PM\"}},{\"open\":{\"time\":\"9:00 AM\"},\"close\":{\"time\":\"10:30 PM\"}},{\"open\":{\"time\":\"12:30 PM\"},\"close\":{\"time\":\"7:30 PM\"}},{\"open\":{\"time\":\"4:30 PM\"},\"close\":{\"time\":\"11:30 PM\"}},{\"open\":{\"time\":\"9:30 AM\"},\"close\":{\"time\":\"4:00 PM\"}},{\"open\":{\"time\":\"\"},\"close\":{\"time\":\"\"}}],\"29\":{\"99\":{\"type\":\"subwayTrain\",\"enabled\":\"1\",\"fields\":{\"trainImage\":[\"76\",\"77\",\"79\"],\"trainDescription\":\"<p>to 931 Hwy 80 W.,&nbsp;then the 14D Bus to 10th St and Avenue D<\\/p>\"}}}}}', '2016-07-19 14:50:38', '2016-07-19 14:50:38', 'ae106f7e-c7f7-4ddc-b11f-3507bcc1013c'),
 ('80', '100', '10', '1', 'en_us', '4', '', '{\"typeId\":\"10\",\"authorId\":\"1\",\"title\":\"Bookstore Cafe\",\"slug\":\"aaimaids-action-in-mississippi-1\",\"postDate\":1468939380,\"expiryDate\":null,\"enabled\":1,\"parentId\":null,\"fields\":{\"27\":{\"street1\":\"126 Crosby St\",\"street2\":\"\",\"city\":\"New York\",\"state\":\"NY\",\"zip\":\"10012\",\"country\":\"United States\",\"lat\":\"40.72460350\",\"lng\":\"-73.99657550\"},\"1\":\"<p>126 Crosby Street<br>New York, NY 10012<\\/p>\",\"16\":\"212-334-3324\",\"32\":[\"75\"],\"28\":[{\"open\":{\"time\":\"9:00 AM\"},\"close\":{\"time\":\"10:00 PM\"}},{\"open\":{\"time\":\"9:00 AM\"},\"close\":{\"time\":\"10:00 PM\"}},{\"open\":{\"time\":\"9:00 AM\"},\"close\":{\"time\":\"10:30 PM\"}},{\"open\":{\"time\":\"12:30 PM\"},\"close\":{\"time\":\"7:30 PM\"}},{\"open\":{\"time\":\"4:30 PM\"},\"close\":{\"time\":\"11:30 PM\"}},{\"open\":{\"time\":\"9:30 AM\"},\"close\":{\"time\":\"4:00 PM\"}},{\"open\":{\"time\":\"\"},\"close\":{\"time\":\"\"}}],\"29\":{\"101\":{\"type\":\"subwayTrain\",\"enabled\":\"1\",\"fields\":{\"trainImage\":[\"87\",\"88\",\"90\"],\"trainDescription\":\"<p>To 126 Crosby Street,&nbsp;then the 14D Bus to 10th St and Avenue D<\\/p>\"}}}}}', '2016-07-19 14:50:47', '2016-07-19 14:50:47', '0ab1dc1b-352c-44cd-a86b-afa488b00423'),
 ('81', '102', '10', '1', 'en_us', '2', '', '{\"typeId\":\"10\",\"authorId\":\"1\",\"title\":\"Broadway & 96th Thrift Shop\",\"slug\":\"broadway-96th-thrift-shop\",\"postDate\":1468939740,\"expiryDate\":null,\"enabled\":1,\"parentId\":null,\"fields\":{\"27\":{\"street1\":\"2569 Broadway\",\"street2\":\"\",\"city\":\"New York\",\"state\":\"NY\",\"zip\":\"10025\",\"country\":\"United States\",\"lat\":\"40.79516390\",\"lng\":\"-73.97192150\"},\"1\":\"<p>2569 Broadway between 96th & 97th streets<br>New York, NY 10025<br><\\/p>\",\"16\":\"212-334-3324\",\"32\":[\"73\"],\"28\":[{\"open\":{\"time\":\"\"},\"close\":{\"time\":\"\"}},{\"open\":{\"time\":\"\"},\"close\":{\"time\":\"\"}},{\"open\":{\"time\":\"\"},\"close\":{\"time\":\"\"}},{\"open\":{\"time\":\"\"},\"close\":{\"time\":\"\"}},{\"open\":{\"time\":\"\"},\"close\":{\"time\":\"\"}},{\"open\":{\"time\":\"\"},\"close\":{\"time\":\"\"}},{\"open\":{\"time\":\"\"},\"close\":{\"time\":\"\"}}],\"29\":{\"103\":{\"type\":\"subwayTrain\",\"enabled\":\"1\",\"fields\":{\"trainImage\":[\"97\",\"87\",\"91\"],\"trainDescription\":\"<p>To&nbsp;2569 Broadway Then Take the 27 Bus North Bound.<\\/p>\"}}}}}', '2016-07-19 14:50:55', '2016-07-19 14:50:55', '76651e25-8a2f-4fe7-a875-432614e5ed22'),
 ('82', '104', '10', '1', 'en_us', '1', '', '{\"typeId\":null,\"authorId\":\"1\",\"title\":\"Bronx Health Home Care Management\",\"slug\":\"bronx-health-home-care-management\",\"postDate\":1468940165,\"expiryDate\":null,\"enabled\":1,\"parentId\":null,\"fields\":{\"27\":{\"street1\":\"1255 Rev James A Polite Ave\",\"street2\":\"\",\"city\":\"Bronx\",\"state\":\"NY\",\"zip\":\"10459\",\"country\":\"United States\",\"lat\":\"40.829123\",\"lng\":\"-73.8962439\"},\"1\":\"<p>WHAT IS A HEALTH HOME?<\\/p>\\r\\n\\r\\n<p><em>Health Homes are networks of services that coordinate comprehensive client care in the areas of:<\\/em><\\/p>\\r\\n\\r\\n<ul><li>access to primary and specialty medicalcare<\\/li><li>substance use treatment<\\/li><li>mental health treatment<\\/li><li>supportive social services<\\/li><\\/ul>\",\"16\":\"718-924-2252\",\"32\":[\"73\"],\"28\":[{\"open\":{\"time\":\"\"},\"close\":{\"time\":\"\"}},{\"open\":{\"time\":\"9:30 AM\"},\"close\":{\"time\":\"11:30 PM\"}},{\"open\":{\"time\":\"9:30 AM\"},\"close\":{\"time\":\"11:30 PM\"}},{\"open\":{\"time\":\"9:30 AM\"},\"close\":{\"time\":\"11:30 PM\"}},{\"open\":{\"time\":\"9:30 AM\"},\"close\":{\"time\":\"11:30 PM\"}},{\"open\":{\"time\":\"9:30 AM\"},\"close\":{\"time\":\"11:30 PM\"}},{\"open\":{\"time\":\"\"},\"close\":{\"time\":\"\"}}],\"29\":{\"new1\":{\"type\":\"subwayTrain\",\"enabled\":\"1\",\"fields\":{\"trainImage\":[\"86\",\"80\",\"79\",\"81\"],\"trainDescription\":\"<p><br>Walk to&nbsp;1255 Rev. James Polite Ave., Bronx, NY 10459<\\/p>\"}}}}}', '2016-07-19 14:56:05', '2016-07-19 14:56:05', 'b82ff24b-a931-45fa-bdb6-1b02089a6bb1'),
 ('83', '102', '10', '1', 'en_us', '3', '', '{\"typeId\":\"10\",\"authorId\":\"1\",\"title\":\"Broadway & 96th Thrift Shop\",\"slug\":\"broadway-96th-thrift-shop\",\"postDate\":1468939740,\"expiryDate\":null,\"enabled\":1,\"parentId\":null,\"fields\":{\"27\":{\"street1\":\"2569 Broadway\",\"street2\":\"\",\"city\":\"New York\",\"state\":\"NY\",\"zip\":\"10025\",\"country\":\"United States\",\"lat\":\"40.79516390\",\"lng\":\"-73.97192150\"},\"1\":\"\",\"16\":\"212-334-3324\",\"32\":[\"73\"],\"28\":[{\"open\":{\"time\":\"4:30 PM\"},\"close\":{\"time\":\"8:00 PM\"}},{\"open\":{\"time\":\"4:30 PM\"},\"close\":{\"time\":\"4:30 PM\"}},{\"open\":{\"time\":\"8:00 AM\"},\"close\":{\"time\":\"6:00 PM\"}},{\"open\":{\"time\":\"8:00 AM\"},\"close\":{\"time\":\"6:00 PM\"}},{\"open\":{\"time\":\"8:00 AM\"},\"close\":{\"time\":\"6:00 PM\"}},{\"open\":{\"time\":\"8:00 AM\"},\"close\":{\"time\":\"6:00 PM\"}},{\"open\":{\"time\":\"8:00 AM\"},\"close\":{\"time\":\"6:00 PM\"}}],\"29\":{\"103\":{\"type\":\"subwayTrain\",\"enabled\":\"1\",\"fields\":{\"trainImage\":[\"97\",\"87\",\"91\"],\"trainDescription\":\"<p>To&nbsp;2569 Broadway Then Take the 27 Bus North Bound.<\\/p>\"}}}}}', '2016-07-19 14:58:35', '2016-07-19 14:58:35', '9d30c468-7dba-4ed7-a042-4309d9003c20'),
 ('84', '98', '10', '1', 'en_us', '3', '', '{\"typeId\":\"10\",\"authorId\":\"1\",\"title\":\" AAIM:AIDS Action in Mississippi\",\"slug\":\"aaimaids-action-in-mississippi\",\"postDate\":1468939380,\"expiryDate\":null,\"enabled\":1,\"parentId\":null,\"fields\":{\"27\":{\"street1\":\"Hwy 80 W\",\"street2\":\"Suite 2-5 Jackson\",\"city\":\"Jackson\",\"state\":\"MS\",\"zip\":\"39056\",\"country\":\"United States\",\"lat\":\"32.33415470\",\"lng\":\"-90.33419930\"},\"1\":\"\",\"16\":\"601-944-1403\",\"32\":[\"72\"],\"28\":[{\"open\":{\"time\":\"9:00 AM\"},\"close\":{\"time\":\"10:00 PM\"}},{\"open\":{\"time\":\"9:00 AM\"},\"close\":{\"time\":\"10:00 PM\"}},{\"open\":{\"time\":\"9:00 AM\"},\"close\":{\"time\":\"10:30 PM\"}},{\"open\":{\"time\":\"12:30 PM\"},\"close\":{\"time\":\"7:30 PM\"}},{\"open\":{\"time\":\"4:30 PM\"},\"close\":{\"time\":\"11:30 PM\"}},{\"open\":{\"time\":\"9:30 AM\"},\"close\":{\"time\":\"4:00 PM\"}},{\"open\":{\"time\":\"\"},\"close\":{\"time\":\"\"}}],\"29\":{\"99\":{\"type\":\"subwayTrain\",\"enabled\":\"1\",\"fields\":{\"trainImage\":[\"76\",\"77\",\"79\"],\"trainDescription\":\"<p>to 931 Hwy 80 W.,&nbsp;then the 14D Bus to 10th St and Avenue D<\\/p>\"}}}}}', '2016-07-19 14:58:45', '2016-07-19 14:58:45', '77762628-f03f-4c54-adc2-1f7010a3e569'),
 ('85', '100', '10', '1', 'en_us', '5', '', '{\"typeId\":\"10\",\"authorId\":\"1\",\"title\":\"Bookstore Cafe\",\"slug\":\"aaimaids-action-in-mississippi-1\",\"postDate\":1468939380,\"expiryDate\":null,\"enabled\":1,\"parentId\":null,\"fields\":{\"27\":{\"street1\":\"126 Crosby St\",\"street2\":\"\",\"city\":\"New York\",\"state\":\"NY\",\"zip\":\"10012\",\"country\":\"United States\",\"lat\":\"40.72460350\",\"lng\":\"-73.99657550\"},\"1\":\"\",\"16\":\"212-334-3324\",\"32\":[\"75\"],\"28\":[{\"open\":{\"time\":\"9:00 AM\"},\"close\":{\"time\":\"10:00 PM\"}},{\"open\":{\"time\":\"9:00 AM\"},\"close\":{\"time\":\"10:00 PM\"}},{\"open\":{\"time\":\"9:00 AM\"},\"close\":{\"time\":\"10:30 PM\"}},{\"open\":{\"time\":\"12:30 PM\"},\"close\":{\"time\":\"7:30 PM\"}},{\"open\":{\"time\":\"4:30 PM\"},\"close\":{\"time\":\"11:30 PM\"}},{\"open\":{\"time\":\"9:30 AM\"},\"close\":{\"time\":\"4:00 PM\"}},{\"open\":{\"time\":\"\"},\"close\":{\"time\":\"\"}}],\"29\":{\"101\":{\"type\":\"subwayTrain\",\"enabled\":\"1\",\"fields\":{\"trainImage\":[\"87\",\"88\",\"90\"],\"trainDescription\":\"<p>To 126 Crosby Street,&nbsp;then the 14D Bus to 10th St and Avenue D<\\/p>\"}}}}}', '2016-07-19 14:59:05', '2016-07-19 14:59:05', '2586a99d-cf93-4952-99ff-75cf0c6103f7'),
 ('86', '106', '10', '1', 'en_us', '1', '', '{\"typeId\":null,\"authorId\":\"1\",\"title\":\"Buy the Bag Shop\",\"slug\":\"buy-the-bag-shop\",\"postDate\":1468940432,\"expiryDate\":null,\"enabled\":1,\"parentId\":null,\"fields\":{\"27\":{\"street1\":\"159 28th St\",\"street2\":\"\",\"city\":\"Brooklyn\",\"state\":\"NY\",\"zip\":\"11232\",\"country\":\"United States\",\"lat\":\"40.6592852\",\"lng\":\"-74.0001241\"},\"1\":\"\",\"16\":\"\",\"32\":[\"74\"],\"28\":[{\"open\":{\"time\":\"\"},\"close\":{\"time\":\"\"}},{\"open\":{\"time\":\"\"},\"close\":{\"time\":\"\"}},{\"open\":{\"time\":\"\"},\"close\":{\"time\":\"\"}},{\"open\":{\"time\":\"\"},\"close\":{\"time\":\"\"}},{\"open\":{\"time\":\"\"},\"close\":{\"time\":\"\"}},{\"open\":{\"time\":\"\"},\"close\":{\"time\":\"\"}},{\"open\":{\"time\":\"\"},\"close\":{\"time\":\"\"}}],\"29\":\"\"}}', '2016-07-19 15:00:33', '2016-07-19 15:00:33', '73660f28-095a-436c-a55c-6f0afabb5ff0'),
 ('87', '106', '10', '1', 'en_us', '2', '', '{\"typeId\":\"10\",\"authorId\":\"1\",\"title\":\"Buy the Bag Shop\",\"slug\":\"buy-the-bag-shop\",\"postDate\":1468940400,\"expiryDate\":null,\"enabled\":1,\"parentId\":null,\"fields\":{\"27\":{\"street1\":\"159 28th St\",\"street2\":\"\",\"city\":\"Brooklyn\",\"state\":\"NY\",\"zip\":\"11232\",\"country\":\"United States\",\"lat\":\"40.65928520\",\"lng\":\"-74.00012410\"},\"1\":\"<p>Website:&nbsp;<a href=\\\"http:\\/\\/www.housingworks.org\\/events\\/buy-the-bag\\/\\\">http:\\/\\/www.housingworks.org\\/events\\/buy-the-bag\\/<\\/a><\\/p>\",\"16\":\"718-840-2923\",\"32\":[\"74\"],\"28\":[{\"open\":{\"time\":\"12:00 PM\"},\"close\":{\"time\":\"5:00 PM\"}},{\"open\":{\"time\":\"\"},\"close\":{\"time\":\"\"}},{\"open\":{\"time\":\"\"},\"close\":{\"time\":\"\"}},{\"open\":{\"time\":\"12:00 PM\"},\"close\":{\"time\":\"6:00 PM\"}},{\"open\":{\"time\":\"12:00 PM\"},\"close\":{\"time\":\"6:00 PM\"}},{\"open\":{\"time\":\"12:00 PM\"},\"close\":{\"time\":\"6:00 PM\"}},{\"open\":{\"time\":\"12:00 PM\"},\"close\":{\"time\":\"6:00 PM\"}}],\"29\":{\"new1\":{\"type\":\"subwayTrain\",\"enabled\":\"1\",\"fields\":{\"trainImage\":[\"86\",\"77\",\"78\"],\"trainDescription\":\"<p>Take the D,2,3&nbsp;train to&nbsp;159 28th St<\\/p>\"}}}}}', '2016-07-19 15:02:25', '2016-07-19 15:02:25', '30a762df-3bd3-43e8-8cdc-1117bb0cb72a'),
 ('88', '106', '10', '1', 'en_us', '3', '', '{\"typeId\":\"10\",\"authorId\":\"1\",\"title\":\"Buy the Bag Shop\",\"slug\":\"buy-the-bag-shop\",\"postDate\":1468940400,\"expiryDate\":null,\"enabled\":1,\"parentId\":null,\"fields\":{\"27\":{\"street1\":\"159 28th St\",\"street2\":\"\",\"city\":\"Brooklyn\",\"state\":\"NY\",\"zip\":\"11232\",\"country\":\"United States\",\"lat\":\"40.65928520\",\"lng\":\"-74.00012410\"},\"1\":\"<p>Website:&nbsp;<a href=\\\"http:\\/\\/www.housingworks.org\\/events\\/buy-the-bag\\/\\\">http:\\/\\/www.housingworks.org\\/events\\/buy-the-bag\\/<\\/a><\\/p>\",\"16\":\"718-840-2923\",\"32\":[\"74\"],\"28\":[{\"open\":{\"time\":\"12:00 PM\"},\"close\":{\"time\":\"5:00 PM\"}},{\"open\":{\"time\":\"closed\"},\"close\":{\"time\":\"closed\"}},{\"open\":{\"time\":\"\"},\"close\":{\"time\":\"\"}},{\"open\":{\"time\":\"12:00 PM\"},\"close\":{\"time\":\"6:00 PM\"}},{\"open\":{\"time\":\"12:00 PM\"},\"close\":{\"time\":\"6:00 PM\"}},{\"open\":{\"time\":\"12:00 PM\"},\"close\":{\"time\":\"6:00 PM\"}},{\"open\":{\"time\":\"12:00 PM\"},\"close\":{\"time\":\"6:00 PM\"}}],\"29\":{\"107\":{\"type\":\"subwayTrain\",\"enabled\":\"1\",\"fields\":{\"trainImage\":[\"86\",\"77\",\"78\"],\"trainDescription\":\"<p>Take the D,2,3&nbsp;train to&nbsp;159 28th St<\\/p>\"}}}}}', '2016-07-19 15:47:01', '2016-07-19 15:47:01', '955b9963-a5fd-47f7-84e5-1509bdfdbb69'),
 ('89', '106', '10', '1', 'en_us', '4', '', '{\"typeId\":\"10\",\"authorId\":\"1\",\"title\":\"Buy the Bag Shop\",\"slug\":\"buy-the-bag-shop\",\"postDate\":1468940400,\"expiryDate\":null,\"enabled\":1,\"parentId\":null,\"fields\":{\"27\":{\"street1\":\"159 28th St\",\"street2\":\"\",\"city\":\"Brooklyn\",\"state\":\"NY\",\"zip\":\"11232\",\"country\":\"United States\",\"lat\":\"40.65928520\",\"lng\":\"-74.00012410\"},\"1\":\"<p>Website:&nbsp;<a href=\\\"http:\\/\\/www.housingworks.org\\/events\\/buy-the-bag\\/\\\">http:\\/\\/www.housingworks.org\\/events\\/buy-the-bag\\/<\\/a><\\/p>\",\"16\":\"718-840-2923\",\"32\":[\"74\"],\"28\":[{\"open\":{\"time\":\"12:00 PM\"},\"close\":{\"time\":\"5:00 PM\"}},{\"open\":{\"time\":\"close\"},\"close\":{\"time\":\"close\"}},{\"open\":{\"time\":\"\"},\"close\":{\"time\":\"\"}},{\"open\":{\"time\":\"12:00 PM\"},\"close\":{\"time\":\"6:00 PM\"}},{\"open\":{\"time\":\"12:00 PM\"},\"close\":{\"time\":\"6:00 PM\"}},{\"open\":{\"time\":\"12:00 PM\"},\"close\":{\"time\":\"6:00 PM\"}},{\"open\":{\"time\":\"12:00 PM\"},\"close\":{\"time\":\"6:00 PM\"}}],\"29\":{\"107\":{\"type\":\"subwayTrain\",\"enabled\":\"1\",\"fields\":{\"trainImage\":[\"86\",\"77\",\"78\"],\"trainDescription\":\"<p>Take the D,2,3&nbsp;train to&nbsp;159 28th St<\\/p>\"}}}}}', '2016-07-19 15:47:28', '2016-07-19 15:47:28', '68d74264-6c38-4062-bc38-6a35f3f00633'),
 ('90', '106', '10', '1', 'en_us', '5', '', '{\"typeId\":\"10\",\"authorId\":\"1\",\"title\":\"Buy the Bag Shop\",\"slug\":\"buy-the-bag-shop\",\"postDate\":1468940400,\"expiryDate\":null,\"enabled\":1,\"parentId\":null,\"fields\":{\"27\":{\"street1\":\"159 28th St\",\"street2\":\"\",\"city\":\"Brooklyn\",\"state\":\"NY\",\"zip\":\"11232\",\"country\":\"United States\",\"lat\":\"40.65928520\",\"lng\":\"-74.00012410\"},\"1\":\"<p>Website:&nbsp;<a href=\\\"http:\\/\\/www.housingworks.org\\/events\\/buy-the-bag\\/\\\">http:\\/\\/www.housingworks.org\\/events\\/buy-the-bag\\/<\\/a><\\/p>\",\"16\":\"718-840-2923\",\"32\":[\"74\"],\"28\":[{\"open\":{\"time\":\"12:00 PM\"},\"close\":{\"time\":\"5:00 PM\"}},{\"open\":{\"time\":\"12:00 AM\"},\"close\":{\"time\":\"12:00 AM\"}},{\"open\":{\"time\":\"\"},\"close\":{\"time\":\"\"}},{\"open\":{\"time\":\"12:00 PM\"},\"close\":{\"time\":\"6:00 PM\"}},{\"open\":{\"time\":\"12:00 PM\"},\"close\":{\"time\":\"6:00 PM\"}},{\"open\":{\"time\":\"12:00 PM\"},\"close\":{\"time\":\"6:00 PM\"}},{\"open\":{\"time\":\"12:00 PM\"},\"close\":{\"time\":\"6:00 PM\"}}],\"29\":{\"107\":{\"type\":\"subwayTrain\",\"enabled\":\"1\",\"fields\":{\"trainImage\":[\"86\",\"77\",\"78\"],\"trainDescription\":\"<p>Take the D,2,3&nbsp;train to&nbsp;159 28th St<\\/p>\"}}}}}', '2016-07-19 15:47:57', '2016-07-19 15:47:57', 'ebc1acac-fcc3-4646-ae4c-2ed7f9779b3e'),
 ('91', '106', '10', '1', 'en_us', '6', '', '{\"typeId\":\"10\",\"authorId\":\"1\",\"title\":\"Buy the Bag Shop\",\"slug\":\"buy-the-bag-shop\",\"postDate\":1468940400,\"expiryDate\":null,\"enabled\":1,\"parentId\":null,\"fields\":{\"27\":{\"street1\":\"159 28th St\",\"street2\":\"\",\"city\":\"Brooklyn\",\"state\":\"NY\",\"zip\":\"11232\",\"country\":\"United States\",\"lat\":\"40.65928520\",\"lng\":\"-74.00012410\"},\"1\":\"<p>Website:&nbsp;<a href=\\\"http:\\/\\/www.housingworks.org\\/events\\/buy-the-bag\\/\\\">http:\\/\\/www.housingworks.org\\/events\\/buy-the-bag\\/<\\/a><\\/p>\",\"16\":\"718-840-2923\",\"32\":[\"74\"],\"28\":[{\"open\":{\"time\":\"12:00 PM\"},\"close\":{\"time\":\"5:00 PM\"}},{\"open\":{\"time\":\"\"},\"close\":{\"time\":\"\"}},{\"open\":{\"time\":\"\"},\"close\":{\"time\":\"\"}},{\"open\":{\"time\":\"12:00 PM\"},\"close\":{\"time\":\"6:00 PM\"}},{\"open\":{\"time\":\"12:00 PM\"},\"close\":{\"time\":\"6:00 PM\"}},{\"open\":{\"time\":\"12:00 PM\"},\"close\":{\"time\":\"6:00 PM\"}},{\"open\":{\"time\":\"12:00 PM\"},\"close\":{\"time\":\"6:00 PM\"}}],\"29\":{\"107\":{\"type\":\"subwayTrain\",\"enabled\":\"1\",\"fields\":{\"trainImage\":[\"86\",\"77\",\"78\"],\"trainDescription\":\"<p>Take the D,2,3&nbsp;train to&nbsp;159 28th St<\\/p>\"}}}}}', '2016-07-19 15:48:19', '2016-07-19 15:48:19', '77cdcbcb-0de5-4c6f-8440-1a8e2d26ad43'),
 ('92', '106', '10', '1', 'en_us', '7', '', '{\"typeId\":\"10\",\"authorId\":\"1\",\"title\":\"Buy the Bag Shop\",\"slug\":\"buy-the-bag-shop\",\"postDate\":1468940400,\"expiryDate\":null,\"enabled\":1,\"parentId\":null,\"fields\":{\"27\":{\"street1\":\"159 28th St\",\"street2\":\"\",\"city\":\"Brooklyn\",\"state\":\"NY\",\"zip\":\"11232\",\"country\":\"United States\",\"lat\":\"40.65928520\",\"lng\":\"-74.00012410\"},\"1\":\"<p>Website:&nbsp;<a href=\\\"http:\\/\\/www.housingworks.org\\/events\\/buy-the-bag\\/\\\">http:\\/\\/www.housingworks.org\\/events\\/buy-the-bag\\/<\\/a><\\/p>\",\"16\":\"718-840-2923\",\"32\":[\"74\"],\"28\":[{\"open\":{\"time\":\"12:00 PM\"},\"close\":{\"time\":\"5:00 PM\"}},{\"open\":{\"time\":\"\"},\"close\":{\"time\":\"\"}},{\"open\":{\"time\":\"\"},\"close\":{\"time\":\"\"}},{\"open\":{\"time\":\"12:00 PM\"},\"close\":{\"time\":\"6:00 PM\"}},{\"open\":{\"time\":\"12:00 PM\"},\"close\":{\"time\":\"6:00 PM\"}},{\"open\":{\"time\":\"12:00 PM\"},\"close\":{\"time\":\"6:00 PM\"}},{\"open\":{\"time\":\"12:00 PM\"},\"close\":{\"time\":\"6:00 PM\"}}],\"29\":{\"107\":{\"type\":\"subwayTrain\",\"enabled\":\"1\",\"fields\":{\"trainImage\":[\"86\",\"77\",\"78\"],\"trainDescription\":\"<p>Take the D,2,3&nbsp;train to&nbsp;159 28th St<\\/p>\"}}}}}', '2016-07-19 17:11:44', '2016-07-19 17:11:44', '6cd32ea4-9bc5-46e7-8b0c-6693d3d4cc69'),
 ('93', '100', '10', '1', 'en_us', '6', '', '{\"typeId\":\"10\",\"authorId\":\"1\",\"title\":\"Bookstore Cafe\",\"slug\":\"bookstorecafe\",\"postDate\":1468939380,\"expiryDate\":null,\"enabled\":1,\"parentId\":null,\"fields\":{\"27\":{\"street1\":\"126 Crosby St\",\"street2\":\"\",\"city\":\"New York\",\"state\":\"NY\",\"zip\":\"10012\",\"country\":\"United States\",\"lat\":\"40.72460350\",\"lng\":\"-73.99657550\"},\"1\":\"\",\"16\":\"212-334-3324\",\"32\":[\"75\"],\"28\":[{\"open\":{\"time\":\"9:00 AM\"},\"close\":{\"time\":\"10:00 PM\"}},{\"open\":{\"time\":\"9:00 AM\"},\"close\":{\"time\":\"10:00 PM\"}},{\"open\":{\"time\":\"9:00 AM\"},\"close\":{\"time\":\"10:30 PM\"}},{\"open\":{\"time\":\"12:30 PM\"},\"close\":{\"time\":\"7:30 PM\"}},{\"open\":{\"time\":\"4:30 PM\"},\"close\":{\"time\":\"11:30 PM\"}},{\"open\":{\"time\":\"9:30 AM\"},\"close\":{\"time\":\"4:00 PM\"}},{\"open\":{\"time\":\"\"},\"close\":{\"time\":\"\"}}],\"29\":{\"101\":{\"type\":\"subwayTrain\",\"enabled\":\"1\",\"fields\":{\"trainImage\":[\"87\",\"88\",\"90\"],\"trainDescription\":\"<p>To 126 Crosby Street,&nbsp;then the 14D Bus to 10th St and Avenue D<\\/p>\"}}}}}', '2016-07-19 18:19:35', '2016-07-19 18:19:35', 'd22c4156-b705-4c9c-ad92-e7ee84b115d5'),
 ('94', '100', '10', '1', 'en_us', '7', '', '{\"typeId\":\"10\",\"authorId\":\"1\",\"title\":\"Bookstore Cafe\",\"slug\":\"bookstore-cafe\",\"postDate\":1468939380,\"expiryDate\":null,\"enabled\":1,\"parentId\":null,\"fields\":{\"27\":{\"street1\":\"126 Crosby St\",\"street2\":\"\",\"city\":\"New York\",\"state\":\"NY\",\"zip\":\"10012\",\"country\":\"United States\",\"lat\":\"40.72460350\",\"lng\":\"-73.99657550\"},\"1\":\"\",\"16\":\"212-334-3324\",\"32\":[\"75\"],\"28\":[{\"open\":{\"time\":\"9:00 AM\"},\"close\":{\"time\":\"10:00 PM\"}},{\"open\":{\"time\":\"9:00 AM\"},\"close\":{\"time\":\"10:00 PM\"}},{\"open\":{\"time\":\"9:00 AM\"},\"close\":{\"time\":\"10:30 PM\"}},{\"open\":{\"time\":\"12:30 PM\"},\"close\":{\"time\":\"7:30 PM\"}},{\"open\":{\"time\":\"4:30 PM\"},\"close\":{\"time\":\"11:30 PM\"}},{\"open\":{\"time\":\"9:30 AM\"},\"close\":{\"time\":\"4:00 PM\"}},{\"open\":{\"time\":\"\"},\"close\":{\"time\":\"\"}}],\"29\":{\"101\":{\"type\":\"subwayTrain\",\"enabled\":\"1\",\"fields\":{\"trainImage\":[\"87\",\"88\",\"90\"],\"trainDescription\":\"<p>To 126 Crosby Street,&nbsp;then the 14D Bus to 10th St and Avenue D<\\/p>\"}}}}}', '2016-07-19 18:19:54', '2016-07-19 18:19:54', '06502e07-27eb-495f-9bec-ea62b0f960bc'),
 ('95', '108', '11', '1', 'en_us', '1', NULL, '{\"typeId\":\"11\",\"authorId\":null,\"title\":\"Career Page\",\"slug\":\"career-page\",\"postDate\":1468957461,\"expiryDate\":null,\"enabled\":1,\"parentId\":null,\"fields\":[]}', '2016-07-19 19:44:21', '2016-07-19 19:44:21', 'c7ba59f4-e911-4465-ba36-feaf4ae56ea6'),
 ('96', '108', '11', '1', 'en_us', '2', '', '{\"typeId\":null,\"authorId\":null,\"title\":\"Career Page\",\"slug\":\"career-page\",\"postDate\":1468957461,\"expiryDate\":null,\"enabled\":1,\"parentId\":null,\"fields\":{\"35\":\"Full time staff receive five weeks of paid time off their first year, and it only goes up from there. Great, comprehensive health and dental insurance after just 30 days of employment for full time and some part time staff. Help with student loans. Help with gym memberships and other health and educational needs. Retirement plan. Life insurance.\",\"1\":\"\",\"34\":\" At Housing Works our Community Values shape our culture and how we further our mission. We are looking for talented people who want to work in an environment that exudes these values\",\"33\":\" \\u201cI joined Housing Works as a staff person a year ago, but I\\u2019ve been a member of the family for some time. Shortly after I moved to NYC eight years ago, I stumbled across the Bookstore Cafe and fell in love. I started volunteering and was a member of the Thursday night posse for 5 years. I got even more involved with Housing Works and its mission by serving on the Inc. Board as the volunteer representative for 3 years. \"}}', '2016-07-19 19:50:01', '2016-07-19 19:50:01', 'ccab6d2c-b667-4afb-bb6e-68d250957d50'),
 ('97', '108', '11', '1', 'en_us', '3', '', '{\"typeId\":null,\"authorId\":null,\"title\":\"Career Page\",\"slug\":\"career-page\",\"postDate\":1468957461,\"expiryDate\":null,\"enabled\":1,\"parentId\":null,\"fields\":{\"35\":\"<ul><li>Full time staff receive five weeks of paid time off their first year, and it only goes up from there.<\\/li><li>Great, comprehensive health and dental insurance after just 30 days of employment for full time and some part time staff.<\\/li><li>Help with student loans.<\\/li><li>Help with gym memberships and other health and educational needs.<\\/li><li>Retirement plan.<\\/li><li>Life insurance.<\\/li><\\/ul>\",\"1\":\"\",\"34\":\"<p>At Housing Works our Community Values shape our culture and how we further our mission. We are looking for talented people who want to work in an environment that exudes these values<\\/p>\",\"33\":\"<p>\\u201cI joined Housing Works as a staff person a year ago, but I\\u2019ve been a member of the family for some time. Shortly after I moved to NYC eight years ago, I stumbled across the Bookstore Cafe and fell in love. I started volunteering and was a member of the Thursday night posse for 5 years. I got even more involved with Housing Works and its mission by serving on the Inc. Board as the volunteer representative for 3 years.<\\/p>\"}}', '2016-07-19 19:50:52', '2016-07-19 19:50:52', '10813f71-44b8-4012-a916-18a01f147f11'),
 ('98', '108', '11', '1', 'en_us', '4', '', '{\"typeId\":null,\"authorId\":null,\"title\":\"Career Page\",\"slug\":\"career-page\",\"postDate\":1468957461,\"expiryDate\":null,\"enabled\":1,\"parentId\":null,\"fields\":{\"35\":\"<ul><li>Full time staff receive five weeks of paid time off their first year, and it only goes up from there.Great, comprehensive health and dental insurance after just 30 days of employment for full time and some part time staff.<\\/li><li>Help with student loans.<\\/li><li>Help with gym memberships and other health and educational needs.<\\/li><li>Retirement plan.<\\/li><li>Life insurance.<\\/li><\\/ul>\",\"1\":\"\",\"34\":\"<p>At Housing Works our Community Values shape our culture and how we further our mission. We are looking for talented people who want to work in an environment that exudes these values<\\/p>\",\"33\":\"<p>\\u201cI joined Housing Works as a staff person a year ago, but I\\u2019ve been a member of the family for some time. Shortly after I moved to NYC eight years ago, I stumbled across the Bookstore Cafe and fell in love. I started volunteering and was a member of the Thursday night posse for 5 years. I got even more involved with Housing Works and its mission by serving on the Inc. Board as the volunteer representative for 3 years.<\\/p>\"}}', '2016-07-19 19:52:19', '2016-07-19 19:52:19', 'acea9e76-06c5-4d6c-a446-5c6daed44353'),
 ('100', '114', '13', '1', 'en_us', '1', '', '{\"typeId\":null,\"authorId\":\"1\",\"title\":\"Nurse Care Coordinator (RN)\",\"slug\":\"nurse-care-coordinator-rn\",\"postDate\":1468961207,\"expiryDate\":null,\"enabled\":1,\"parentId\":null,\"fields\":{\"39\":[\"111\"],\"18\":\"https:\\/\\/workforcenow.adp.com\\/jobs\\/apply\\/posting.html?client=hsngwrks&jobId=122177&lang=en_US&source=CC3\",\"36\":\"<p>The Adult Day Health Care (ADHC) Program at Housing Works is a unique community based health care program that provides comprehensive nursing, social work, nutrition, mental health and substance use services to individuals living with chronic illnesses including&nbsp;HIV, behavioral health conditions, diabetes, hypertension and others. Housing Works is seeking a Nurse Coordinator to serve as lead nurse, responsible for oversight of the nursing services at our two&nbsp;ADHC&nbsp;locations, Manhattan and Downtown Brooklyn. This is a unique opportunity for community health focused Registered Nurse (RN) with clinical experience and management interest to work in a collaborative, outcome focused setting.<\\/p>\\r\\n\\r\\n<p>Housing Works offers a competitive compensation package and values a diverse workplace.<\\/p>\",\"38\":\"<p>NYS&nbsp;Registered Nurse required, Master\\u2019s Degree preferred.<\\/p>\\r\\n\\r\\n<p>Housing Works provides equal employment opportunities (EEO) to all employees and applicants for employment without regard to race, color, religion, sex, national origin, age, disability or genetics. In addition to federal law requirements. Housing Works complies with applicable state and local laws governing nondiscrimination in employment in every location in which the company has facilities. This policy applies to all terms and conditions of employment, including recruiting, hiring, placement, promotion, termination, layoff, recall, transfer, leaves of absence, compensation and training.<\\/p>\",\"37\":\"<p>With the support of the Chief Medical Officer, Clinical Director and an interdisciplinary team of professionals, the Nursing Coordinator will help achieve improved health outcomes for our client population. The ideal candidate will be familiar with population health model and comfortable using data to guide practice.<\\/p>\"}}', '2016-07-19 20:46:47', '2016-07-19 20:46:47', '95ca3f4d-0696-43e2-850f-0583a794504f'),
 ('101', '114', '13', '1', 'en_us', '2', '', '{\"typeId\":\"13\",\"authorId\":\"1\",\"title\":\"Nurse Care Coordinator (RN)\",\"slug\":\"nurse-care-coordinator-rn\",\"postDate\":1468961160,\"expiryDate\":null,\"enabled\":1,\"parentId\":null,\"fields\":{\"39\":[\"111\"],\"18\":\"https:\\/\\/workforcenow.adp.com\\/jobs\\/apply\\/posting.html?client=hsngwrks&jobId=122177&lang=en_US&source=CC3\",\"36\":\"<p>The Adult Day Health Care (ADHC) Program at Housing Works is a unique community based health care program that provides comprehensive nursing, social work, nutrition, mental health and substance use services to individuals living with chronic illnesses including&nbsp;HIV, behavioral health conditions, diabetes, hypertension and others. Housing Works is seeking a Nurse Coordinator to serve as lead nurse, responsible for oversight of the nursing services at our two&nbsp;ADHC&nbsp;locations, Manhattan and Downtown Brooklyn. This is a unique opportunity for community health focused Registered Nurse (RN) with clinical experience and management interest to work in a collaborative, outcome focused setting.<\\/p>\\r\\n\\r\\n<p>Housing Works offers a competitive compensation package and values a diverse workplace.<\\/p>\",\"38\":\"<p>NYS&nbsp;Registered Nurse required, Master\\u2019s Degree preferred.<\\/p>\\r\\n\\r\\n<p>Housing Works provides equal employment opportunities (EEO) to all employees and applicants for employment without regard to race, color, religion, sex, national origin, age, disability or genetics. In addition to federal law requirements. Housing Works complies with applicable state and local laws governing nondiscrimination in employment in every location in which the company has facilities. This policy applies to all terms and conditions of employment, including recruiting, hiring, placement, promotion, termination, layoff, recall, transfer, leaves of absence, compensation and training.<\\/p>\",\"37\":\"<p>With the support of the Chief Medical Officer, Clinical Director and an interdisciplinary team of professionals, the Nursing Coordinator will help achieve improved health outcomes for our client population. The ideal candidate will be familiar with population health model and comfortable using data to guide practice.<\\/p>\"}}', '2016-07-19 21:13:31', '2016-07-19 21:13:31', '11426b84-cedc-4d1c-878a-343fb51a07cf'),
 ('102', '115', '13', '1', 'en_us', '1', '', '{\"typeId\":null,\"authorId\":\"1\",\"title\":\"Sales Associate Full Time - West Village Thrift Shop\",\"slug\":\"sales-associate-full-time-west-village-thrift-shop\",\"postDate\":1468962956,\"expiryDate\":null,\"enabled\":1,\"parentId\":null,\"fields\":{\"39\":[\"110\"],\"18\":\"https:\\/\\/workforcenow.adp.com\\/jobs\\/apply\\/posting.html?client=hsngwrks&jobId=122590&lang=en_US&source=CC3\",\"36\":\"<p>The Sales Associate works to provide first-rate customer and donor services, maximizing sales and to support the daily operations of the store.<\\/p>\",\"38\":\"<ul><li>Prior retail experience preferred<\\/li><li>Commitment to excellent customer service<\\/li><li>Experience\\/knowledge of thrift store environment preferred<\\/li><li>Excellent communications skills (both verbal and written), interpersonal and team-oriented skills<\\/li><li>Self-starting, self motivating mindset<\\/li><li>Attention to detail<\\/li><li>Strong interest in the HW mission to end the dual crises of homelessness andHIV\\/AIDS<\\/li><li>Basic mathematical skills to include adding, subtracting, multiplying, dividing, and calculating percentages<\\/li><li>Basic knowledge of Microsoft Word, Excel, and web based email applications<\\/li><li>High School Diploma or equivalent<\\/li><li>Flexibility in schedule, weekends and holidays are required<\\/li><li>Ability to stand, walk, kneel, and bend for long periods of time and lift up to 40 pounds<\\/li><\\/ul>\\r\\n\\r\\n<p>Housing Works provides equal employment opportunities (EEO) to all employees and applicants for employment without regard to race, color, religion, sex, national origin, age, disability or genetics. In addition to federal law requirements. Housing Works complies with applicable state and local laws governing nondiscrimination in employment in every location in which the company has facilities. This policy applies to all terms and conditions of employment, including recruiting, hiring, placement, promotion, termination, layoff, recall, transfer, leaves of absence, compensation and training.<\\/p>\",\"37\":\"<p>Customer Service and Sales:<\\/p>\\r\\n\\r\\n<ul><li>To understand and fully implement Housing Works\\u2019 customer service program which includes:\\r\\no The 10\\/4 Greeting\\r\\no The 4 Steps to Great Customer Service\\r\\no And the 5 Steps to Handling Customer Complaints<\\/li><li>Showcase exemplary customer\\/donor service, including but not limited to greeting, saying thank you, and explaining policies clearly and politely to the satisfaction of the customer.<\\/li><li>Prioritize assisting customers over all other store tasks.<\\/li><li>To be able to service multiple customers at one time with courtesy and sincerity.<\\/li><li>To employ suggestive selling techniques to better meet the customer\\u2019s needs.<\\/li><li>Know the daily sales goals and upcoming events or promotions.<\\/li><li>Actively promote upcoming events, sales, promotions and Housing Works mission at all stations and at all times.<\\/li><li>Assist with marketing store in neighborhood, especially during upcoming events.<\\/li><li>Cultivate relationships with repeat customers in order to serve them better.<\\/li><li>Preserve positive work-atmosphere by communicating with coworkers, volunteers, supervisors and customers\\/donors cordially and effectively.<\\/li><\\/ul>\\r\\n\\r\\n\\r\\n\\r\\n<p>Point of Sale\\/Cash Wrap<\\/p>\\r\\n\\r\\n<ul><li>Complete cash\\/charge transactions quickly and accurately, bag purchases efficiently and communicate upcoming events and promotions to the customer.<\\/li><li>Conduct furniture sales as outlined in policies and procedures manual.<\\/li><li>Maintain register cleanliness, cash wrap area must be clean and uncluttered, bags and supplies must be stocked and organized for efficiency.<\\/li><\\/ul>\\r\\n\\r\\n\\r\\n\\r\\n<p>Donations:<\\/p>\\r\\n\\r\\n<ul><li>Greet and thank donors with walk-in donations and provide excellent customer service as per the Housing Works\\u2019 customer service program.<\\/li><li>Offer Donor Inventory Form and provide assistance as necessary to the donor.<\\/li><li>Process merchandise according to store standards.<\\/li><li>Efficiently distribute goods to proper locations, taking into account all safety\\/processing guidelines.\\r\\n?\\r\\nGeneral Duties\\/Asset Protection:<\\/li><li>Maintain cleanliness and organization of sales floor, stock rooms, cash wrap, and fitting rooms.<\\/li><li>Demonstrate a high degree of integrity and enforce\\/uphold all Housing Works policies and procedures.<\\/li><li>Utilizing the 10\\/4 greeting, acknowledge all customers, monitor fitting rooms and be aware of potential theft\\/tag switching.<\\/li><li>Ensure register, cash handling and banking practices are in compliance with Housing Works policies and procedures.<\\/li><li>Ensure that inventory and pricing guidelines are complied with and maintained.<\\/li><li>Report unsafe working conditions immediately and demonstrate safe work habits.<\\/li><\\/ul>\\r\\n\\r\\n\\r\\n\\r\\n<p>Housing Works Ambassador:<\\/p>\\r\\n\\r\\n<ul><li>Participate in at least one direct action per quarter aimed at ending the twin crises of homelessness and&nbsp;HIV\\/AIDS.<\\/li><li>Know the Housing Works\\u2019 Mission Statement and goals and be able to inform and discuss with customers.<\\/li><\\/ul>\\r\\n\\r\\n\\r\\n\\r\\n<p>Create Volunteer Culture:<\\/p>\\r\\n\\r\\n<ul><li>Embraces the Volunteer Toolkit and assists the management team with implementation of the guidelines.<\\/li><li>Create and maintain a welcoming environment for volunteers.<\\/li><li>Work with all staff to train and develop volunteers.<\\/li><li>Actively recruit for volunteers from customers, donors, and neighborhood institutions.<\\/li><\\/ul>\\r\\n\\r\\n\\r\\n\\r\\n<p>Community Outreach:<\\/p>\\r\\n\\r\\n<ul><li>Develop reciprocal relationships with neighborhood establishments.<\\/li><li>Reach out to neighborhood to drive donations.<\\/li><li>Develop and utilize local store marketing kit and in store marketing tools.<\\/li><\\/ul>\"}}', '2016-07-19 21:15:56', '2016-07-19 21:15:56', '5fba1561-6cbe-47fb-bd8f-d416faebe298'),
 ('103', '116', '13', '1', 'en_us', '1', '', '{\"typeId\":null,\"authorId\":\"1\",\"title\":\"NYS Community Organizer\",\"slug\":\"nys-community-organizer\",\"postDate\":1468963091,\"expiryDate\":null,\"enabled\":1,\"parentId\":null,\"fields\":{\"39\":[\"112\"],\"18\":\"https:\\/\\/workforcenow.adp.com\\/jobs\\/apply\\/posting.html?client=hsngwrks&jobId=111408&lang=en_US&source=CC3\",\"36\":\"<p>Housing Works, Inc. seeks a community organizer to join its Upstate team in Albany, New York. This position will be responsible for tailored outreach to engage and activate persons with&nbsp;HIV&nbsp;and service providers from across Upstate New York and Long Island to connect them with the End&nbsp;AIDS&nbsp;2020 Community Coalition to further our collective goal of ending the&nbsp;AIDS&nbsp;epidemic by 2020 in New York.<\\/p>\",\"38\":\"<ul><li>Previous outreach, organizing and administrative experience.<\\/li><li>Ability and comfort approaching and speaking to a wide variety of people in a variety of circumstances.<\\/li><li>Ability to build and maintain relationships.<\\/li><li>Ability to work in a team and in collaboration with other organizations.<\\/li><li>Ability to work independently to meet goals.<\\/li><li>Must be willing to work occasional week nights and weekends.<\\/li><li>Comfort using technology including social media outlets, Microsoft Office Suite.<\\/li><li>Ability to engage, motivate and inspire others.<\\/li><li>Ability and experience working with diverse communities.<\\/li><li>Must be willing to travel (around the state and to&nbsp;NYC&nbsp;headquarters in Brooklyn).<\\/li><\\/ul>\\r\\n\\r\\n<p>Housing Works provides equal employment opportunities (EEO) to all employees and applicants for employment without regard to race, color, religion, sex, national origin, age, disability or genetics. In addition to federal law requirements; Housing Works complies with applicable state and local laws governing nondiscrimination in employment in every location in which the company has facilities. This policy applies to all terms and conditions of employment, including recruiting, hiring, placement, promotion, termination, layoff, recall, transfer, leaves of absence, compensation and training.<\\/p>\",\"37\":\"<ul><li>Conduct strategic outreach to specific populations.<\\/li><li>Build upon the existing End&nbsp;AIDS&nbsp;2020 Community Coalition.<\\/li><li>Serve as a spokesperson for both Housing Works and the Coalition at events and meetings.<\\/li><li>Establish, strengthen and maintain existing connections with community individuals and partners.<\\/li><li>Develop and maintain Capital Region advocacy group comprised of individuals and service providers, dedicated to providing education and outreach to end the&nbsp;AIDSepidemic.<\\/li><li>Work with Housing Works clients to provide education on ending the&nbsp;AIDSepidemic initiatives and assist with legislative education events.<\\/li><li>Schedule meetings with various stakeholders including legislators, agency representatives and community partners.<\\/li><li>Administrative functions including answering phones, petty cash account reconciliation, opening mail, general office duties.<\\/li><\\/ul>\"}}', '2016-07-19 21:18:11', '2016-07-19 21:18:11', '4c3f71d3-1d41-4d80-b960-91ed8bf1953d'),
 ('104', '117', '13', '1', 'en_us', '1', '', '{\"typeId\":null,\"authorId\":\"1\",\"title\":\"Junior System Administrator\",\"slug\":\"junior-system-administrator\",\"postDate\":1468963186,\"expiryDate\":null,\"enabled\":1,\"parentId\":null,\"fields\":{\"39\":\"\",\"18\":\"https:\\/\\/workforcenow.adp.com\\/jobs\\/apply\\/posting.html?client=hsngwrks&jobId=114852&lang=en_US&source=CC3\",\"36\":\"<p>Provides support for implementation, troubleshooting and maintenance of Information Technology (IT) systems. Manages IT system infrastructure and any processes related to these systems. Provides support to IT systems including day-to-day operations, monitoring and problem resolution for all of the client\\/server\\/storage\\/network devices, mobile devices, etc.<\\/p>\",\"38\":\"<ul><li>Associates Degree in Networking,&nbsp;CIS, or 2 years equivalent work experience.<\\/li><\\/ul>\\r\\n\\r\\n<ul><li>Experience with&nbsp;TCP-IP, Active Directory, MS Exchange, General Knowledge of Network Topology, Network Performance Tuning,&nbsp;LAN&nbsp;Knowledge, Network Design and Implementation.<\\/li><\\/ul>\\r\\n\\r\\n<ul><li>Ability to communicate effectively, both orally and in writing.<\\/li><\\/ul>\\r\\n\\r\\n<ul><li>Ability to plan and organize work.<\\/li><\\/ul>\\r\\n\\r\\n<p>* Ability to prioritize.<br><\\/p><ul><li>Position requires working evening and\\/or weekend hours when necessary.<\\/li><\\/ul>\\r\\n\\r\\n<p>Housing Works provides equal employment opportunities (EEO) to all employees and applicants for employment without regard to race, color, religion, sex, national origin, age, disability or genetics. In addition to federal law requirements; Housing Works complies with applicable state and local laws governing nondiscrimination in employment in every location in which the company has facilities. This policy applies to all terms and conditions of employment, including recruiting, hiring, placement, promotion, termination, layoff, recall, transfer, leaves of absence, compensation and training.<\\/p>\",\"37\":\"<ul><li>Provides Tier 1 (Help Desk) and Tier 2 (Escalation) problem identification, diagnosis and resolution of problems.<\\/li><\\/ul>\\r\\n\\r\\n<ul><li>Provide support for the escalation and communication of status to agency management and internal customers.<\\/li><\\/ul>\\r\\n\\r\\n<ul><li>Assist Network Administrator maintain network servers such as file servers,&nbsp;VPNgateways, intrusion detection systems.<\\/li><\\/ul>\\r\\n\\r\\n<ul><li>Assist Network Administrator maintains network performance by performing network monitoring and analysis, and performance tuning; troubleshooting network problems; escalating problems to vendor.<\\/li><\\/ul>\\r\\n\\r\\n<ul><li>Secures network by developing network access, monitoring, control, and evaluation; maintaining documentation.<\\/li><\\/ul>\\r\\n\\r\\n<ul><li>Upgrades network by conferring with vendors; developing, testing, evaluating, and installing enhancements.<\\/li><\\/ul>\\r\\n\\r\\n<ul><li>Protects organization\\u2019s value by keeping information confidential.<\\/li><\\/ul>\\r\\n\\r\\n<ul><li>Accomplishes organization goals by accepting ownership for accomplishing new and different requests; exploring opportunities to add value to job accomplishments.<\\/li><\\/ul>\\r\\n\\r\\n<ul><li>Configures and manages Windows operating systems and installs\\/loads operating system software, troubleshoots, maintains integrity and configures network components along with implementing operating systems enhancements to improve reliability and performance.<\\/li><\\/ul>\"}}', '2016-07-19 21:19:46', '2016-07-19 21:19:46', '8ecaf882-d40e-46fa-9e02-6d43faf53c41'),
 ('105', '118', '13', '1', 'en_us', '1', '', '{\"typeId\":null,\"authorId\":\"1\",\"title\":\"Donations\\/Event Intern\",\"slug\":\"donations-event-intern\",\"postDate\":1468963358,\"expiryDate\":null,\"enabled\":1,\"parentId\":null,\"fields\":{\"39\":\"\",\"18\":\"Email resume to a.marino@housingworks.org with the subject header \\u201cDonation\\/Event Internship\\u201d\",\"36\":\"<p>The Donations Department is looking for an intern to help secure in-kind donations for our thrift shops, for the thrifts special events, and for Housing Works\\u2019 two annual fundraisers.<\\/p>\\r\\n\\r\\n<p>Please email your resume, a thoughtful cover letter addressing why you are a great fit for this experience, and your time availability to Allison Marino at&nbsp;<a href=\\\"mailto:a.marino@housingworks.org\\\">a.marino@housingworks.org<\\/a>&nbsp;with the subject header \\u201cDonation\\/Event Internship\\u201d<\\/p>\\r\\n\\r\\n<p>Available to work 15 hours per week minimum during 9am-6pm time frame (any days Monday through Friday \\u2013 we are happy to work with your schedule. Preferred summer schedule is 12pm-6pm Tuesday-Thursday). Our office is located inside of our SoHo Thrift Shop in New York \\u2013 130 Crosby Street<\\/p>\",\"38\":\"<ul><li>Detail oriented<\\/li><li>Great at following directions<\\/li><li>Experienced with basic computer programs (Microsoft Word and Excel)<\\/li><li>Proficient in internet research<\\/li><li>Experienced in data entry and\\/or database management (Salesforce or Raiser\\u2019s Edge experience highly preferred)<\\/li><li>A great communicator (both written and spoken, especially on the phone)<\\/li><li>Interest or experience in interior design, special events, fundraising, nonprofit administration or similar (preferred but not required)<\\/li><li>Excited to gain hands-on experience in a nonprofit environment<\\/li><li>Available to commit to intern summer and fall terms (at least through October 2016), with preference given to candidates that can commit to a long-term internship, through the spring semester of 2017<\\/li><\\/ul>\\r\\n\\r\\n<p>What you get in return:<\\/p>\\r\\n\\r\\n<ul><li>Experience in using and managing&nbsp;CRM&nbsp;software (we will train you on your first day!)<\\/li><li>First-hand experience in nonprofit events and in-kind fundraising<\\/li><li>Administrative support experience<\\/li><li>School credit (if applicable \\u2013 we are prepared to work with your program and instructors to fulfill all requirements of credit-based internships)<\\/li><li>25% off in Housing Works Thrift Shops!<\\/li><\\/ul>\",\"37\":\"<ul><li>Support the Manager of Special Events and Systems in all administrative event preparations:\\r\\no Conduct research on prospective event participants\\r\\no Conduct correspondence with event participants, vendors, and other event stakeholders\\r\\no Record and track incoming donations using our online database, Salesforce\\r\\no Process gift acknowledgement and event thank you letters\\r\\no Other administrative tasks as delegated<\\/li><li>Attend the events as a volunteer and see the finished product<\\/li><\\/ul>\"}}', '2016-07-19 21:22:38', '2016-07-19 21:22:38', 'e006e368-8aed-47e4-8436-6ea315c561d3'),
 ('106', '117', '13', '1', 'en_us', '2', '', '{\"typeId\":\"13\",\"authorId\":\"1\",\"title\":\"Junior System Administrator\",\"slug\":\"junior-system-administrator\",\"postDate\":1468963140,\"expiryDate\":null,\"enabled\":1,\"parentId\":null,\"fields\":{\"39\":[\"113\"],\"18\":\"https:\\/\\/workforcenow.adp.com\\/jobs\\/apply\\/posting.html?client=hsngwrks&jobId=114852&lang=en_US&source=CC3\",\"36\":\"<p>Provides support for implementation, troubleshooting and maintenance of Information Technology (IT) systems. Manages IT system infrastructure and any processes related to these systems. Provides support to IT systems including day-to-day operations, monitoring and problem resolution for all of the client\\/server\\/storage\\/network devices, mobile devices, etc.<\\/p>\",\"38\":\"<ul><li>Associates Degree in Networking,&nbsp;CIS, or 2 years equivalent work experience.<\\/li><\\/ul>\\r\\n\\r\\n<ul><li>Experience with&nbsp;TCP-IP, Active Directory, MS Exchange, General Knowledge of Network Topology, Network Performance Tuning,&nbsp;LAN&nbsp;Knowledge, Network Design and Implementation.<\\/li><\\/ul>\\r\\n\\r\\n<ul><li>Ability to communicate effectively, both orally and in writing.<\\/li><\\/ul>\\r\\n\\r\\n<ul><li>Ability to plan and organize work.<\\/li><\\/ul>\\r\\n\\r\\n<p>* Ability to prioritize.<br><\\/p>\\r\\n\\r\\n<ul><li>Position requires working evening and\\/or weekend hours when necessary.<\\/li><\\/ul>\\r\\n\\r\\n<p>Housing Works provides equal employment opportunities (EEO) to all employees and applicants for employment without regard to race, color, religion, sex, national origin, age, disability or genetics. In addition to federal law requirements; Housing Works complies with applicable state and local laws governing nondiscrimination in employment in every location in which the company has facilities. This policy applies to all terms and conditions of employment, including recruiting, hiring, placement, promotion, termination, layoff, recall, transfer, leaves of absence, compensation and training.<\\/p>\",\"37\":\"<ul><li>Provides Tier 1 (Help Desk) and Tier 2 (Escalation) problem identification, diagnosis and resolution of problems.<\\/li><\\/ul>\\r\\n\\r\\n<ul><li>Provide support for the escalation and communication of status to agency management and internal customers.<\\/li><\\/ul>\\r\\n\\r\\n<ul><li>Assist Network Administrator maintain network servers such as file servers,&nbsp;VPNgateways, intrusion detection systems.<\\/li><\\/ul>\\r\\n\\r\\n<ul><li>Assist Network Administrator maintains network performance by performing network monitoring and analysis, and performance tuning; troubleshooting network problems; escalating problems to vendor.<\\/li><\\/ul>\\r\\n\\r\\n<ul><li>Secures network by developing network access, monitoring, control, and evaluation; maintaining documentation.<\\/li><\\/ul>\\r\\n\\r\\n<ul><li>Upgrades network by conferring with vendors; developing, testing, evaluating, and installing enhancements.<\\/li><\\/ul>\\r\\n\\r\\n<ul><li>Protects organization\\u2019s value by keeping information confidential.<\\/li><\\/ul>\\r\\n\\r\\n<ul><li>Accomplishes organization goals by accepting ownership for accomplishing new and different requests; exploring opportunities to add value to job accomplishments.<\\/li><\\/ul>\\r\\n\\r\\n<ul><li>Configures and manages Windows operating systems and installs\\/loads operating system software, troubleshoots, maintains integrity and configures network components along with implementing operating systems enhancements to improve reliability and performance.<\\/li><\\/ul>\"}}', '2016-07-19 21:22:49', '2016-07-19 21:22:49', '372de468-920d-445b-a30d-096ac5ec314f'),
 ('107', '118', '13', '1', 'en_us', '2', '', '{\"typeId\":\"13\",\"authorId\":\"1\",\"title\":\"Donations\\/Event Intern\",\"slug\":\"donations-event-intern\",\"postDate\":1468963320,\"expiryDate\":null,\"enabled\":1,\"parentId\":null,\"fields\":{\"39\":\"\",\"18\":\"Email resume to a.marino@housingworks.org with the subject header \\u201cDonation\\/Event Internship\\u201d\",\"36\":\"<p>The Donations Department is looking for an intern to help secure in-kind donations for our thrift shops, for the thrifts special events, and for Housing Works\\u2019 two annual fundraisers.<\\/p>\\r\\n\\r\\n<p>Please email your resume, a thoughtful cover letter addressing why you are a great fit for this experience, and your time availability to Allison Marino at&nbsp;<a href=\\\"mailto:a.marino@housingworks.org\\\">a.marino@housingworks.org<\\/a>&nbsp;with the subject header \\u201cDonation\\/Event Internship\\u201d<\\/p>\\r\\n\\r\\n\\r\\n\\r\\n<p>Available to work 15 hours per week minimum during 9am-6pm time frame (any days Monday through Friday \\u2013 we are happy to work with your schedule. Preferred summer schedule is 12pm-6pm Tuesday-Thursday). Our office is located inside of our SoHo Thrift Shop in New York \\u2013 130 Crosby Street<\\/p>\",\"38\":\"<ul><li>Detail oriented<\\/li><li>Great at following directions<\\/li><li>Experienced with basic computer programs (Microsoft Word and Excel)<\\/li><li>Proficient in internet research<\\/li><li>Experienced in data entry and\\/or database management (Salesforce or Raiser\\u2019s Edge experience highly preferred)<\\/li><li>A great communicator (both written and spoken, especially on the phone)<\\/li><li>Interest or experience in interior design, special events, fundraising, nonprofit administration or similar (preferred but not required)<\\/li><li>Excited to gain hands-on experience in a nonprofit environment<\\/li><li>Available to commit to intern summer and fall terms (at least through October 2016), with preference given to candidates that can commit to a long-term internship, through the spring semester of 2017<\\/li><\\/ul>\\r\\n\\r\\n<p>What you get in return:<\\/p>\\r\\n\\r\\n<ul><li>Experience in using and managing&nbsp;CRM&nbsp;software (we will train you on your first day!)<\\/li><li>First-hand experience in nonprofit events and in-kind fundraising<\\/li><li>Administrative support experience<\\/li><li>School credit (if applicable \\u2013 we are prepared to work with your program and instructors to fulfill all requirements of credit-based internships)<\\/li><li>25% off in Housing Works Thrift Shops!<\\/li><\\/ul>\",\"37\":\"<ul><li>Support the Manager of Special Events and Systems in all administrative event preparations:\\r\\no Conduct research on prospective event participants\\r\\no Conduct correspondence with event participants, vendors, and other event stakeholders\\r\\no Record and track incoming donations using our online database, Salesforce\\r\\no Process gift acknowledgement and event thank you letters\\r\\no Other administrative tasks as delegated<\\/li><li>Attend the events as a volunteer and see the finished product<\\/li><\\/ul>\"}}', '2016-07-19 21:23:17', '2016-07-19 21:23:17', 'd8b43622-d572-407d-bce9-6fd44fe93fd0'),
 ('108', '118', '13', '1', 'en_us', '3', '', '{\"typeId\":\"13\",\"authorId\":\"1\",\"title\":\"Donations\\/Event Intern\",\"slug\":\"donations-event-intern\",\"postDate\":1468963320,\"expiryDate\":null,\"enabled\":1,\"parentId\":null,\"fields\":{\"39\":[\"119\"],\"18\":\"Email resume to a.marino@housingworks.org with the subject header \\u201cDonation\\/Event Internship\\u201d\",\"36\":\"<p>The Donations Department is looking for an intern to help secure in-kind donations for our thrift shops, for the thrifts special events, and for Housing Works\\u2019 two annual fundraisers.<\\/p>\\r\\n\\r\\n<p>Please email your resume, a thoughtful cover letter addressing why you are a great fit for this experience, and your time availability to Allison Marino at&nbsp;<a href=\\\"mailto:a.marino@housingworks.org\\\">a.marino@housingworks.org<\\/a>&nbsp;with the subject header \\u201cDonation\\/Event Internship\\u201d<\\/p>\\r\\n\\r\\n\\r\\n\\r\\n\\r\\n\\r\\n<p>Available to work 15 hours per week minimum during 9am-6pm time frame (any days Monday through Friday \\u2013 we are happy to work with your schedule. Preferred summer schedule is 12pm-6pm Tuesday-Thursday). Our office is located inside of our SoHo Thrift Shop in New York \\u2013 130 Crosby Street<\\/p>\",\"38\":\"<ul><li>Detail oriented<\\/li><li>Great at following directions<\\/li><li>Experienced with basic computer programs (Microsoft Word and Excel)<\\/li><li>Proficient in internet research<\\/li><li>Experienced in data entry and\\/or database management (Salesforce or Raiser\\u2019s Edge experience highly preferred)<\\/li><li>A great communicator (both written and spoken, especially on the phone)<\\/li><li>Interest or experience in interior design, special events, fundraising, nonprofit administration or similar (preferred but not required)<\\/li><li>Excited to gain hands-on experience in a nonprofit environment<\\/li><li>Available to commit to intern summer and fall terms (at least through October 2016), with preference given to candidates that can commit to a long-term internship, through the spring semester of 2017<\\/li><\\/ul>\\r\\n\\r\\n<p>What you get in return:<\\/p>\\r\\n\\r\\n<ul><li>Experience in using and managing&nbsp;CRM&nbsp;software (we will train you on your first day!)<\\/li><li>First-hand experience in nonprofit events and in-kind fundraising<\\/li><li>Administrative support experience<\\/li><li>School credit (if applicable \\u2013 we are prepared to work with your program and instructors to fulfill all requirements of credit-based internships)<\\/li><li>25% off in Housing Works Thrift Shops!<\\/li><\\/ul>\",\"37\":\"<ul><li>Support the Manager of Special Events and Systems in all administrative event preparations:\\r\\no Conduct research on prospective event participants\\r\\no Conduct correspondence with event participants, vendors, and other event stakeholders\\r\\no Record and track incoming donations using our online database, Salesforce\\r\\no Process gift acknowledgement and event thank you letters\\r\\no Other administrative tasks as delegated<\\/li><li>Attend the events as a volunteer and see the finished product<\\/li><\\/ul>\"}}', '2016-07-19 21:24:55', '2016-07-19 21:24:55', 'ffc664a0-c609-4ef7-bbe3-fe0c1ecf4dcd'),
 ('109', '100', '10', '1', 'en_us', '8', '', '{\"typeId\":\"10\",\"authorId\":\"1\",\"title\":\"Bookstore Cafe\",\"slug\":\"bookstore-cafe\",\"postDate\":1468939380,\"expiryDate\":null,\"enabled\":1,\"parentId\":null,\"fields\":{\"27\":{\"street1\":\"126 Crosby St\",\"street2\":\"\",\"city\":\"New York\",\"state\":\"NY\",\"zip\":\"10012\",\"country\":\"United States\",\"lat\":\"40.72460350\",\"lng\":\"-73.99657550\"},\"1\":\"\",\"16\":\"212-334-3324\",\"32\":[\"75\"],\"28\":[{\"open\":{\"time\":\"9:00 AM\"},\"close\":{\"time\":\"10:00 PM\"}},{\"open\":{\"time\":\"9:00 AM\"},\"close\":{\"time\":\"10:00 PM\"}},{\"open\":{\"time\":\"9:00 AM\"},\"close\":{\"time\":\"10:30 PM\"}},{\"open\":{\"time\":\"12:30 PM\"},\"close\":{\"time\":\"7:30 PM\"}},{\"open\":{\"time\":\"4:30 PM\"},\"close\":{\"time\":\"11:30 PM\"}},{\"open\":{\"time\":\"9:30 AM\"},\"close\":{\"time\":\"4:00 PM\"}},{\"open\":{\"time\":\"\"},\"close\":{\"time\":\"\"}}],\"29\":{\"101\":{\"type\":\"subwayTrain\",\"enabled\":\"1\",\"fields\":{\"trainImage\":[\"87\",\"88\",\"90\"],\"trainDescription\":\"<p>To 126 Crosby Street,&nbsp;then the 14D Bus to 10th St and Avenue D<\\/p>\"}}}}}', '2016-07-20 14:53:13', '2016-07-20 14:53:13', '37a06113-c963-4731-af3c-6d42658747fc'),
 ('110', '121', '14', '1', 'en_us', '1', '', '{\"typeId\":null,\"authorId\":\"1\",\"title\":\"Bookstore Cafe Volunteers\",\"slug\":\"bookstore-cafe-volunteers\",\"postDate\":1469029541,\"expiryDate\":null,\"enabled\":1,\"parentId\":null,\"fields\":{\"1\":\"<p><strong>Bookstore Cafe<\\/strong><\\/p>\\r\\n\\r\\n\\r\\n\\r\\n<p>\\u201cWhat I enjoy most about volunteering at Housing Works, aside from the relationships I\\u2019ve built, is the knowledge that my efforts directly affect a community that needs my help now more than ever. It really feels good to know that I\\u2019m making a difference.\\u201d<\\/p>\\r\\n\\r\\n\\r\\n\\r\\n\\r\\n\\r\\n<p>We have many exciting volunteer opportunities for individuals and groups in the bookstore and cafe. You can immerse yourself in a cozy, cultured atmosphere and give back to the community at the same time.<\\/p>\\r\\n\\r\\n\\r\\n\\r\\n\\r\\n\\r\\n<p>Also as a Housing Works Volunteer, you are encouraged to participate in any and all advocacy and activist activities. We hold rallies and civil disobedience actions wherever we can have a meaningful impact on pressing issues that affect homeless people and families living with&nbsp;HIV&nbsp;&&nbsp;AIDS.<\\/p>\\r\\n\\r\\n\\r\\n\\r\\n\\r\\n\\r\\n<p><strong>Volunteer Requirements<\\/strong>\\r\\n\\u2022 Complete the online application. At the bottom you must check that you have read and understand the Housing Works Volunteer Accepted Duty to Act and the&nbsp;HIVAttestation forms.\\r\\n\\u2022 Be at least 16 years of age to be a sales associate, and at least 18 years of age to be a barista.\\r\\n\\u2022 Attend a New Volunteer Information Session, to which you will be invited shortly after you apply click&nbsp;<a href=\\\"http:\\/\\/www.housingworks.org\\/Bookstore_July_2016_Info_Sessions.pdf\\\">here<\\/a>&nbsp;to see the list of upcoming Info Sessions).\\r\\n\\u2022 Commit to one four-hour shift per week for a minimum of six months. We are not recruiting short-term volunteers, so please apply if you can find a shift that will fit with your schedule for the next six months.<\\/p>\\r\\n\\r\\n\\r\\n\\r\\n\\r\\n\\r\\n<p><strong>Volunteer Shifts<\\/strong>\\r\\nMonday-Friday, 9-2p, 2-6p, 6-10p\\r\\nSaturday-Sunday, 10-2p, 2-6p<\\/p>\\r\\n\\r\\n\\r\\n\\r\\n\\r\\n\\r\\n<h3>VOLUNTEER POSITIONS<\\/h3>\\r\\n\\r\\n\\r\\n\\r\\n\\r\\n\\r\\n<p><strong>Bookstore Sales, Inventory<\\/strong>\\r\\nOur bookstore serves many purposes for the community and with that, our volunteers enjoy a wide variety of responsibilities! Bookstore Sales Associates price and shelve books, run the register, take donations, maintain sections and displays, and help customers.<\\/p>\\r\\n\\r\\n\\r\\n\\r\\n\\r\\n\\r\\n<p><strong>Inventory & Internet Sales Volunteers<\\/strong>\\r\\nInventory & Internet Sales Associates help to manage over 60,000 books listed online. You will process all of our customer orders, help pick books from shelves and pack them for shipping. Other responsibilities include helping to process donations, organizing and maintaining shelves and the packing area, and moving boxes of books.<\\/p>\\r\\n\\r\\n\\r\\n\\r\\n\\r\\n\\r\\n<p><strong>Barista & Cafe Support<\\/strong>\\r\\nIf you are looking for something more fast-paced and customer-oriented, join our team of Baristas! Responsibilities include making espresso drinks, serving food, stocking and maintaining the cafe, washing dishes, working at the cash register, and, most importantly, helping us sustain the warm, welcoming, and unique environment our caf\\u00e9 has come to provide. In addition to assisting our Baristas, our Cafe Support Volunteers primary tasks include bussing tables (removing garbage, clearing dishes, taking stray books to the front register), assist Bookstore Sales Volunteers when needed, and encourage customers and patrons to honor cafe rules. (Cafe Support Volunteers are only Mondays-Fridays, 10-2p and 2-6p.)<\\/p>\\r\\n\\r\\n\\r\\n\\r\\n\\r\\n\\r\\n<p><em>Prerequisites<\\/em>: This position is demanding! You must be willing to work hard and work well with people. Food handling and espresso-making experience are a plus, but as long as you are passionate about working in the cafe, we would love to train you! Finally, we serve alcohol, so baristas must be 18+<\\/p>\\r\\n\\r\\n\\r\\n\\r\\n\\r\\n\\r\\n<p><strong>Special Project Volunteer<\\/strong>\\r\\nOur Special Project Volunteers are ready to fill positions at major and designated events, help out where we are understaffed, and other projects when needed. You must be prepared to transition store floor to and from performance space (assemble\\/disassemble stage, set up\\/clean up chairs, set up\\/break down extra bar, assist with Cafe needs, manage large crowds, empty trash cans, sweep, mop, and other duties relevant to opening and closing during an event). Event Volunteers also prepare, manage, and close a&nbsp;HWBC&nbsp;booth at an off site event (includes, but not limited to networking, selling books and other&nbsp;HWBC&nbsp;items, and hauling donated books back to the store).<\\/p>\\r\\n\\r\\n\\r\\n\\r\\n\\r\\n\\r\\n<p><em>Pre-requisites<\\/em>: Interested Special Project Volunteers must attend a mandatory orientation and volunteer a minimum of two projects a month. For events you may be required to serve or sell alcohol you must be 18+ and for off site opportunities a valid picture ID.<\\/p>\\r\\n\\r\\n\\r\\n\\r\\n\\r\\n\\r\\n<p>For individuals and groups interested in completing community service at the bookstore, please email&nbsp;<a href=\\\"mailto:Volunteer@housingworksbookstore.org\\\">Volunteer@housingworksbookstore.org<\\/a>.<\\/p>\\r\\n\\r\\n\\r\\n\\r\\n\\r\\n\\r\\n<p>&mdash;&mdash;&mdash;&mdash;&mdash;&mdash;&mdash;&mdash;&mdash;&mdash;&mdash;&mdash;&mdash;&mdash;&mdash;&mdash;&mdash;<\\/p>\\r\\n\\r\\n\\r\\n\\r\\n\\r\\n\\r\\n<p>If you\\u2019re interested in volunteering at our bookstore please<\\/p>\",\"41\":[\"120\"],\"40\":\"\"}}', '2016-07-20 15:45:41', '2016-07-20 15:45:41', '66809607-b995-4be2-82a2-166a59e00b11'),
 ('111', '123', '14', '1', 'en_us', '1', '', '{\"typeId\":null,\"authorId\":\"1\",\"title\":\"Thrift Shop, Processing & Distribution Center Volunteers\",\"slug\":\"thrift-shop-processing-distribution-center-volunteers\",\"postDate\":1469031563,\"expiryDate\":null,\"enabled\":1,\"parentId\":null,\"fields\":{\"1\":\"<p><strong>So many ways to help<\\/strong><\\/p>\\r\\n\\r\\n<p>Housing Works depends on the generosity of volunteers in our fight to end&nbsp;AIDS&nbsp;and homelessness. Our thrift shops cannot run without the commitment and hard work of our staff and volunteers.<\\/p>\\r\\n\\r\\n<p>Volunteers like you started our very first thrift shop in Chelsea and continue to support us to this day in our shops. By volunteering at a Housing Works Thrift shop, you are directly responsible for providing funding to New Yorkers affected by homelessness and&nbsp;HIV\\/AIDS.<\\/p>\\r\\n\\r\\n<p>We\\u2019re always on the lookout for dynamic and friendly people to help provide great customer service and an outstanding thrifting experience in our shops. Volunteers will accept merchandise donations, assist customers at our fitting rooms, refill and organize our clothing racks and housewares shelves, assist to merchandise the shop, and work with staff on a wide variety of special projects. Each volunteer is trained to have knowledge of each area of the shop, and each person\\u2019s volunteer experience can be tailored to their personal skills and interests.<\\/p>\\r\\n\\r\\n<p>We invite you to become part of our thrift shop family.<\\/p>\\r\\n\\r\\n<p><strong>Thrift Sales Associate<\\/strong>\\r\\nThe Volunteer Sales Associate works to provide first-rate customer and donor services, maximizing sales and to support the daily operations of their respective Thrift Shop. Essential Job Functions include, but are not limited to assist with marketing the Shop in your neighborhood, conducting and completing sales, process donated merchandise, maintaining cleanliness and organization of sales floor, and ensure that inventory and pricing guidelines are complied with and maintained.<\\/p>\\r\\n\\r\\n<p><a href=\\\"http:\\/\\/www.housingworks.org\\/internal-files\\/thrifts\\/Volunteer_Sales_Associate_JD_2013.docx\\\">Please click here to view the full job description<\\/a><\\/p>\\r\\n\\r\\n<p><strong>Administrative Volunteer, Processing & Merchandising Volunteer (PDC)<\\/strong>\\r\\nOur&nbsp;<a href=\\\"http:\\/\\/www.housingworks.org\\/volunteer\\/corporate-group-volunteerism\\/\\\">Processing & Distribution Center (PDC)<\\/a>&nbsp;in Long Island City receives thousands of units of clothing per day.&nbsp;PDC&nbsp;volunteers help expedite processing donations and restocking stores, which ultimately helps generate greatly needed revenue for our organization. Processing & Distribution Volunteer tasks include sorting donations, hanging and tagging merchandise, and organizing inventory and back-stock. Administrative Volunteers assist staff with filing and organizing paperwork, answering phones, and all other administrative duties at the&nbsp;PDC. (Volunteer shifts at the&nbsp;PDC&nbsp;are Monday-Friday, 8-12p and 1-4p.)<\\/p>\\r\\n\\r\\n<p>###p<as a=\\\"\\\" housing=\\\"\\\" works=\\\"\\\" volunteer,=\\\"\\\" you=\\\"\\\" are=\\\"\\\" encouraged=\\\"\\\" to=\\\"\\\" participate=\\\"\\\" in=\\\"\\\" any=\\\"\\\" and=\\\"\\\" all=\\\"\\\" advocacy=\\\"\\\" activist=\\\"\\\" activities.=\\\"\\\" we=\\\"\\\" hold=\\\"\\\" rallies=\\\"\\\" civil=\\\"\\\" disobedience=\\\"\\\" actions=\\\"\\\" wherever=\\\"\\\" can=\\\"\\\" have=\\\"\\\" meaningful=\\\"\\\" impact=\\\"\\\" on=\\\"\\\" pressing=\\\"\\\" issues=\\\"\\\" that=\\\"\\\" affect=\\\"\\\" homeless=\\\"\\\" people=\\\"\\\" families=\\\"\\\" living=\\\"\\\" with&nbsp;hiv&nbsp;&&nbsp;aids.<=\\\"\\\" p=\\\"\\\"><br><\\/as><\\/p><p><em>Pre-requistes<\\/em>: Future Volunteers must fill out online form (link is below) and attend our Volunteer Information Session (###a href=\\\"https:\\/\\/drive.google.com\\/file\\/d\\/0B_uH_Kiir2EyY2xCN0VVU2czNWc\\/view?usp=sharing\\\" target=\\\"_blank\\\" \\\"=\\\"\\\"&gt;click here to see the schedule of upcoming Info Sessions). You must be able to commit to volunteer for one (1) four-hour shift per 7 day work week for a minimum of 6 months. Shop hours vary and shift times can be flexible, for store hours, click on the store of your interest on the navbar on the right. Must be 16 and over to apply independently. Young people aged 14 and 15 must obtain working papers from their school and parent\\u2019s permission before attending a session.<\\/p>\\r\\n\\r\\n\",\"41\":[\"120\"],\"40\":\"\"}}', '2016-07-20 16:19:23', '2016-07-20 16:19:23', '346a7cb7-1fb0-4621-9a92-69e709db8a0a');
INSERT INTO `craft_entryversions` (`id`, `entryId`, `sectionId`, `creatorId`, `locale`, `num`, `notes`, `data`, `dateCreated`, `dateUpdated`, `uid`) VALUES
 ('112', '125', '14', '1', 'en_us', '1', '', '{\"typeId\":null,\"authorId\":\"1\",\"title\":\"Buy The Bag\",\"slug\":\"buy-the-bag\",\"postDate\":1469031706,\"expiryDate\":null,\"enabled\":1,\"parentId\":null,\"fields\":{\"1\":\"<p>On December 1, 2012, Housing Works opens its brand new and exciting Buy the Bag shop! Customers pay $25 and get a bag to fill up with contemporary, designer and vintage apparel \\u2013 some in need of a little&nbsp;TLC. Known as \\u201cthrifter\\u2019s heaven\\u201d by savvy shoppers, bloggers and media, including&nbsp;<a href=\\\"http:\\/\\/www.nytimes.com\\/2012\\/01\\/01\\/fashion\\/thrift-stores-add-perks.html\\\">The New York Times<\\/a>&nbsp;and&nbsp;<a href=\\\"http:\\/\\/video.today.msnbc.msn.com\\/today\\/46626336#46626336\\\">The Today Show<\\/a>, Buy the Bag is not your typical retail experience and we\\u2019re looking for a few good volunteers up to the task.<\\/p>\\r\\n\\r\\n<p>We seek to provide customers with the same level of service that we are known for at our twelve thrift shops, and are looking for hard working, dedicated people to call this new shop their volunteer home. Volunteers at Buy the Bag will assist our staff by:<\\/p>\\r\\n\\r\\n<p>\\u2022 Providing excellent customer service throughout the shop\\r\\n\\u2022 Maintaining the neatness and cleanliness of the sales floor\\r\\n\\u2022 Ringing purchases at the register\\r\\n\\u2022 Talking to customers about Housing Works\\u2019 fight to end&nbsp;HIV\\/AIDS and Homelessness<\\/p>\",\"41\":[\"124\"],\"40\":\"\"}}', '2016-07-20 16:21:46', '2016-07-20 16:21:46', '9147c261-b535-4cce-bd9b-dd0cc3d3b284'),
 ('113', '123', '14', '1', 'en_us', '2', '', '{\"typeId\":\"14\",\"authorId\":\"1\",\"title\":\"Thrift Shop, Processing & Distribution Center Volunteers\",\"slug\":\"thrift-shop-processing-distribution-center-volunteers\",\"postDate\":1469031540,\"expiryDate\":null,\"enabled\":1,\"parentId\":null,\"fields\":{\"1\":\"<p><strong>So many ways to help<\\/strong><\\/p>\\r\\n\\r\\n<p>Housing Works depends on the generosity of volunteers in our fight to end&nbsp;AIDS&nbsp;and homelessness. Our thrift shops cannot run without the commitment and hard work of our staff and volunteers.<\\/p>\\r\\n\\r\\n\\r\\n\\r\\n<p>Volunteers like you started our very first thrift shop in Chelsea and continue to support us to this day in our shops. By volunteering at a Housing Works Thrift shop, you are directly responsible for providing funding to New Yorkers affected by homelessness and&nbsp;HIV\\/AIDS.<\\/p>\\r\\n\\r\\n\\r\\n\\r\\n<p>We\\u2019re always on the lookout for dynamic and friendly people to help provide great customer service and an outstanding thrifting experience in our shops. Volunteers will accept merchandise donations, assist customers at our fitting rooms, refill and organize our clothing racks and housewares shelves, assist to merchandise the shop, and work with staff on a wide variety of special projects. Each volunteer is trained to have knowledge of each area of the shop, and each person\\u2019s volunteer experience can be tailored to their personal skills and interests.<\\/p>\\r\\n\\r\\n\\r\\n\\r\\n<p>We invite you to become part of our thrift shop family.<\\/p>\\r\\n\\r\\n\\r\\n\\r\\n<p><strong>Thrift Sales Associate<\\/strong>\\r\\nThe Volunteer Sales Associate works to provide first-rate customer and donor services, maximizing sales and to support the daily operations of their respective Thrift Shop. Essential Job Functions include, but are not limited to assist with marketing the Shop in your neighborhood, conducting and completing sales, process donated merchandise, maintaining cleanliness and organization of sales floor, and ensure that inventory and pricing guidelines are complied with and maintained.<\\/p>\\r\\n\\r\\n\\r\\n\\r\\n<p><a href=\\\"http:\\/\\/www.housingworks.org\\/internal-files\\/thrifts\\/Volunteer_Sales_Associate_JD_2013.docx\\\">Please click here to view the full job description<\\/a><\\/p>\\r\\n\\r\\n\\r\\n\\r\\n<p><strong>Administrative Volunteer, Processing & Merchandising Volunteer (PDC)<\\/strong>\\r\\nOur&nbsp;<a href=\\\"http:\\/\\/www.housingworks.org\\/volunteer\\/corporate-group-volunteerism\\/\\\">Processing & Distribution Center (PDC)<\\/a>&nbsp;in Long Island City receives thousands of units of clothing per day.&nbsp;PDC&nbsp;volunteers help expedite processing donations and restocking stores, which ultimately helps generate greatly needed revenue for our organization. Processing & Distribution Volunteer tasks include sorting donations, hanging and tagging merchandise, and organizing inventory and back-stock. Administrative Volunteers assist staff with filing and organizing paperwork, answering phones, and all other administrative duties at the&nbsp;PDC. (Volunteer shifts at the&nbsp;PDC&nbsp;are Monday-Friday, 8-12p and 1-4p.)<\\/p>\\r\\n\\r\\n\\r\\n\\r\\n<p>###p<br><\\/p>\\r\\n\\r\\n<p><em>Pre-requistes<\\/em>: Future Volunteers must fill out online form (link is below) and attend our Volunteer Information Session (###a href=\\\"https:\\/\\/drive.google.com\\/file\\/d\\/0B_uH_Kiir2EyY2xCN0VVU2czNWc\\/view?usp=sharing\\\" target=\\\"_blank\\\" \\\"=\\\"\\\"&gt;click here to see the schedule of upcoming Info Sessions). You must be able to commit to volunteer for one (1) four-hour shift per 7 day work week for a minimum of 6 months. Shop hours vary and shift times can be flexible, for store hours, click on the store of your interest on the navbar on the right. Must be 16 and over to apply independently. Young people aged 14 and 15 must obtain working papers from their school and parent\\u2019s permission before attending a session.<\\/p>\",\"41\":[\"122\"],\"40\":\"\"}}', '2016-07-20 16:22:07', '2016-07-20 16:22:07', 'fe846f97-3dd6-466c-b945-979b721f8bb1'),
 ('114', '127', '14', '1', 'en_us', '1', '', '{\"typeId\":null,\"authorId\":\"1\",\"title\":\"Group Volunteerism\",\"slug\":\"group-volunteerism\",\"postDate\":1469031869,\"expiryDate\":null,\"enabled\":1,\"parentId\":null,\"fields\":{\"1\":\"<p><strong>Your Organization at Housing Works<\\/strong>\\r\\nGroups of volunteers assist our organization greatly, by coming together to better the communities that they live and work in. Housing Works is pleased to partner with corporations, universities, and community based groups, in the creation and implementation of volunteer projects that benefit homeless men and women living with&nbsp;HIV\\/AIDS. We are one of New York City\\u2019s largest and most successful support services for those in these under served communities, and becoming a part of the Housing Work\\u2019s family is an exciting way for companies to give back.<\\/p>\\r\\n\\r\\n<p>Each project challenges volunteers to develop new skills and engage new people, contributing to a greater sense of camaraderie. We welcome the opportunity to work with corporations to find volunteer opportunities that meet their needs and priorities. Volunteering with Housing Works is a great way for companies to engage employees while demonstrating their commitment to the fight against homelessness and&nbsp;AIDS, and the improvement of the lives of all at-risk New Yorkers.<\\/p>\\r\\n\\r\\n<p><strong>Housing Works Thrifts\\u2019 Processing and Distribution Center<\\/strong>\\r\\nHousing Works, Inc. is a pioneer in the social enterprise business model movement. Our 12 city wide thrift shops generate revenue to support our programs and services. The merchandise at our 12 Thrift Shops depends on the generous donations of all New Yorkers. All profits are used to aid our mission to end the dual crises of&nbsp;AIDS&nbsp;and homelessness. Their annual revenues total approximately $15 million.<\\/p>\\r\\n\\r\\n<ul><li>All clothing donations are sent to our Processing and Distribution Center (PDC) in Long Island City, Queens. There, a dedicated team of staff and volunteers prepare these donations to be sold in our thrift shops.<\\/li><li>Volunteer roles consist of:\\r\\n- Sorting donations&nbsp;\\r\\n- Hanging and tagging merchandise\\r\\n- Inventory and back-stock\\r\\n- Organizing<\\/li><li>Volunteer shifts are available Mondays, Wednesdays, and Fridays, from either 9am\\u201312pm or 1pm\\u20133pm.<\\/li><li>The&nbsp;PDC&nbsp;can accommodate a maximum of 15 volunteers per shift and no prior experience is required.<\\/li><\\/ul>\\r\\n\\r\\n<p><strong>How Your Group Helps at the&nbsp;PDC<\\/strong><\\/p>\\r\\n\\r\\n<ul><li>The&nbsp;PDC&nbsp;receives thousands of units of clothing per day.&nbsp;PDC&nbsp;volunteers help expedite processing donations and restocking stores, which ultimately helps generate greatly needed revenue for our organization.<\\/li><li>PDC&nbsp;volunteers find the volunteer experience both incredibly rewarding and exciting. We invite your company to join us in the fight against the dual crises of homelessness and&nbsp;AIDS&nbsp;in New York City.<\\/li><\\/ul>\",\"41\":[\"126\"],\"40\":\"\"}}', '2016-07-20 16:24:29', '2016-07-20 16:24:29', '38675d4f-629c-4bc9-9e4b-6ef6ab0b0a1d'),
 ('115', '129', '14', '1', 'en_us', '1', '', '{\"typeId\":null,\"authorId\":\"1\",\"title\":\"Health\\/Preventive Service Opportunities\",\"slug\":\"health-preventive-service-opportunities\",\"postDate\":1469032578,\"expiryDate\":null,\"enabled\":1,\"parentId\":null,\"fields\":{\"1\":\"<p>Housing Works offers a wide variety of Health\\/Preventive service opportunities for those looking to serve; the volunteer\\/intern positions listed in this section reflect our current needs<\\/p>\",\"41\":[\"128\"],\"40\":\"\"}}', '2016-07-20 16:36:18', '2016-07-20 16:36:18', '9eee84bb-386b-414d-9db6-1b8d7e5185c0'),
 ('116', '130', '14', '1', 'en_us', '1', '', '{\"typeId\":null,\"authorId\":\"1\",\"title\":\"Fashion for Action Volunteer Application\",\"slug\":\"fashion-for-action-volunteer-application\",\"postDate\":1469033231,\"expiryDate\":null,\"enabled\":1,\"parentId\":\"\",\"fields\":{\"1\":\"<p><b>PLEASE&nbsp;NOTE&nbsp;THE&nbsp;FOLLOWING&nbsp;BEFORE&nbsp;FILLING&nbsp;OUT&nbsp;THIS&nbsp;APPLICATION<\\/b><\\/p>\\r\\n\\r\\n<li><b>This application is for those interested in volunteering only for Fashion for Action<\\/b><\\/li><b>\\r\\n\\r\\n<li>You must attend an information session in order to be able to volunteer for the event, please be sure to select a date from the drop down menu below that you are able to attend<\\/li>\\r\\n\\r\\n<li>If you have volunteered at a Housing Works special event in the past, or currently volunteer at a thrift shop,&nbsp;<u>do not<\\/u>&nbsp;fill out this application. Please contact us directly.<\\/li><\\/b>\",\"41\":\"\",\"40\":\"\"}}', '2016-07-20 16:47:11', '2016-07-20 16:47:11', 'be25fec4-af68-4a76-a3f8-57ebcfbbb1e0'),
 ('117', '131', '14', '1', 'en_us', '1', '', '{\"typeId\":null,\"authorId\":\"1\",\"title\":\"Design on a Dime Volunteer Opportunities\",\"slug\":\"design-on-a-dime-volunteer-opportunities\",\"postDate\":1469033304,\"expiryDate\":null,\"enabled\":1,\"parentId\":\"\",\"fields\":{\"1\":\"<p>On April 21, 2016, Housing Works will present New York City\\u2019s most popular interior design benefit event at the Metropolitan Pavilion in Chelsea. Design on a Dime features more than 60 of the world\\u2019s top interior designers, who create unforgettable room vignettes with new merchandise, which is donated and then sold for 50 to 70 percent off retail! Each year, Design on a Dime depends on the hard work of hundreds of volunteers. You can volunteer to help in many ways, from event setup, sales and breakdown, to event merchandise preparation and sorting at our Thrift Shop Warehouse. Individual, corporate group and student group volunteer opportunities are available.<\\/p>\\r\\n\\r\\n<p>Below is a list of days, shifts, and tasks to choose from (multiple days and shifts are allowed):<\\/p>\\r\\n\\r\\n<p><b>Tuesday April 19<\\/b>&nbsp;12-4p, 4-8p | Volunteers will assist staff in one of three teams; unloading merchandise from trucks, setting up furniture around event space, and trash removal (volunteers must be able to lift up to 40 pounds). 4-7p, 7-10p | Volunteers will assist designers and staff with set up, preparation, and trash removal.<\\/p>\\r\\n\\r\\n<p><b>Wednesday April 20<\\/b>&nbsp;9-1:30p | Assist designers and staff with set up, preparation, and trash removal. 1-5:30p, 5-10p | Volunteers will assist staff with preparation and pricing of merchandise for sale throughout event space.<\\/p>\\r\\n\\r\\n<p><b>Thursday April 21<\\/b>&nbsp;9-12p, 12-3p | Experienced retail volunteers needed to assist staff with last minute prep, final touches, and merchandise pricing. 4:45-10:45p | The evening is all about the Gala Night! Volunteers will assist with customer service on the sales floor, running sold tickets between merchandise and register, bagging purchases at the register, providing excellent customer service to our patrons, and closing at the end, preparing the sales\\/exhibit space for the next day (prompt attendance required for Gala Night; you must be able to arrive no later than by 5p).<\\/p>\\r\\n\\r\\n<p><b>Friday April 22<\\/b>&nbsp;8:30-12p | Today begins the first of two public day sales and volunteers are needed to help organize back stock and consolidate merchandise. 9-1:30p, 1-5p, 4:30-7:30p | Volunteer tasks during these shifts include bagging at registers, line help, sold tag runners, room & sales assistance. 7-10p | Volunteers on the Friday night re-set team will help condense the merchandise left to be sold on Saturday and separate sold merchandise for pick up.<\\/p>\\r\\n\\r\\n<p><b>Saturday April 22<\\/b>&nbsp;9-1:30p, 1-5p | The second and last day of our public sale day continues with tasks including bagging at registers, line help, sold tag runners, and room & sales assistance. 2-5p, 4-8p | The week\\u2019s begin to sales wind down, the clean-up and clear out begins. Volunteers will help with organizing and loading out merchandise, and emptying the event space. 5-11p | Volunteers will report to our Chelsea and Gramercy Thrifts to receive merchandise arriving from the Design on a Dime exhibit space.<\\/p>\\r\\n\\r\\n<p>###b<all participating=\\\"\\\" volunteers=\\\"\\\" will=\\\"\\\" receive=\\\"\\\" a=\\\"\\\" brand=\\\"\\\" new=\\\"\\\" design=\\\"\\\" on=\\\"\\\" dime=\\\"\\\" 2016=\\\"\\\" t-shirt=\\\"\\\" along=\\\"\\\" with=\\\"\\\" 25%=\\\"\\\" discount=\\\"\\\" card=\\\"\\\" to=\\\"\\\" be=\\\"\\\" used=\\\"\\\" during=\\\"\\\" our=\\\"\\\" public=\\\"\\\" sale=\\\"\\\" days=\\\"\\\" or=\\\"\\\" at=\\\"\\\" one=\\\"\\\" of=\\\"\\\" thrift=\\\"\\\" shops=\\\"\\\" (valid=\\\"\\\" for=\\\"\\\" 30=\\\"\\\" days).<=\\\"\\\" b=\\\"\\\"><\\/all><\\/p>\\r\\n\\r\\n<p>If you are interested in volunteering, or would like to sign up your group to a volunteer for Design on a Dime 2016 please email&nbsp;###a href=\\\"mailto:volunteers@housingworks.org\\\"&gt;volunteers@housingworks.org.<\\/p>\",\"41\":\"\",\"40\":\"\"}}', '2016-07-20 16:48:24', '2016-07-20 16:48:24', '733514e7-fd5f-4660-acf7-16865953dad2'),
 ('118', '121', '14', '1', 'en_us', '2', '', '{\"typeId\":\"14\",\"authorId\":\"1\",\"title\":\"Bookstore Cafe Volunteers\",\"slug\":\"bookstore-cafe-volunteers\",\"postDate\":1469029500,\"expiryDate\":null,\"enabled\":1,\"parentId\":\"\",\"fields\":{\"1\":\"<p><strong>Bookstore Cafe<\\/strong><\\/p>\\r\\n\\r\\n\\r\\n\\r\\n<p>\\u201cWhat I enjoy most about volunteering at Housing Works, aside from the relationships I\\u2019ve built, is the knowledge that my efforts directly affect a community that needs my help now more than ever. It really feels good to know that I\\u2019m making a difference.\\u201d<\\/p>\\r\\n\\r\\n\\r\\n\\r\\n\\r\\n\\r\\n\\r\\n\\r\\n<p>We have many exciting volunteer opportunities for individuals and groups in the bookstore and cafe. You can immerse yourself in a cozy, cultured atmosphere and give back to the community at the same time.<\\/p>\\r\\n\\r\\n\\r\\n\\r\\n\\r\\n\\r\\n\\r\\n\\r\\n<p>Also as a Housing Works Volunteer, you are encouraged to participate in any and all advocacy and activist activities. We hold rallies and civil disobedience actions wherever we can have a meaningful impact on pressing issues that affect homeless people and families living with&nbsp;HIV&nbsp;&&nbsp;AIDS.<\\/p>\\r\\n\\r\\n\\r\\n\\r\\n\\r\\n\\r\\n\\r\\n\\r\\n<p><strong>Volunteer Requirements<\\/strong>\\r\\n\\u2022 Complete the online application. At the bottom you must check that you have read and understand the Housing Works Volunteer Accepted Duty to Act and the&nbsp;HIVAttestation forms.\\r\\n\\u2022 Be at least 16 years of age to be a sales associate, and at least 18 years of age to be a barista.\\r\\n\\u2022 Attend a New Volunteer Information Session, to which you will be invited shortly after you apply click&nbsp;<a href=\\\"http:\\/\\/www.housingworks.org\\/Bookstore_July_2016_Info_Sessions.pdf\\\">here<\\/a>&nbsp;to see the list of upcoming Info Sessions).\\r\\n\\u2022 Commit to one four-hour shift per week for a minimum of six months. We are not recruiting short-term volunteers, so please apply if you can find a shift that will fit with your schedule for the next six months.<\\/p>\\r\\n\\r\\n\\r\\n\\r\\n\\r\\n\\r\\n\\r\\n\\r\\n<p><strong>Volunteer Shifts<\\/strong>\\r\\nMonday-Friday, 9-2p, 2-6p, 6-10p\\r\\nSaturday-Sunday, 10-2p, 2-6p<\\/p>\\r\\n\\r\\n\\r\\n\\r\\n\\r\\n\\r\\n\\r\\n\\r\\n<h3>VOLUNTEER POSITIONS<\\/h3>\\r\\n\\r\\n\\r\\n\\r\\n\\r\\n\\r\\n\\r\\n\\r\\n<p><strong>Bookstore Sales, Inventory<\\/strong>\\r\\nOur bookstore serves many purposes for the community and with that, our volunteers enjoy a wide variety of responsibilities! Bookstore Sales Associates price and shelve books, run the register, take donations, maintain sections and displays, and help customers.<\\/p>\\r\\n\\r\\n\\r\\n\\r\\n\\r\\n\\r\\n\\r\\n\\r\\n<p><strong>Inventory & Internet Sales Volunteers<\\/strong>\\r\\nInventory & Internet Sales Associates help to manage over 60,000 books listed online. You will process all of our customer orders, help pick books from shelves and pack them for shipping. Other responsibilities include helping to process donations, organizing and maintaining shelves and the packing area, and moving boxes of books.<\\/p>\\r\\n\\r\\n\\r\\n\\r\\n\\r\\n\\r\\n\\r\\n\\r\\n<p><strong>Barista & Cafe Support<\\/strong>\\r\\nIf you are looking for something more fast-paced and customer-oriented, join our team of Baristas! Responsibilities include making espresso drinks, serving food, stocking and maintaining the cafe, washing dishes, working at the cash register, and, most importantly, helping us sustain the warm, welcoming, and unique environment our caf\\u00e9 has come to provide. In addition to assisting our Baristas, our Cafe Support Volunteers primary tasks include bussing tables (removing garbage, clearing dishes, taking stray books to the front register), assist Bookstore Sales Volunteers when needed, and encourage customers and patrons to honor cafe rules. (Cafe Support Volunteers are only Mondays-Fridays, 10-2p and 2-6p.)<\\/p>\\r\\n\\r\\n\\r\\n\\r\\n\\r\\n\\r\\n\\r\\n\\r\\n<p><em>Prerequisites<\\/em>: This position is demanding! You must be willing to work hard and work well with people. Food handling and espresso-making experience are a plus, but as long as you are passionate about working in the cafe, we would love to train you! Finally, we serve alcohol, so baristas must be 18+<\\/p>\\r\\n\\r\\n\\r\\n\\r\\n\\r\\n\\r\\n\\r\\n\\r\\n<p><strong>Special Project Volunteer<\\/strong>\\r\\nOur Special Project Volunteers are ready to fill positions at major and designated events, help out where we are understaffed, and other projects when needed. You must be prepared to transition store floor to and from performance space (assemble\\/disassemble stage, set up\\/clean up chairs, set up\\/break down extra bar, assist with Cafe needs, manage large crowds, empty trash cans, sweep, mop, and other duties relevant to opening and closing during an event). Event Volunteers also prepare, manage, and close a&nbsp;HWBC&nbsp;booth at an off site event (includes, but not limited to networking, selling books and other&nbsp;HWBC&nbsp;items, and hauling donated books back to the store).<\\/p>\\r\\n\\r\\n\\r\\n\\r\\n\\r\\n\\r\\n\\r\\n\\r\\n<p><em>Pre-requisites<\\/em>: Interested Special Project Volunteers must attend a mandatory orientation and volunteer a minimum of two projects a month. For events you may be required to serve or sell alcohol you must be 18+ and for off site opportunities a valid picture ID.<\\/p>\\r\\n\\r\\n\\r\\n\\r\\n\\r\\n\\r\\n\\r\\n\\r\\n<p>For individuals and groups interested in completing community service at the bookstore, please email&nbsp;<a href=\\\"mailto:Volunteer@housingworksbookstore.org\\\">Volunteer@housingworksbookstore.org<\\/a>.<\\/p>\\r\\n\\r\\n\\r\\n\\r\\n\\r\\n\\r\\n\\r\\n\\r\\n<p>&mdash;&mdash;&mdash;&mdash;&mdash;&mdash;&mdash;&mdash;&mdash;&mdash;&mdash;&mdash;&mdash;&mdash;&mdash;&mdash;&mdash;<\\/p>\\r\\n\\r\\n\\r\\n\\r\\n\\r\\n\\r\\n\\r\\n\\r\\n<p>If you\\u2019re interested in volunteering at our bookstore please<\\/p>\",\"41\":[\"120\"],\"40\":[\"102\"]}}', '2016-07-20 16:57:51', '2016-07-20 16:57:51', '3dc63f2c-c81f-4177-bb02-c80d9858eee9'),
 ('119', '131', '14', '1', 'en_us', '2', '', '{\"typeId\":\"14\",\"authorId\":\"1\",\"title\":\"Design on a Dime Volunteer Opportunities\",\"slug\":\"design-on-a-dime-volunteer-opportunities\",\"postDate\":1469033280,\"expiryDate\":null,\"enabled\":1,\"parentId\":\"\",\"fields\":{\"1\":\"<p>On April 21, 2016, Housing Works will present New York City\\u2019s most popular interior design benefit event at the Metropolitan Pavilion in Chelsea. Design on a Dime features more than 60 of the world\\u2019s top interior designers, who create unforgettable room vignettes with new merchandise, which is donated and then sold for 50 to 70 percent off retail! Each year, Design on a Dime depends on the hard work of hundreds of volunteers. You can volunteer to help in many ways, from event setup, sales and breakdown, to event merchandise preparation and sorting at our Thrift Shop Warehouse. Individual, corporate group and student group volunteer opportunities are available.<\\/p>\\r\\n\\r\\n<p>Below is a list of days, shifts, and tasks to choose from (multiple days and shifts are allowed):<\\/p>\\r\\n\\r\\n\\r\\n\\r\\n<p><strong>Tuesday April 19<\\/strong>&nbsp;12-4p, 4-8p | Volunteers will assist staff in one of three teams; unloading merchandise from trucks, setting up furniture around event space, and trash removal (volunteers must be able to lift up to 40 pounds). 4-7p, 7-10p | Volunteers will assist designers and staff with set up, preparation, and trash removal.<\\/p>\\r\\n\\r\\n\\r\\n\\r\\n<p><strong>Wednesday April 20<\\/strong>&nbsp;9-1:30p | Assist designers and staff with set up, preparation, and trash removal. 1-5:30p, 5-10p | Volunteers will assist staff with preparation and pricing of merchandise for sale throughout event space.<\\/p>\\r\\n\\r\\n\\r\\n\\r\\n<p><strong>Thursday April 21<\\/strong>&nbsp;9-12p, 12-3p | Experienced retail volunteers needed to assist staff with last minute prep, final touches, and merchandise pricing. 4:45-10:45p | The evening is all about the Gala Night! Volunteers will assist with customer service on the sales floor, running sold tickets between merchandise and register, bagging purchases at the register, providing excellent customer service to our patrons, and closing at the end, preparing the sales\\/exhibit space for the next day (prompt attendance required for Gala Night; you must be able to arrive no later than by 5p).<\\/p>\\r\\n\\r\\n\\r\\n\\r\\n<p><strong>Friday April 22<\\/strong>&nbsp;8:30-12p | Today begins the first of two public day sales and volunteers are needed to help organize back stock and consolidate merchandise. 9-1:30p, 1-5p, 4:30-7:30p | Volunteer tasks during these shifts include bagging at registers, line help, sold tag runners, room & sales assistance. 7-10p | Volunteers on the Friday night re-set team will help condense the merchandise left to be sold on Saturday and separate sold merchandise for pick up.<\\/p>\\r\\n\\r\\n\\r\\n\\r\\n<p><strong>Saturday April 22<\\/strong>&nbsp;9-1:30p, 1-5p | The second and last day of our public sale day continues with tasks including bagging at registers, line help, sold tag runners, and room & sales assistance. 2-5p, 4-8p | The week\\u2019s begin to sales wind down, the clean-up and clear out begins. Volunteers will help with organizing and loading out merchandise, and emptying the event space. 5-11p | Volunteers will report to our Chelsea and Gramercy Thrifts to receive merchandise arriving from the Design on a Dime exhibit space.<\\/p>\\r\\n\\r\\n\\r\\n\\r\\n<p>###b<\\/p>\\r\\n\\r\\n\\r\\n\\r\\n<p>If you are interested in volunteering, or would like to sign up your group to a volunteer for Design on a Dime 2016 please email&nbsp;###a href=\\\"mailto:volunteers@housingworks.org\\\"&gt;volunteers@housingworks.org.<\\/p>\",\"41\":\"\",\"40\":[\"106\",\"98\"]}}', '2016-07-20 16:58:19', '2016-07-20 16:58:19', '13a273fd-8864-40d7-83aa-00017c94389c'),
 ('120', '121', '14', '1', 'en_us', '3', '', '{\"typeId\":\"14\",\"authorId\":\"1\",\"title\":\"Bookstore Cafe Volunteers\",\"slug\":\"bookstore-cafe-volunteers\",\"postDate\":1469029500,\"expiryDate\":null,\"enabled\":1,\"parentId\":\"\",\"fields\":{\"1\":\"<p><strong>Bookstore Cafe<\\/strong><\\/p>\\r\\n\\r\\n\\r\\n\\r\\n<p>\\u201cWhat I enjoy most about volunteering at Housing Works, aside from the relationships I\\u2019ve built, is the knowledge that my efforts directly affect a community that needs my help now more than ever. It really feels good to know that I\\u2019m making a difference.\\u201d<\\/p>\\r\\n\\r\\n\\r\\n\\r\\n\\r\\n\\r\\n\\r\\n\\r\\n\\r\\n\\r\\n<p>We have many exciting volunteer opportunities for individuals and groups in the bookstore and cafe. You can immerse yourself in a cozy, cultured atmosphere and give back to the community at the same time.<\\/p>\\r\\n\\r\\n\\r\\n\\r\\n\\r\\n\\r\\n\\r\\n\\r\\n\\r\\n\\r\\n<p>Also as a Housing Works Volunteer, you are encouraged to participate in any and all advocacy and activist activities. We hold rallies and civil disobedience actions wherever we can have a meaningful impact on pressing issues that affect homeless people and families living with&nbsp;HIV&nbsp;&&nbsp;AIDS.<\\/p>\\r\\n\\r\\n\\r\\n\\r\\n\\r\\n\\r\\n\\r\\n\\r\\n\\r\\n\\r\\n<p><strong>Volunteer Requirements<\\/strong>\\r\\n\\u2022 Complete the online application. At the bottom you must check that you have read and understand the Housing Works Volunteer Accepted Duty to Act and the&nbsp;HIVAttestation forms.\\r\\n\\u2022 Be at least 16 years of age to be a sales associate, and at least 18 years of age to be a barista.\\r\\n\\u2022 Attend a New Volunteer Information Session, to which you will be invited shortly after you apply click&nbsp;<a href=\\\"http:\\/\\/www.housingworks.org\\/Bookstore_July_2016_Info_Sessions.pdf\\\">here<\\/a>&nbsp;to see the list of upcoming Info Sessions).\\r\\n\\u2022 Commit to one four-hour shift per week for a minimum of six months. We are not recruiting short-term volunteers, so please apply if you can find a shift that will fit with your schedule for the next six months.<\\/p>\\r\\n\\r\\n\\r\\n\\r\\n\\r\\n\\r\\n\\r\\n\\r\\n\\r\\n\\r\\n<p><strong>Volunteer Shifts<\\/strong>\\r\\nMonday-Friday, 9-2p, 2-6p, 6-10p\\r\\nSaturday-Sunday, 10-2p, 2-6p<\\/p>\\r\\n\\r\\n\\r\\n\\r\\n\\r\\n\\r\\n\\r\\n\\r\\n\\r\\n\\r\\n<h3>VOLUNTEER POSITIONS<\\/h3>\\r\\n\\r\\n\\r\\n\\r\\n\\r\\n\\r\\n\\r\\n\\r\\n\\r\\n\\r\\n<p><strong>Bookstore Sales, Inventory<\\/strong>\\r\\nOur bookstore serves many purposes for the community and with that, our volunteers enjoy a wide variety of responsibilities! Bookstore Sales Associates price and shelve books, run the register, take donations, maintain sections and displays, and help customers.<\\/p>\\r\\n\\r\\n\\r\\n\\r\\n\\r\\n\\r\\n\\r\\n\\r\\n\\r\\n\\r\\n<p><strong>Inventory & Internet Sales Volunteers<\\/strong>\\r\\nInventory & Internet Sales Associates help to manage over 60,000 books listed online. You will process all of our customer orders, help pick books from shelves and pack them for shipping. Other responsibilities include helping to process donations, organizing and maintaining shelves and the packing area, and moving boxes of books.<\\/p>\\r\\n\\r\\n\\r\\n\\r\\n\\r\\n\\r\\n\\r\\n\\r\\n\\r\\n\\r\\n<p><strong>Barista & Cafe Support<\\/strong>\\r\\nIf you are looking for something more fast-paced and customer-oriented, join our team of Baristas! Responsibilities include making espresso drinks, serving food, stocking and maintaining the cafe, washing dishes, working at the cash register, and, most importantly, helping us sustain the warm, welcoming, and unique environment our caf\\u00e9 has come to provide. In addition to assisting our Baristas, our Cafe Support Volunteers primary tasks include bussing tables (removing garbage, clearing dishes, taking stray books to the front register), assist Bookstore Sales Volunteers when needed, and encourage customers and patrons to honor cafe rules. (Cafe Support Volunteers are only Mondays-Fridays, 10-2p and 2-6p.)<\\/p>\\r\\n\\r\\n\\r\\n\\r\\n\\r\\n\\r\\n\\r\\n\\r\\n\\r\\n\\r\\n<p><em>Prerequisites<\\/em>: This position is demanding! You must be willing to work hard and work well with people. Food handling and espresso-making experience are a plus, but as long as you are passionate about working in the cafe, we would love to train you! Finally, we serve alcohol, so baristas must be 18+<\\/p>\\r\\n\\r\\n\\r\\n\\r\\n\\r\\n\\r\\n\\r\\n\\r\\n\\r\\n\\r\\n<p><strong>Special Project Volunteer<\\/strong>\\r\\nOur Special Project Volunteers are ready to fill positions at major and designated events, help out where we are understaffed, and other projects when needed. You must be prepared to transition store floor to and from performance space (assemble\\/disassemble stage, set up\\/clean up chairs, set up\\/break down extra bar, assist with Cafe needs, manage large crowds, empty trash cans, sweep, mop, and other duties relevant to opening and closing during an event). Event Volunteers also prepare, manage, and close a&nbsp;HWBC&nbsp;booth at an off site event (includes, but not limited to networking, selling books and other&nbsp;HWBC&nbsp;items, and hauling donated books back to the store).<\\/p>\\r\\n\\r\\n\\r\\n\\r\\n\\r\\n\\r\\n\\r\\n\\r\\n\\r\\n\\r\\n<p><em>Pre-requisites<\\/em>: Interested Special Project Volunteers must attend a mandatory orientation and volunteer a minimum of two projects a month. For events you may be required to serve or sell alcohol you must be 18+ and for off site opportunities a valid picture ID.<\\/p>\\r\\n\\r\\n\\r\\n\\r\\n\\r\\n\\r\\n\\r\\n\\r\\n\\r\\n\\r\\n<p>For individuals and groups interested in completing community service at the bookstore, please email&nbsp;<a href=\\\"mailto:Volunteer@housingworksbookstore.org\\\">Volunteer@housingworksbookstore.org<\\/a>.<\\/p>\\r\\n\\r\\n\\r\\n\\r\\n\\r\\n\\r\\n\\r\\n\\r\\n\\r\\n\\r\\n<p>&mdash;&mdash;&mdash;&mdash;&mdash;&mdash;&mdash;&mdash;&mdash;&mdash;&mdash;&mdash;&mdash;&mdash;&mdash;&mdash;&mdash;<\\/p>\\r\\n\\r\\n\\r\\n\\r\\n\\r\\n\\r\\n\\r\\n\\r\\n\\r\\n\\r\\n<p>If you\\u2019re interested in volunteering at our bookstore please<\\/p>\",\"41\":[\"120\"],\"40\":[\"100\"]}}', '2016-07-20 16:58:43', '2016-07-20 16:58:43', '9a8eebb4-0cca-4604-b4a7-4ce8811ba2db'),
 ('121', '123', '14', '1', 'en_us', '3', '', '{\"typeId\":\"14\",\"authorId\":\"1\",\"title\":\"Thrift Shop, Processing & Distribution Center Volunteers\",\"slug\":\"thrift-shop-processing-distribution-center-volunteers\",\"postDate\":1469031540,\"expiryDate\":null,\"enabled\":1,\"parentId\":\"\",\"fields\":{\"1\":\"<p><strong>So many ways to help<\\/strong><\\/p>\\r\\n\\r\\n<p>Housing Works depends on the generosity of volunteers in our fight to end&nbsp;AIDS&nbsp;and homelessness. Our thrift shops cannot run without the commitment and hard work of our staff and volunteers.<\\/p>\\r\\n\\r\\n\\r\\n\\r\\n\\r\\n\\r\\n<p>Volunteers like you started our very first thrift shop in Chelsea and continue to support us to this day in our shops. By volunteering at a Housing Works Thrift shop, you are directly responsible for providing funding to New Yorkers affected by homelessness and&nbsp;HIV\\/AIDS.<\\/p>\\r\\n\\r\\n\\r\\n\\r\\n\\r\\n\\r\\n<p>We\\u2019re always on the lookout for dynamic and friendly people to help provide great customer service and an outstanding thrifting experience in our shops. Volunteers will accept merchandise donations, assist customers at our fitting rooms, refill and organize our clothing racks and housewares shelves, assist to merchandise the shop, and work with staff on a wide variety of special projects. Each volunteer is trained to have knowledge of each area of the shop, and each person\\u2019s volunteer experience can be tailored to their personal skills and interests.<\\/p>\\r\\n\\r\\n\\r\\n\\r\\n\\r\\n\\r\\n<p>We invite you to become part of our thrift shop family.<\\/p>\\r\\n\\r\\n\\r\\n\\r\\n\\r\\n\\r\\n<p><strong>Thrift Sales Associate<\\/strong>\\r\\nThe Volunteer Sales Associate works to provide first-rate customer and donor services, maximizing sales and to support the daily operations of their respective Thrift Shop. Essential Job Functions include, but are not limited to assist with marketing the Shop in your neighborhood, conducting and completing sales, process donated merchandise, maintaining cleanliness and organization of sales floor, and ensure that inventory and pricing guidelines are complied with and maintained.<\\/p>\\r\\n\\r\\n\\r\\n\\r\\n\\r\\n\\r\\n<p><a href=\\\"http:\\/\\/www.housingworks.org\\/internal-files\\/thrifts\\/Volunteer_Sales_Associate_JD_2013.docx\\\">Please click here to view the full job description<\\/a><\\/p>\\r\\n\\r\\n\\r\\n\\r\\n\\r\\n\\r\\n<p><strong>Administrative Volunteer, Processing & Merchandising Volunteer (PDC)<\\/strong>\\r\\nOur&nbsp;<a href=\\\"http:\\/\\/www.housingworks.org\\/volunteer\\/corporate-group-volunteerism\\/\\\">Processing & Distribution Center (PDC)<\\/a>&nbsp;in Long Island City receives thousands of units of clothing per day.&nbsp;PDC&nbsp;volunteers help expedite processing donations and restocking stores, which ultimately helps generate greatly needed revenue for our organization. Processing & Distribution Volunteer tasks include sorting donations, hanging and tagging merchandise, and organizing inventory and back-stock. Administrative Volunteers assist staff with filing and organizing paperwork, answering phones, and all other administrative duties at the&nbsp;PDC. (Volunteer shifts at the&nbsp;PDC&nbsp;are Monday-Friday, 8-12p and 1-4p.)<\\/p>\\r\\n\\r\\n\\r\\n\\r\\n\\r\\n\\r\\n<p>###p<br><\\/p>\\r\\n\\r\\n\\r\\n\\r\\n<p><em>Pre-requistes<\\/em>: Future Volunteers must fill out online form (link is below) and attend our Volunteer Information Session (###a href=\\\"https:\\/\\/drive.google.com\\/file\\/d\\/0B_uH_Kiir2EyY2xCN0VVU2czNWc\\/view?usp=sharing\\\" target=\\\"_blank\\\" \\\"=\\\"\\\"&gt;click here to see the schedule of upcoming Info Sessions). You must be able to commit to volunteer for one (1) four-hour shift per 7 day work week for a minimum of 6 months. Shop hours vary and shift times can be flexible, for store hours, click on the store of your interest on the navbar on the right. Must be 16 and over to apply independently. Young people aged 14 and 15 must obtain working papers from their school and parent\\u2019s permission before attending a session.<\\/p>\",\"41\":[\"122\"],\"40\":[\"102\"]}}', '2016-07-20 17:03:14', '2016-07-20 17:03:14', 'fdb42b27-153f-488f-a7d7-604d2d1b3fa0'),
 ('122', '102', '10', '1', 'en_us', '4', '', '{\"typeId\":\"10\",\"authorId\":\"1\",\"title\":\"Broadway & 96th Thrift Shop\",\"slug\":\"broadway-96th-thrift-shop\",\"postDate\":1468939740,\"expiryDate\":null,\"enabled\":1,\"parentId\":null,\"fields\":{\"27\":{\"street1\":\"2569 Broadway\",\"street2\":\"\",\"city\":\"New York\",\"state\":\"NY\",\"zip\":\"10025\",\"country\":\"United States\",\"lat\":\"40.79516390\",\"lng\":\"-73.97192150\"},\"1\":\"\",\"16\":\"212-334-3324\",\"32\":[\"74\"],\"28\":[{\"open\":{\"time\":\"4:30 PM\"},\"close\":{\"time\":\"8:00 PM\"}},{\"open\":{\"time\":\"4:30 PM\"},\"close\":{\"time\":\"4:30 PM\"}},{\"open\":{\"time\":\"8:00 AM\"},\"close\":{\"time\":\"6:00 PM\"}},{\"open\":{\"time\":\"8:00 AM\"},\"close\":{\"time\":\"6:00 PM\"}},{\"open\":{\"time\":\"8:00 AM\"},\"close\":{\"time\":\"6:00 PM\"}},{\"open\":{\"time\":\"8:00 AM\"},\"close\":{\"time\":\"6:00 PM\"}},{\"open\":{\"time\":\"8:00 AM\"},\"close\":{\"time\":\"6:00 PM\"}}],\"29\":{\"103\":{\"type\":\"subwayTrain\",\"enabled\":\"1\",\"fields\":{\"trainImage\":[\"97\",\"87\",\"91\"],\"trainDescription\":\"<p>To&nbsp;2569 Broadway Then Take the 27 Bus North Bound.<\\/p>\"}}}}}', '2016-07-20 17:09:10', '2016-07-20 17:09:10', '994d0052-78da-4532-8526-5bfdc9749849'),
 ('123', '125', '14', '1', 'en_us', '2', '', '{\"typeId\":\"14\",\"authorId\":\"1\",\"title\":\"Buy The Bag\",\"slug\":\"buy-the-bag\",\"postDate\":1469031660,\"expiryDate\":null,\"enabled\":1,\"parentId\":\"\",\"fields\":{\"1\":\"<p>On December 1, 2012, Housing Works opens its brand new and exciting Buy the Bag shop! Customers pay $25 and get a bag to fill up with contemporary, designer and vintage apparel \\u2013 some in need of a little&nbsp;TLC. Known as \\u201cthrifter\\u2019s heaven\\u201d by savvy shoppers, bloggers and media, including&nbsp;<a href=\\\"http:\\/\\/www.nytimes.com\\/2012\\/01\\/01\\/fashion\\/thrift-stores-add-perks.html\\\">The New York Times<\\/a>&nbsp;and&nbsp;<a href=\\\"http:\\/\\/video.today.msnbc.msn.com\\/today\\/46626336#46626336\\\">The Today Show<\\/a>, Buy the Bag is not your typical retail experience and we\\u2019re looking for a few good volunteers up to the task.<\\/p>\\r\\n\\r\\n<p>We seek to provide customers with the same level of service that we are known for at our twelve thrift shops, and are looking for hard working, dedicated people to call this new shop their volunteer home. Volunteers at Buy the Bag will assist our staff by:<\\/p>\\r\\n\\r\\n\\r\\n\\r\\n<p>\\u2022 Providing excellent customer service throughout the shop\\r\\n\\u2022 Maintaining the neatness and cleanliness of the sales floor\\r\\n\\u2022 Ringing purchases at the register\\r\\n\\u2022 Talking to customers about Housing Works\\u2019 fight to end&nbsp;HIV\\/AIDS and Homelessness<\\/p>\",\"41\":[\"124\"],\"40\":[\"98\",\"104\"]}}', '2016-07-20 17:15:13', '2016-07-20 17:15:13', 'db416a32-77fe-422a-aa9e-8d083b76dde4'),
 ('124', '106', '10', '1', 'en_us', '8', '', '{\"typeId\":\"10\",\"authorId\":\"1\",\"title\":\"Buy the Bag Shop\",\"slug\":\"buy-the-bag-shop\",\"postDate\":1468940400,\"expiryDate\":null,\"enabled\":1,\"parentId\":null,\"fields\":{\"27\":{\"street1\":\"159 28th St\",\"street2\":\"\",\"city\":\"Brooklyn\",\"state\":\"NY\",\"zip\":\"11232\",\"country\":\"United States\",\"lat\":\"40.65928520\",\"lng\":\"-74.00012410\"},\"1\":\"<p>Website:&nbsp;<a href=\\\"http:\\/\\/www.housingworks.org\\/events\\/buy-the-bag\\/\\\">http:\\/\\/www.housingworks.org\\/events\\/buy-the-bag\\/<\\/a><\\/p>\",\"16\":\"718-840-2923\",\"32\":[\"74\"],\"28\":[{\"open\":{\"time\":\"12:00 PM\"},\"close\":{\"time\":\"5:00 PM\"}},{\"open\":{\"time\":\"\"},\"close\":{\"time\":\"\"}},{\"open\":{\"time\":\"\"},\"close\":{\"time\":\"\"}},{\"open\":{\"time\":\"12:00 PM\"},\"close\":{\"time\":\"6:00 PM\"}},{\"open\":{\"time\":\"12:00 PM\"},\"close\":{\"time\":\"6:00 PM\"}},{\"open\":{\"time\":\"12:00 PM\"},\"close\":{\"time\":\"6:00 PM\"}},{\"open\":{\"time\":\"12:00 PM\"},\"close\":{\"time\":\"6:00 PM\"}}],\"29\":{\"107\":{\"type\":\"subwayTrain\",\"enabled\":\"1\",\"fields\":{\"trainImage\":[\"86\",\"77\",\"78\"],\"trainDescription\":\"<p>Take the D,2,3&nbsp;train to&nbsp;159 28th St<\\/p>\"}}}}}', '2016-07-20 18:49:22', '2016-07-20 18:49:22', '054ff9ed-070e-4bf2-ad77-4a077c8d4dd5'),
 ('125', '133', '10', '1', 'en_us', '1', '', '{\"typeId\":null,\"authorId\":\"1\",\"title\":\"Downtown Brooklyn Health Center\",\"slug\":\"downtown-brooklyn-health-center\",\"postDate\":1469041265,\"expiryDate\":null,\"enabled\":1,\"parentId\":null,\"fields\":{\"27\":{\"street1\":\"57 Willoughby St\",\"street2\":\"\",\"city\":\"Brooklyn\",\"state\":\"NY\",\"zip\":\"11201\",\"country\":\"United States\",\"lat\":\"40.6925071\",\"lng\":\"-73.9864748\"},\"1\":\"<p>Our newly renovated Downtown Brooklyn Health Center offers a wide range of services from caring professionals in one convenient location.<\\/p>\\r\\n\\r\\n<p>We accept Medicaid, Medicare and most insurance plans and offer a reduced sliding fee schedule based on a person\\u2019s income and family size.<\\/p>\",\"16\":\"718-907-6230\",\"32\":[\"132\"],\"28\":[{\"open\":{\"time\":\"9:00 AM\"},\"close\":{\"time\":\"5:00 PM\"}},{\"open\":{\"time\":\"9:00 AM\"},\"close\":{\"time\":\"5:00 PM\"}},{\"open\":{\"time\":\"9:00 AM\"},\"close\":{\"time\":\"5:00 PM\"}},{\"open\":{\"time\":\"9:00 AM\"},\"close\":{\"time\":\"5:00 PM\"}},{\"open\":{\"time\":\"9:00 AM\"},\"close\":{\"time\":\"5:00 PM\"}},{\"open\":{\"time\":\"9:00 AM\"},\"close\":{\"time\":\"5:00 PM\"}},{\"open\":{\"time\":\"9:00 AM\"},\"close\":{\"time\":\"5:00 PM\"}}],\"29\":{\"new1\":{\"type\":\"subwayTrain\",\"enabled\":\"1\",\"fields\":{\"trainImage\":[\"77\",\"78\",\"79\"],\"trainDescription\":\"<p>Take the&nbsp;train<\\/p>\"}}}}}', '2016-07-20 19:01:05', '2016-07-20 19:01:05', '8ec061d6-146f-4363-87f7-6ce3a8be8fc4'),
 ('126', '135', '10', '1', 'en_us', '1', '', '{\"typeId\":null,\"authorId\":\"1\",\"title\":\"Positive Health Project\",\"slug\":\"positive-health-project\",\"postDate\":1469041479,\"expiryDate\":null,\"enabled\":1,\"parentId\":null,\"fields\":{\"27\":{\"street1\":\"2605 Pitkin Ave\",\"street2\":\"\",\"city\":\"Brooklyn\",\"state\":\"NY\",\"zip\":\"11208\",\"country\":\"United States\",\"lat\":\"40.675023\",\"lng\":\"-73.875939\"},\"1\":\"<p>WHAT IS A HEALTH HOME?<\\/p>\\r\\n\\r\\n<p><em>Health Homes are networks of services that coordinate comprehensive client care in the areas of:<\\/em><\\/p>\\r\\n\\r\\n<ul><li>access to primary and specialty medicalcare<\\/li><li>substance use treatment<\\/li><li>mental health treatment<\\/li><li>supportive social services<\\/li><\\/ul>\",\"16\":\"718-348-5900\",\"32\":[\"132\"],\"28\":[{\"open\":{\"time\":\"10:00 AM\"},\"close\":{\"time\":\"5:30 PM\"}},{\"open\":{\"time\":\"10:00 AM\"},\"close\":{\"time\":\"5:30 PM\"}},{\"open\":{\"time\":\"10:00 AM\"},\"close\":{\"time\":\"5:30 PM\"}},{\"open\":{\"time\":\"10:00 AM\"},\"close\":{\"time\":\"5:30 PM\"}},{\"open\":{\"time\":\"10:00 AM\"},\"close\":{\"time\":\"5:30 PM\"}},{\"open\":{\"time\":\"10:00 AM\"},\"close\":{\"time\":\"5:30 PM\"}},{\"open\":{\"time\":\"\"},\"close\":{\"time\":\"\"}}],\"29\":{\"new1\":{\"type\":\"subwayTrain\",\"enabled\":\"1\",\"fields\":{\"trainImage\":[\"82\",\"83\",\"84\",\"85\"],\"trainDescription\":\"<p>Take the Train<\\/p>\"}}}}}', '2016-07-20 19:04:40', '2016-07-20 19:04:40', '850d1146-c774-46d1-99bd-dafc497d99e4'),
 ('127', '137', '10', '1', 'en_us', '1', '', '{\"typeId\":null,\"authorId\":\"1\",\"title\":\"Brooklyn West Health Home Care Management\",\"slug\":\"brooklyn-west-health-home-care-management\",\"postDate\":1469041500,\"expiryDate\":null,\"enabled\":1,\"parentId\":null,\"fields\":{\"27\":{\"street1\":\"57 Willoughby St\",\"street2\":\" 2nd Floor\",\"city\":\" Brooklyn\",\"state\":\"NY\",\"zip\":\"11201\",\"country\":\"United States\",\"lat\":\"40.6925071\",\"lng\":\"-73.9864748\"},\"1\":\"<p>HOW CAN HEALTH HOMES HELP?<\\/p>\\r\\n\\r\\n<p><em>The Housing Works Health Home Care Management Program (formerly known asCOBRA) helps by:<\\/em><\\/p>\\r\\n\\r\\n<ul><li>removing barriers to care<\\/li><li>improving access to health and social services<\\/li><li>improving retention in health care and improve health outcomes<\\/li><li>reducing preventable hospitalizations and emergency room visits<\\/li><\\/ul>\",\"16\":\"347-473-7417\",\"32\":[\"132\"],\"28\":[{\"open\":{\"time\":\"\"},\"close\":{\"time\":\"\"}},{\"open\":{\"time\":\"\"},\"close\":{\"time\":\"\"}},{\"open\":{\"time\":\"\"},\"close\":{\"time\":\"\"}},{\"open\":{\"time\":\"\"},\"close\":{\"time\":\"\"}},{\"open\":{\"time\":\"\"},\"close\":{\"time\":\"\"}},{\"open\":{\"time\":\"\"},\"close\":{\"time\":\"\"}},{\"open\":{\"time\":\"\"},\"close\":{\"time\":\"\"}}],\"29\":\"\"}}', '2016-07-20 19:06:53', '2016-07-20 19:06:53', '2d4b826f-c0ee-4a6b-a627-1ab9f61d5530'),
 ('128', '138', '10', '1', 'en_us', '1', '', '{\"typeId\":null,\"authorId\":\"1\",\"title\":\"Manhattan Harm Reduction Center\",\"slug\":\"manhattan-harm-reduction-center\",\"postDate\":1469042268,\"expiryDate\":null,\"enabled\":1,\"parentId\":null,\"fields\":{\"27\":{\"street1\":\"130 Crosby St\",\"street2\":\"\",\"city\":\"New York\",\"state\":\"NY\",\"zip\":\"10012\",\"country\":\"United States\",\"lat\":\"40.7247093\",\"lng\":\"-73.9963908\"},\"1\":\"<p>Offerings: Syringe Exchange Program<\\/p>\\r\\n\\r\\n<p>Our Manhattan Syringe Exchange Center provides clean needles to injection drug users in order to reduce the spreed of&nbsp;HIV&nbsp;and Hepatitis C infections. What we offer:<\\/p>\\r\\n\\r\\n<p><strong>Syringe Exchange<\\/strong><\\/p>\\r\\n\\r\\n<ul><li>Clean needles<\\/li><li>Bleach kits<\\/li><li>Crack kits<\\/li><li>Syringes for hormone injection<\\/li><li>Safer sex kits<\\/li><li>Overdose prevention kit<\\/li><li>Hygiene kits<\\/li><\\/ul>\\r\\n\\r\\n<hr class=\\\"redactor_pagebreak\\\" unselectable=\\\"on\\\" contenteditable=\\\"false\\\"><p><br><\\/p>\",\"16\":\"212-966-0466\",\"32\":[\"132\"],\"28\":[{\"open\":{\"time\":\"9:00 AM\"},\"close\":{\"time\":\"5:00 AM\"}},{\"open\":{\"time\":\"9:00 AM\"},\"close\":{\"time\":\"5:00 AM\"}},{\"open\":{\"time\":\"9:00 AM\"},\"close\":{\"time\":\"5:00 AM\"}},{\"open\":{\"time\":\"9:00 AM\"},\"close\":{\"time\":\"5:00 AM\"}},{\"open\":{\"time\":\"9:00 AM\"},\"close\":{\"time\":\"5:00 AM\"}},{\"open\":{\"time\":\"9:00 AM\"},\"close\":{\"time\":\"5:00 AM\"}},{\"open\":{\"time\":\"\"},\"close\":{\"time\":\"\"}}],\"29\":{\"new1\":{\"type\":\"subwayTrain\",\"enabled\":\"1\",\"fields\":{\"trainImage\":[\"89\",\"90\",\"91\"],\"trainDescription\":\"<p>Take the Train<\\/p>\"}}}}}', '2016-07-20 19:17:48', '2016-07-20 19:17:48', 'bddf5603-530e-46db-b64c-a49e25d7fb55'),
 ('129', '137', '10', '1', 'en_us', '2', '', '{\"typeId\":\"10\",\"authorId\":\"1\",\"title\":\"Brooklyn West Health Home Care Management\",\"slug\":\"brooklyn-west-health-home-care-management\",\"postDate\":1469041500,\"expiryDate\":null,\"enabled\":1,\"parentId\":null,\"fields\":{\"27\":{\"street1\":\"57 Willoughby St\",\"street2\":\" 2nd Floor\",\"city\":\" Brooklyn\",\"state\":\"NY\",\"zip\":\"11201\",\"country\":\"United States\",\"lat\":\"40.69250710\",\"lng\":\"-73.98647480\"},\"1\":\"<p>HOW CAN HEALTH HOMES HELP?<\\/p>\\r\\n\\r\\n<p><em>The Housing Works Health Home Care Management Program (formerly known asCOBRA) helps by:<\\/em><\\/p>\\r\\n\\r\\n\\r\\n\\r\\n<ul><li>removing barriers to care<\\/li><li>improving access to health and social services<\\/li><li>improving retention in health care and improve health outcomes<\\/li><li>reducing preventable hospitalizations and emergency room visits<\\/li><\\/ul>\",\"16\":\"347-473-7417\",\"32\":[\"132\"],\"28\":[{\"open\":{\"time\":\"\"},\"close\":{\"time\":\"\"}},{\"open\":{\"time\":\"\"},\"close\":{\"time\":\"\"}},{\"open\":{\"time\":\"\"},\"close\":{\"time\":\"\"}},{\"open\":{\"time\":\"\"},\"close\":{\"time\":\"\"}},{\"open\":{\"time\":\"\"},\"close\":{\"time\":\"\"}},{\"open\":{\"time\":\"\"},\"close\":{\"time\":\"\"}},{\"open\":{\"time\":\"\"},\"close\":{\"time\":\"\"}}],\"29\":\"\"}}', '2016-07-20 19:18:42', '2016-07-20 19:18:42', '53cf8fb1-8628-48cb-98a6-08e0563fca9f'),
 ('131', '108', '11', '1', 'en_us', '5', '', '{\"typeId\":\"11\",\"authorId\":null,\"title\":\"Career Page\",\"slug\":\"career-page\",\"postDate\":1468961350,\"expiryDate\":null,\"enabled\":1,\"parentId\":null,\"fields\":{\"35\":\"<ul><li>Full time staff receive five weeks of paid time off their first year, and it only goes up from there.Great, comprehensive health and dental insurance after just 30 days of employment for full time and some part time staff.<\\/li><li>Help with student loans.<\\/li><li>Help with gym memberships and other health and educational needs.<\\/li><li>Retirement plan.<\\/li><li>Life insurance.<\\/li><\\/ul>\",\"1\":\"\",\"34\":\"<p>At Housing Works our Community Values shape our culture and how we further our mission. We are looking for talented people who want to work in an environment that exudes these values<\\/p>\",\"33\":\"<p>I joined Housing Works as a staff person a year ago, but I\\u2019ve been a member of the family for some time. Shortly after I moved to NYC eight years ago, I stumbled across the Bookstore Cafe and fell in love. I started volunteering and was a member of the Thursday night posse for 5 years. I got even more involved with Housing Works and its mission by serving on the Inc. Board as the volunteer representative for 3 years.<\\/p>\"}}', '2016-07-20 19:53:37', '2016-07-20 19:53:37', '99daa40d-af1b-4a32-9de2-97c88f884cab'),
 ('133', '52', '6', '1', 'en_us', '5', '', '{\"typeId\":\"6\",\"authorId\":null,\"title\":\"Press Page\",\"slug\":\"press-page\",\"postDate\":1468879468,\"expiryDate\":null,\"enabled\":1,\"parentId\":null,\"fields\":{\"17\":\"K.Oakes@HousingWorks.org\",\"14\":\"Katherine Oakes \",\"16\":\"212-966-0466\",\"15\":\"Public Relations Manager\"}}', '2016-07-25 15:52:43', '2016-07-25 15:52:43', '70c624e8-458d-45f1-90b4-07859ef02c39'),
 ('134', '25', '3', '1', 'en_us', '4', '', '{\"typeId\":\"3\",\"authorId\":\"1\",\"title\":\"CEO Charles King Reflects on Alton Sterling & Philando Castile Shootings\",\"slug\":\"ceo-charles-king-reflects-on-alton-sterling-philando-castile-shootings\",\"postDate\":1468272480,\"expiryDate\":null,\"enabled\":1,\"parentId\":null,\"fields\":{\"8\":[\"18\"],\"1\":\"<p><strong>A Statement & Call-to-Action by Housing Works&nbsp;CEO&nbsp;Charles King on the Shootings of Alton Sterling & Philado Castile<\\/strong><\\/p>\\r\\n\\r\\n<p>On more than one occasion, my partner and Housing Works co-founder Keith Cylar told me that the biggest threat to his existence was not asthma, which almost killed him as an infant and several more times throughout his life, nor drugs, to which he was addicted for most of his adulthood, nor&nbsp;AIDS, which he lived with for over 20 years, nor homophobia, which he confronted almost every day from the time he came out as a teenager. The biggest threat to his existence, he said, was being a Black man living in America. I could not shake those words last night and again this morning reading and watching the videos of the police killings of Alton Sterling in Baton Rouge and then of Philando Castile in St. Paul. And I asked myself, why does this keep happening time after time after time after time?<\\/p>\\r\\n\\r\\n\\r\\n\\r\\n\\r\\n\\r\\n\\r\\n\\r\\n<p>Of course, I know the answer to that question. If there is anything that we have learned over the last eight years with a Black man as our President, and if there is anything we have witnessed over the last year as Donald Trump has risen to become the presidential nominee of the Republican Party, it is that racism is not just something in our past. Rather, it is seeded in the&nbsp;DNA&nbsp;of our nation and in the&nbsp;DNAof every city, town, and hamlet in our land. It touches and taints everything around us. It is why Black women are so many times more likely than other women to be infected with&nbsp;HIV, especially in the deep South, and it is why young Black&nbsp;MSM&nbsp;are more likely to be infected with&nbsp;HIV&nbsp;than any other group right here in New York City. It is why people of color, and especially Black people, fair worse on almost every health indicator, and every other measure of well-being. Yes, there are other deeply seated \\u201cisms\\u201d in our society, including sexism, homophobia, and transphobia, but look at any one of these other prejudices through the prism of race and you can see just how utterly devastating racism really is.<\\/p>\",\"9\":{\"date\":\"7\\/11\\/2016\",\"time\":\"12:00 AM\"},\"3\":[\"6\"],\"4\":{\"new1\":{\"type\":\"text\",\"enabled\":\"1\",\"fields\":{\"text\":\"<p>Quinoa pork belly next level disrupt authentic, four dollar toast craft beer artisan bespoke. Kale chips hella lo-fi, yr tote bag sustainable celiac before they sold out austin gastropub blue bottle forage crucifix. Lumbersexual retro portland, readymade tote bag tacos trust fund mumblecore man bun roof party meditation blog tofu lo-fi. Ethical shoreditch roof party authentic, meggings church-key lomo disrupt fap austin health goth you probably haven\'t heard of them hoodie wolf chartreuse. Jean shorts umami disrupt 8-bit four dollar toast, shoreditch fashion axe skateboard taxidermy fanny pack. Wayfarers truffaut asymmetrical heirloom post-ironic. Fap fixie selfies vice, skateboard thundercats pinterest hammock PBR&B.<\\/p>\"}}}}}', '2016-07-25 19:10:51', '2016-07-25 19:10:51', '828f0db0-9d1f-4d06-ac48-1ff021669ab7'),
 ('135', '25', '3', '1', 'en_us', '5', '', '{\"typeId\":\"3\",\"authorId\":\"1\",\"title\":\"CEO Charles King Reflects on Alton Sterling & Philando Castile Shootings\",\"slug\":\"ceo-charles-king-reflects-on-alton-sterling-philando-castile-shootings\",\"postDate\":1468272480,\"expiryDate\":null,\"enabled\":1,\"parentId\":null,\"fields\":{\"8\":[\"18\"],\"1\":\"<p><strong>A Statement & Call-to-Action by Housing Works&nbsp;CEO&nbsp;Charles King on the Shootings of Alton Sterling & Philado Castile<\\/strong><\\/p>\\r\\n\\r\\n<p>On more than one occasion, my partner and Housing Works co-founder Keith Cylar told me that the biggest threat to his existence was not asthma, which almost killed him as an infant and several more times throughout his life, nor drugs, to which he was addicted for most of his adulthood, nor&nbsp;AIDS, which he lived with for over 20 years, nor homophobia, which he confronted almost every day from the time he came out as a teenager. The biggest threat to his existence, he said, was being a Black man living in America. I could not shake those words last night and again this morning reading and watching the videos of the police killings of Alton Sterling in Baton Rouge and then of Philando Castile in St. Paul. And I asked myself, why does this keep happening time after time after time after time?<\\/p>\\r\\n\\r\\n\\r\\n\\r\\n\\r\\n\\r\\n\\r\\n\\r\\n\\r\\n\\r\\n<p>Of course, I know the answer to that question. If there is anything that we have learned over the last eight years with a Black man as our President, and if there is anything we have witnessed over the last year as Donald Trump has risen to become the presidential nominee of the Republican Party, it is that racism is not just something in our past. Rather, it is seeded in the&nbsp;DNA&nbsp;of our nation and in the&nbsp;DNAof every city, town, and hamlet in our land. It touches and taints everything around us. It is why Black women are so many times more likely than other women to be infected with&nbsp;HIV, especially in the deep South, and it is why young Black&nbsp;MSM&nbsp;are more likely to be infected with&nbsp;HIV&nbsp;than any other group right here in New York City. It is why people of color, and especially Black people, fair worse on almost every health indicator, and every other measure of well-being. Yes, there are other deeply seated \\u201cisms\\u201d in our society, including sexism, homophobia, and transphobia, but look at any one of these other prejudices through the prism of race and you can see just how utterly devastating racism really is.<\\/p>\",\"9\":{\"date\":\"7\\/11\\/2016\",\"time\":\"12:00 AM\"},\"3\":[\"6\"],\"4\":{\"142\":{\"type\":\"text\",\"enabled\":\"1\",\"fields\":{\"text\":\"<p>Quinoa pork belly next level disrupt authentic, four dollar toast craft beer artisan bespoke. Kale chips hella lo-fi, yr tote bag sustainable celiac before they sold out austin gastropub blue bottle forage crucifix. Lumbersexual retro portland, readymade tote bag tacos trust fund mumblecore man bun roof party meditation blog tofu lo-fi. Ethical shoreditch roof party authentic, meggings church-key lomo disrupt fap austin health goth you probably haven\'t heard of them hoodie wolf chartreuse. Jean shorts umami disrupt 8-bit four dollar toast, shoreditch fashion axe skateboard taxidermy fanny pack. Wayfarers truffaut asymmetrical heirloom post-ironic. Fap fixie selfies vice, skateboard thundercats pinterest hammock PBR&B.<\\/p>\"}},\"new1\":{\"type\":\"singleImage\",\"enabled\":\"1\",\"fields\":{\"singleImage\":\"\"}}}}}', '2016-07-25 19:16:26', '2016-07-25 19:16:26', '8c7ee3e5-5b9b-43a7-9a0e-ac63339f76ec'),
 ('136', '25', '3', '1', 'en_us', '6', '', '{\"typeId\":\"3\",\"authorId\":\"1\",\"title\":\"CEO Charles King Reflects on Alton Sterling & Philando Castile Shootings\",\"slug\":\"ceo-charles-king-reflects-on-alton-sterling-philando-castile-shootings\",\"postDate\":1468272480,\"expiryDate\":null,\"enabled\":1,\"parentId\":null,\"fields\":{\"8\":[\"18\"],\"1\":\"<p><strong>A Statement & Call-to-Action by Housing Works&nbsp;CEO&nbsp;Charles King on the Shootings of Alton Sterling & Philado Castile<\\/strong><\\/p>\\r\\n\\r\\n<p>On more than one occasion, my partner and Housing Works co-founder Keith Cylar told me that the biggest threat to his existence was not asthma, which almost killed him as an infant and several more times throughout his life, nor drugs, to which he was addicted for most of his adulthood, nor&nbsp;AIDS, which he lived with for over 20 years, nor homophobia, which he confronted almost every day from the time he came out as a teenager. The biggest threat to his existence, he said, was being a Black man living in America. I could not shake those words last night and again this morning reading and watching the videos of the police killings of Alton Sterling in Baton Rouge and then of Philando Castile in St. Paul. And I asked myself, why does this keep happening time after time after time after time?<\\/p>\\r\\n\\r\\n\\r\\n\\r\\n\\r\\n\\r\\n\\r\\n\\r\\n\\r\\n\\r\\n\\r\\n\\r\\n<p>Of course, I know the answer to that question. If there is anything that we have learned over the last eight years with a Black man as our President, and if there is anything we have witnessed over the last year as Donald Trump has risen to become the presidential nominee of the Republican Party, it is that racism is not just something in our past. Rather, it is seeded in the&nbsp;DNA&nbsp;of our nation and in the&nbsp;DNAof every city, town, and hamlet in our land. It touches and taints everything around us. It is why Black women are so many times more likely than other women to be infected with&nbsp;HIV, especially in the deep South, and it is why young Black&nbsp;MSM&nbsp;are more likely to be infected with&nbsp;HIV&nbsp;than any other group right here in New York City. It is why people of color, and especially Black people, fair worse on almost every health indicator, and every other measure of well-being. Yes, there are other deeply seated \\u201cisms\\u201d in our society, including sexism, homophobia, and transphobia, but look at any one of these other prejudices through the prism of race and you can see just how utterly devastating racism really is.<\\/p>\",\"9\":{\"date\":\"7\\/11\\/2016\",\"time\":\"12:00 AM\"},\"3\":[\"6\"],\"4\":{\"142\":{\"type\":\"text\",\"enabled\":\"1\",\"fields\":{\"text\":\"<p>Quinoa pork belly next level disrupt authentic, four dollar toast craft beer artisan bespoke. Kale chips hella lo-fi, yr tote bag sustainable celiac before they sold out austin gastropub blue bottle forage crucifix. Lumbersexual retro portland, readymade tote bag tacos trust fund mumblecore man bun roof party meditation blog tofu lo-fi. Ethical shoreditch roof party authentic, meggings church-key lomo disrupt fap austin health goth you probably haven\'t heard of them hoodie wolf chartreuse. Jean shorts umami disrupt 8-bit four dollar toast, shoreditch fashion axe skateboard taxidermy fanny pack. Wayfarers truffaut asymmetrical heirloom post-ironic. Fap fixie selfies vice, skateboard thundercats pinterest hammock PBR&B.<\\/p>\"}}}}}', '2016-07-25 19:16:57', '2016-07-25 19:16:57', 'fa206438-8117-4d13-99d0-afba98097230'),
 ('137', '25', '3', '1', 'en_us', '7', '', '{\"typeId\":\"3\",\"authorId\":\"1\",\"title\":\"CEO Charles King Reflects on Alton Sterling & Philando Castile Shootings\",\"slug\":\"ceo-charles-king-reflects-on-alton-sterling-philando-castile-shootings\",\"postDate\":1468272480,\"expiryDate\":null,\"enabled\":1,\"parentId\":null,\"fields\":{\"8\":[\"18\"],\"1\":\"<p><strong>A Statement & Call-to-Action by Housing Works&nbsp;CEO&nbsp;Charles King on the Shootings of Alton Sterling & Philado Castile<\\/strong><\\/p>\\r\\n\\r\\n<p>On more than one occasion, my partner and Housing Works co-founder Keith Cylar told me that the biggest threat to his existence was not asthma, which almost killed him as an infant and several more times throughout his life, nor drugs, to which he was addicted for most of his adulthood, nor&nbsp;AIDS, which he lived with for over 20 years, nor homophobia, which he confronted almost every day from the time he came out as a teenager. The biggest threat to his existence, he said, was being a Black man living in America. I could not shake those words last night and again this morning reading and watching the videos of the police killings of Alton Sterling in Baton Rouge and then of Philando Castile in St. Paul. And I asked myself, why does this keep happening time after time after time after time?<\\/p>\\r\\n\\r\\n\\r\\n\\r\\n\\r\\n\\r\\n\\r\\n\\r\\n\\r\\n\\r\\n\\r\\n\\r\\n\\r\\n\\r\\n<p>Of course, I know the answer to that question. If there is anything that we have learned over the last eight years with a Black man as our President, and if there is anything we have witnessed over the last year as Donald Trump has risen to become the presidential nominee of the Republican Party, it is that racism is not just something in our past. Rather, it is seeded in the&nbsp;DNA&nbsp;of our nation and in the&nbsp;DNAof every city, town, and hamlet in our land. It touches and taints everything around us. It is why Black women are so many times more likely than other women to be infected with&nbsp;HIV, especially in the deep South, and it is why young Black&nbsp;MSM&nbsp;are more likely to be infected with&nbsp;HIV&nbsp;than any other group right here in New York City. It is why people of color, and especially Black people, fair worse on almost every health indicator, and every other measure of well-being. Yes, there are other deeply seated \\u201cisms\\u201d in our society, including sexism, homophobia, and transphobia, but look at any one of these other prejudices through the prism of race and you can see just how utterly devastating racism really is.<\\/p>\",\"9\":{\"date\":\"7\\/11\\/2016\",\"time\":\"12:00 AM\"},\"3\":[\"6\"],\"4\":{\"142\":{\"type\":\"text\",\"enabled\":\"1\",\"fields\":{\"text\":\"<p>Quinoa pork belly next level disrupt authentic, four dollar toast craft beer artisan bespoke. Kale chips hella lo-fi, yr tote bag sustainable celiac before they sold out austin gastropub blue bottle forage crucifix. Lumbersexual retro portland, readymade tote bag tacos trust fund mumblecore man bun roof party meditation blog tofu lo-fi. Ethical shoreditch roof party authentic, meggings church-key lomo disrupt fap austin health goth you probably haven\'t heard of them hoodie wolf chartreuse. Jean shorts umami disrupt 8-bit four dollar toast, shoreditch fashion axe skateboard taxidermy fanny pack. Wayfarers truffaut asymmetrical heirloom post-ironic. Fap fixie selfies vice, skateboard thundercats pinterest hammock PBR&B.<\\/p>\"}},\"new1\":{\"type\":\"slideShow\",\"enabled\":\"1\",\"fields\":{\"slideShowImages\":[\"11\",\"6\",\"64\"]}}}}}', '2016-07-25 19:22:05', '2016-07-25 19:22:05', '9915c65f-a925-48e6-851c-758a5c6971c2'),
 ('138', '25', '3', '1', 'en_us', '8', '', '{\"typeId\":\"3\",\"authorId\":\"1\",\"title\":\"CEO Charles King Reflects on Alton Sterling & Philando Castile Shootings\",\"slug\":\"ceo-charles-king-reflects-on-alton-sterling-philando-castile-shootings\",\"postDate\":1468272480,\"expiryDate\":null,\"enabled\":1,\"parentId\":null,\"fields\":{\"8\":[\"18\"],\"1\":\"<p><strong>A Statement & Call-to-Action by Housing Works&nbsp;CEO&nbsp;Charles King on the Shootings of Alton Sterling & Philado Castile<\\/strong><\\/p>\\r\\n\\r\\n<p>On more than one occasion, my partner and Housing Works co-founder Keith Cylar told me that the biggest threat to his existence was not asthma, which almost killed him as an infant and several more times throughout his life, nor drugs, to which he was addicted for most of his adulthood, nor&nbsp;AIDS, which he lived with for over 20 years, nor homophobia, which he confronted almost every day from the time he came out as a teenager. The biggest threat to his existence, he said, was being a Black man living in America. I could not shake those words last night and again this morning reading and watching the videos of the police killings of Alton Sterling in Baton Rouge and then of Philando Castile in St. Paul. And I asked myself, why does this keep happening time after time after time after time?<\\/p>\\r\\n\\r\\n\\r\\n\\r\\n\\r\\n\\r\\n\\r\\n\\r\\n\\r\\n\\r\\n\\r\\n\\r\\n\\r\\n\\r\\n\\r\\n\\r\\n<p>Of course, I know the answer to that question. If there is anything that we have learned over the last eight years with a Black man as our President, and if there is anything we have witnessed over the last year as Donald Trump has risen to become the presidential nominee of the Republican Party, it is that racism is not just something in our past. Rather, it is seeded in the&nbsp;DNA&nbsp;of our nation and in the&nbsp;DNAof every city, town, and hamlet in our land. It touches and taints everything around us. It is why Black women are so many times more likely than other women to be infected with&nbsp;HIV, especially in the deep South, and it is why young Black&nbsp;MSM&nbsp;are more likely to be infected with&nbsp;HIV&nbsp;than any other group right here in New York City. It is why people of color, and especially Black people, fair worse on almost every health indicator, and every other measure of well-being. Yes, there are other deeply seated \\u201cisms\\u201d in our society, including sexism, homophobia, and transphobia, but look at any one of these other prejudices through the prism of race and you can see just how utterly devastating racism really is.<\\/p>\",\"9\":{\"date\":\"7\\/11\\/2016\",\"time\":\"12:00 AM\"},\"3\":[\"6\"],\"4\":{\"142\":{\"type\":\"text\",\"enabled\":\"1\",\"fields\":{\"text\":\"<p>Quinoa pork belly next level disrupt authentic, four dollar toast craft beer artisan bespoke. Kale chips hella lo-fi, yr tote bag sustainable celiac before they sold out austin gastropub blue bottle forage crucifix. Lumbersexual retro portland, readymade tote bag tacos trust fund mumblecore man bun roof party meditation blog tofu lo-fi. Ethical shoreditch roof party authentic, meggings church-key lomo disrupt fap austin health goth you probably haven\'t heard of them hoodie wolf chartreuse. Jean shorts umami disrupt 8-bit four dollar toast, shoreditch fashion axe skateboard taxidermy fanny pack. Wayfarers truffaut asymmetrical heirloom post-ironic. Fap fixie selfies vice, skateboard thundercats pinterest hammock PBR&B.<\\/p>\"}},\"144\":{\"type\":\"slideShow\",\"enabled\":\"1\",\"fields\":{\"slideShow\":[\"11\",\"6\",\"64\"]}},\"new1\":{\"type\":\"singleImage\",\"enabled\":\"1\",\"fields\":{\"singleImage\":[\"4\"]}}}}}', '2016-07-25 19:31:00', '2016-07-25 19:31:00', '9579cd70-68d6-4363-8eda-0aea5b31231e'),
 ('139', '25', '3', '1', 'en_us', '9', '', '{\"typeId\":\"3\",\"authorId\":\"1\",\"title\":\"CEO Charles King Reflects on Alton Sterling & Philando Castile Shootings\",\"slug\":\"ceo-charles-king-reflects-on-alton-sterling-philando-castile-shootings\",\"postDate\":1468272480,\"expiryDate\":null,\"enabled\":1,\"parentId\":null,\"fields\":{\"8\":[\"18\"],\"1\":\"<p><strong>A Statement & Call-to-Action by Housing Works&nbsp;CEO&nbsp;Charles King on the Shootings of Alton Sterling & Philado Castile<\\/strong><\\/p>\\r\\n\\r\\n<p>On more than one occasion, my partner and Housing Works co-founder Keith Cylar told me that the biggest threat to his existence was not asthma, which almost killed him as an infant and several more times throughout his life, nor drugs, to which he was addicted for most of his adulthood, nor&nbsp;AIDS, which he lived with for over 20 years, nor homophobia, which he confronted almost every day from the time he came out as a teenager. The biggest threat to his existence, he said, was being a Black man living in America. I could not shake those words last night and again this morning reading and watching the videos of the police killings of Alton Sterling in Baton Rouge and then of Philando Castile in St. Paul. And I asked myself, why does this keep happening time after time after time after time?<\\/p>\\r\\n\\r\\n\\r\\n\\r\\n\\r\\n\\r\\n\\r\\n\\r\\n\\r\\n\\r\\n\\r\\n\\r\\n\\r\\n\\r\\n\\r\\n\\r\\n\\r\\n\\r\\n<p>Of course, I know the answer to that question. If there is anything that we have learned over the last eight years with a Black man as our President, and if there is anything we have witnessed over the last year as Donald Trump has risen to become the presidential nominee of the Republican Party, it is that racism is not just something in our past. Rather, it is seeded in the&nbsp;DNA&nbsp;of our nation and in the&nbsp;DNAof every city, town, and hamlet in our land. It touches and taints everything around us. It is why Black women are so many times more likely than other women to be infected with&nbsp;HIV, especially in the deep South, and it is why young Black&nbsp;MSM&nbsp;are more likely to be infected with&nbsp;HIV&nbsp;than any other group right here in New York City. It is why people of color, and especially Black people, fair worse on almost every health indicator, and every other measure of well-being. Yes, there are other deeply seated \\u201cisms\\u201d in our society, including sexism, homophobia, and transphobia, but look at any one of these other prejudices through the prism of race and you can see just how utterly devastating racism really is.<\\/p>\",\"9\":{\"date\":\"7\\/11\\/2016\",\"time\":\"12:00 AM\"},\"3\":[\"6\"],\"4\":{\"142\":{\"type\":\"text\",\"enabled\":\"1\",\"fields\":{\"text\":\"<p>Quinoa pork belly next level disrupt authentic, four dollar toast craft beer artisan bespoke. Kale chips hella lo-fi, yr tote bag sustainable celiac before they sold out austin gastropub blue bottle forage crucifix. Lumbersexual retro portland, readymade tote bag tacos trust fund mumblecore man bun roof party meditation blog tofu lo-fi. Ethical shoreditch roof party authentic, meggings church-key lomo disrupt fap austin health goth you probably haven\'t heard of them hoodie wolf chartreuse. Jean shorts umami disrupt 8-bit four dollar toast, shoreditch fashion axe skateboard taxidermy fanny pack. Wayfarers truffaut asymmetrical heirloom post-ironic. Fap fixie selfies vice, skateboard thundercats pinterest hammock PBR&B.<\\/p>\"}},\"144\":{\"type\":\"slideShow\",\"enabled\":\"1\",\"fields\":{\"slideShow\":[\"11\"]}},\"145\":{\"type\":\"singleImage\",\"enabled\":\"1\",\"fields\":{\"singleImage\":[\"4\"]}}}}}', '2016-07-25 20:09:55', '2016-07-25 20:09:55', '64b0679d-107d-4eaa-899c-57000ace1915'),
 ('140', '148', '15', '1', 'en_us', '1', NULL, '{\"typeId\":\"15\",\"authorId\":null,\"title\":\"Board Page\",\"slug\":\"board-page\",\"postDate\":1469542208,\"expiryDate\":null,\"enabled\":1,\"parentId\":null,\"fields\":[]}', '2016-07-26 14:10:08', '2016-07-26 14:10:08', '09cb601a-0d55-41d9-8dfc-fc0dec7c07e0'),
 ('141', '148', '15', '1', 'en_us', '2', '', '{\"typeId\":null,\"authorId\":null,\"title\":\"Board Of Directors\",\"slug\":\"board-page\",\"postDate\":1469542208,\"expiryDate\":null,\"enabled\":1,\"parentId\":null,\"fields\":{\"19\":{\"new1\":{\"type\":\"board\",\"enabled\":\"1\",\"fields\":{\"boardName\":\"Directors\",\"boardMembers\":[{\"col1\":\"Ear\'l\",\"col2\":\" Ward, Esq. \",\"col3\":\"Chair\",\"col4\":\"Partner\",\"col5\":\"Emery Celli Brinckerhoff & Abady LLP\"},{\"col1\":\"Eric \",\"col2\":\"Bartley\",\"col3\":\"Secretary \",\"col4\":\"Constituent Representative\",\"col5\":\"Housing Works, Inc.\"},{\"col1\":\"Richard C\",\"col2\":\"Biletta\",\"col3\":\"Treasurer\",\"col4\":\"Treasurer\",\"col5\":\"The Mack Company\"},{\"col1\":\"Brian \",\"col2\":\"Bier\",\"col3\":\"Executive\",\"col4\":\"Partner\",\"col5\":\"Familiar-Studios\"},{\"col1\":\"Angela\",\"col2\":\"Flaquer\",\"col3\":\"Director\",\"col4\":\"Owner\",\"col5\":\"Footlocker Inc.\"}],\"body\":\"<p>Housing Works, Inc. is the oversight board of 14 subsidiary nonprofit organizations, each incorporated as its own entity for programmatic accountability and financial liability purposes. All subsidiary boards regularly report to Housing Works, Inc. on all policy and fiscal matters. All subsidiary organizations support the mission of Housing Works to fight the twin crises of&nbsp;AIDS&nbsp;and homelessness through programs and funding.<\\/p>\"}}}}}', '2016-07-26 14:16:20', '2016-07-26 14:16:20', '883fe4cb-cbdb-4740-85fc-03d5cb8736cb'),
 ('142', '148', '15', '1', 'en_us', '3', '', '{\"typeId\":null,\"authorId\":null,\"title\":\"Board Of Directors\",\"slug\":\"board-page\",\"postDate\":1469542208,\"expiryDate\":null,\"enabled\":1,\"parentId\":null,\"fields\":{\"19\":{\"149\":{\"type\":\"board\",\"enabled\":\"1\",\"fields\":{\"boardName\":\"Directors\",\"boardMembers\":[{\"col1\":\"Ear\'l\",\"col2\":\" Ward, Esq. \",\"col3\":\"Chair\",\"col4\":\"Partner\",\"col5\":\"Emery Celli Brinckerhoff & Abady LLP\"},{\"col1\":\"Eric \",\"col2\":\"Bartley\",\"col3\":\"Secretary \",\"col4\":\"Constituent Representative\",\"col5\":\"Housing Works, Inc.\"},{\"col1\":\"Richard C\",\"col2\":\"Biletta\",\"col3\":\"Treasurer\",\"col4\":\"Treasurer\",\"col5\":\"The Mack Company\"},{\"col1\":\"Brian \",\"col2\":\"Bier\",\"col3\":\"Executive\",\"col4\":\"Partner\",\"col5\":\"Familiar-Studios\"},{\"col1\":\"Angela\",\"col2\":\"Flaquer\",\"col3\":\"Director\",\"col4\":\"Owner\",\"col5\":\"Footlocker Inc.\"}],\"body\":\"<p>Housing Works, Inc. is the oversight board of 14 subsidiary nonprofit organizations, each incorporated as its own entity for programmatic accountability and financial liability purposes. All subsidiary boards regularly report to Housing Works, Inc. on all policy and fiscal matters. All subsidiary organizations support the mission of Housing Works to fight the twin crises of&nbsp;AIDS&nbsp;and homelessness through programs and funding.<\\/p>\"}}}}}', '2016-07-26 14:24:21', '2016-07-26 14:24:21', '61e6228d-7b3c-46d1-b45f-2d5bbb58597a'),
 ('143', '150', '3', '1', 'en_us', '1', '', '{\"typeId\":null,\"authorId\":\"1\",\"title\":\"Blue bottle aesthetic freegan mustache,\",\"slug\":\"blue-bottle-aesthetic-freegan-mustache\",\"postDate\":1469557572,\"expiryDate\":null,\"enabled\":1,\"parentId\":null,\"fields\":{\"8\":[\"10\"],\"1\":\"<p>Blue bottle aesthetic freegan mustache, XOXO hoodie lomo slow-carb bushwick readymade wayfarers you probably haven\'t heard of them artisan cardigan cold-pressed. Chillwave salvia truffaut pickled retro mumblecore. Fingerstache viral lumbersexual, PBR&B pitchfork pickled tattooed slow-carb master cleanse vice. Wolf tousled tilde meditation leggings green juice, keffiyeh four loko thundercats ramps drinking vinegar ennui yuccie farm-to-table. Slow-carb fingerstache distillery kinfolk, fashion axe viral pickled. Roof party typewriter meditation authentic banjo man braid, echo park portland aesthetic stumptown pitchfork crucifix meggings next level. Vegan try-hard forage, tumblr fap jean shorts mustache meh fingerstache brooklyn craft beer hammock fashion axe sartorial squid.<\\/p>\\r\\n\\r\\n<p>Actually butcher vice migas, YOLO 90\'s viral affogato. Tattooed offal meditation, lumbersexual pinterest normcore disrupt synth leggings. Raw denim pour-over cornhole meh fanny pack normcore. XOXO mustache taxidermy you probably haven\'t heard of them, ennui actually hella man bun. Mlkshk deep v cornhole kogi. Heirloom cardigan ramps +1, four dollar toast skateboard aesthetic put a bird on it polaroid blue bottle synth mlkshk. Selfies PBR&B ethical chartreuse, godard kinfolk portland keytar swag skateboard lumbersexual master cleanse single-origin coffee hella ugh.<\\/p>\",\"9\":{\"date\":\"7\\/26\\/2016\",\"time\":\"3:30 PM\"},\"3\":[\"65\"],\"4\":\"\"}}', '2016-07-26 18:26:13', '2016-07-26 18:26:13', 'd63657bf-30a9-4fce-bc1c-17268ec68f6c'),
 ('144', '68', '8', '1', 'en_us', '9', '', '{\"typeId\":\"8\",\"authorId\":\"1\",\"title\":\"World Traveler Party\",\"slug\":\"fake-event-2\",\"postDate\":1468427700,\"expiryDate\":null,\"enabled\":1,\"parentId\":null,\"fields\":{\"27\":{\"street1\":\"122 Montague St\",\"street2\":\"\",\"city\":\"Brooklyn\",\"state\":\"NY\",\"zip\":\"11201\",\"country\":\"United States\",\"lat\":\"40.69464680\",\"lng\":\"-73.99461790\"},\"1\":\"<p>A fine collection of cameras, luggage, picture frames and journals to keep your summer memories alive.&nbsp;<\\/p>\",\"24\":{\"date\":\"7\\/28\\/2016\",\"time\":\"1:00 PM\"},\"25\":[\"55\",\"56\"],\"3\":[\"26\"],\"23\":{\"date\":\"7\\/11\\/2016\",\"time\":\"10:30 AM\"}}}', '2016-07-26 18:42:20', '2016-07-26 18:42:20', 'b70ce311-cfb9-4920-aee7-ff84e442ad81'),
 ('145', '69', '8', '1', 'en_us', '3', '', '{\"typeId\":\"8\",\"authorId\":\"1\",\"title\":\"Mid-to-Publishing\\u2019s Fiction Editor\\/Agent Speed Dating Mixer\",\"slug\":\"fake-evet-3\",\"postDate\":1468427700,\"expiryDate\":null,\"enabled\":1,\"parentId\":null,\"fields\":{\"27\":{\"street1\":\"126 Crosby St\",\"street2\":\"\",\"city\":\"New York\",\"state\":\"NY\",\"zip\":\"10012\",\"country\":\"United States\",\"lat\":\"40.72460350\",\"lng\":\"-73.99657550\"},\"1\":\"<p>A night to mix, mingle, pitch, and exchange email addresses to your heart\\u2019s content, hosted by the American Association of Publishers.<\\/p>\",\"24\":{\"date\":\"7\\/30\\/2016\",\"time\":\"5:45 PM\"},\"25\":[\"58\"],\"3\":\"\",\"23\":{\"date\":\"7\\/14\\/2016\",\"time\":\"11:45 AM\"}}}', '2016-07-26 18:42:29', '2016-07-26 18:42:29', '78c9af77-bd6e-4827-912a-c30b197db73c'),
 ('146', '66', '8', '1', 'en_us', '8', '', '{\"typeId\":\"8\",\"authorId\":\"1\",\"title\":\"*CANCELLED*Storytime and Singalong for Kids\",\"slug\":\"cancelled-storytime-and-singalong-for-kids\",\"postDate\":1468423920,\"expiryDate\":null,\"enabled\":1,\"parentId\":null,\"fields\":{\"27\":{\"street1\":\"126 Crosby St\",\"street2\":\"\",\"city\":\"New York\",\"state\":\"NY\",\"zip\":\"10012\",\"country\":\"United States\",\"lat\":\"40.72460350\",\"lng\":\"-73.99657550\"},\"1\":\"<p>Join Amy Virginia Buchanan for reading, singing, and dancing appropriate for kids 3 and under and their caretakers.<\\/p>\",\"24\":{\"date\":\"7\\/26\\/2016\",\"time\":\"11:30 PM\"},\"25\":[\"55\",\"56\"],\"3\":[\"65\"],\"23\":{\"date\":\"7\\/19\\/2016\",\"time\":\"10:30 AM\"}}}', '2016-07-26 18:42:39', '2016-07-26 18:42:39', 'fcf881a2-31a9-481e-a215-790f5d3d40ad'),
 ('147', '62', '8', '1', 'en_us', '10', '', '{\"typeId\":\"8\",\"authorId\":\"1\",\"title\":\"Summer Fiction Sale: All Day July 11 through July 18\",\"slug\":\"summer-fiction-sale-all-day-july-11-through-july-18\",\"postDate\":1468420920,\"expiryDate\":null,\"enabled\":1,\"parentId\":null,\"fields\":{\"27\":{\"street1\":\"126 Crosby St\",\"street2\":\"\",\"city\":\"New York\",\"state\":\"NY\",\"zip\":\"10012\",\"country\":\"United States\",\"lat\":\"40.72460350\",\"lng\":\"-73.99657550\"},\"1\":\"<p>Save 30% on hot reads for the beach or the B train. Includes all fiction, graphic novels, and YA.<\\/p>\",\"24\":{\"date\":\"7\\/28\\/2016\",\"time\":\"6:15 PM\"},\"25\":[\"55\",\"56\"],\"3\":[\"64\"],\"23\":{\"date\":\"7\\/21\\/2016\",\"time\":\"1:30 PM\"}}}', '2016-07-26 18:42:48', '2016-07-26 18:42:48', '84b48597-e64f-43bc-93b4-5d9988db40a5'),
 ('148', '131', '14', '1', 'en_us', '3', '', '{\"typeId\":\"14\",\"authorId\":\"1\",\"title\":\"Design on a Dime Volunteer Opportunities\",\"slug\":\"design-on-a-dime-volunteer-opportunities\",\"postDate\":1469033280,\"expiryDate\":null,\"enabled\":1,\"parentId\":\"\",\"fields\":{\"1\":\"<p>On April 21, 2016, Housing Works will present New York City\\u2019s most popular interior design benefit event at the Metropolitan Pavilion in Chelsea. Design on a Dime features more than 60 of the world\\u2019s top interior designers, who create unforgettable room vignettes with new merchandise, which is donated and then sold for 50 to 70 percent off retail! Each year, Design on a Dime depends on the hard work of hundreds of volunteers. You can volunteer to help in many ways, from event setup, sales and breakdown, to event merchandise preparation and sorting at our Thrift Shop Warehouse. Individual, corporate group and student group volunteer opportunities are available.<\\/p>\\r\\n\\r\\n<p>Below is a list of days, shifts, and tasks to choose from (multiple days and shifts are allowed):<\\/p>\\r\\n\\r\\n\\r\\n\\r\\n\\r\\n\\r\\n<p><strong>Tuesday April 19<\\/strong>&nbsp;12-4p, 4-8p | Volunteers will assist staff in one of three teams; unloading merchandise from trucks, setting up furniture around event space, and trash removal (volunteers must be able to lift up to 40 pounds). 4-7p, 7-10p | Volunteers will assist designers and staff with set up, preparation, and trash removal.<\\/p>\\r\\n\\r\\n\\r\\n\\r\\n\\r\\n\\r\\n<p><strong>Wednesday April 20<\\/strong>&nbsp;9-1:30p | Assist designers and staff with set up, preparation, and trash removal. 1-5:30p, 5-10p | Volunteers will assist staff with preparation and pricing of merchandise for sale throughout event space.<\\/p>\\r\\n\\r\\n\\r\\n\\r\\n\\r\\n\\r\\n<p><strong>Thursday April 21<\\/strong>&nbsp;9-12p, 12-3p | Experienced retail volunteers needed to assist staff with last minute prep, final touches, and merchandise pricing. 4:45-10:45p | The evening is all about the Gala Night! Volunteers will assist with customer service on the sales floor, running sold tickets between merchandise and register, bagging purchases at the register, providing excellent customer service to our patrons, and closing at the end, preparing the sales\\/exhibit space for the next day (prompt attendance required for Gala Night; you must be able to arrive no later than by 5p).<\\/p>\\r\\n\\r\\n\\r\\n\\r\\n\\r\\n\\r\\n<p><strong>Friday April 22<\\/strong>&nbsp;8:30-12p | Today begins the first of two public day sales and volunteers are needed to help organize back stock and consolidate merchandise. 9-1:30p, 1-5p, 4:30-7:30p | Volunteer tasks during these shifts include bagging at registers, line help, sold tag runners, room & sales assistance. 7-10p | Volunteers on the Friday night re-set team will help condense the merchandise left to be sold on Saturday and separate sold merchandise for pick up.<\\/p>\\r\\n\\r\\n\\r\\n\\r\\n\\r\\n\\r\\n<p><strong>Saturday April 22<\\/strong>&nbsp;9-1:30p, 1-5p | The second and last day of our public sale day continues with tasks including bagging at registers, line help, sold tag runners, and room & sales assistance. 2-5p, 4-8p | The week\\u2019s begin to sales wind down, the clean-up and clear out begins. Volunteers will help with organizing and loading out merchandise, and emptying the event space. 5-11p | Volunteers will report to our Chelsea and Gramercy Thrifts to receive merchandise arriving from the Design on a Dime exhibit space.<\\/p>\\r\\n\\r\\n\\r\\n\\r\\n\\r\\n\\r\\n<p>###b<\\/p>\\r\\n\\r\\n\\r\\n\\r\\n\\r\\n\\r\\n<p>If you are interested in volunteering, or would like to sign up your group to a volunteer for Design on a Dime 2016 please email&nbsp;###a href=\\\"mailto:volunteers@housingworks.org\\\"&gt;volunteers@housingworks.org.<\\/p>\",\"41\":\"\",\"40\":[\"106\",\"98\"]}}', '2016-07-26 19:08:24', '2016-07-26 19:08:24', 'b61a1aaf-fa9c-4348-8948-ff28439c64a9'),
 ('149', '151', '16', '1', 'en_us', '1', NULL, '{\"typeId\":\"16\",\"authorId\":null,\"title\":\"Donations\",\"slug\":\"donations\",\"postDate\":1469562508,\"expiryDate\":null,\"enabled\":1,\"parentId\":null,\"fields\":[]}', '2016-07-26 19:48:28', '2016-07-26 19:48:28', 'ce5c8355-aa33-4a06-94ee-3a4343d5105a'),
 ('150', '150', '3', '1', 'en_us', '2', '', '{\"typeId\":\"3\",\"authorId\":\"1\",\"title\":\"Blue bottle aesthetic freegan mustache,\",\"slug\":\"blue-bottle-aesthetic-freegan-mustache\",\"postDate\":1469557560,\"expiryDate\":null,\"enabled\":1,\"parentId\":null,\"fields\":{\"8\":[\"10\"],\"1\":\"<p>Blue bottle aesthetic freegan mustache, XOXO hoodie lomo slow-carb bushwick readymade wayfarers you probably haven\'t heard of them artisan cardigan cold-pressed. Chillwave salvia truffaut pickled retro mumblecore. Fingerstache viral lumbersexual, PBR&B pitchfork pickled tattooed slow-carb master cleanse vice. Wolf tousled tilde meditation leggings green juice, keffiyeh four loko thundercats ramps drinking vinegar ennui yuccie farm-to-table. Slow-carb fingerstache distillery kinfolk, fashion axe viral pickled. Roof party typewriter meditation authentic banjo man braid, echo park portland aesthetic stumptown pitchfork crucifix meggings next level. Vegan try-hard forage, tumblr fap jean shorts mustache meh fingerstache brooklyn craft beer hammock fashion axe sartorial squid.<\\/p>\\r\\n\\r\\n<p>Actually butcher vice migas, YOLO 90\'s viral affogato. Tattooed offal meditation, lumbersexual pinterest normcore disrupt synth leggings. Raw denim pour-over cornhole meh fanny pack normcore. XOXO mustache taxidermy you probably haven\'t heard of them, ennui actually hella man bun. Mlkshk deep v cornhole kogi. Heirloom cardigan ramps +1, four dollar toast skateboard aesthetic put a bird on it polaroid blue bottle synth mlkshk. Selfies PBR&B ethical chartreuse, godard kinfolk portland keytar swag skateboard lumbersexual master cleanse single-origin coffee hella ugh.<\\/p>\",\"9\":{\"date\":\"7\\/26\\/2016\",\"time\":\"3:30 PM\"},\"3\":[\"65\"],\"4\":\"\"}}', '2016-08-02 14:39:55', '2016-08-02 14:39:55', '9025cb55-a091-4894-abe2-4aa29c72f3ab'),
 ('151', '108', '11', '1', 'en_us', '6', '', '{\"typeId\":\"11\",\"authorId\":null,\"title\":\"Career Page\",\"slug\":\"career-page\",\"postDate\":1468961350,\"expiryDate\":null,\"enabled\":1,\"parentId\":null,\"fields\":{\"35\":\"<ul><li>Full time staff receive five weeks of paid time off their first year, and it only goes up from there.Great, comprehensive health and dental insurance after just 30 days of employment for full time and some part time staff.<\\/li><li>Help with student loans.<\\/li><li>Help with gym memberships and other health and educational needs.<\\/li><li>Retirement plan.<\\/li><li>Life insurance.<\\/li><\\/ul>\",\"1\":\"\",\"34\":\"<p>At Housing Works our Community Values shape our culture and how we further our mission. We are looking for talented people who want to work in an environment that exudes these values<\\/p>\",\"33\":\"<p>I joined Housing Works as a staff person a year ago, but I\\u2019ve been a member of the family for some time. Shortly after I moved to NYC eight years ago, I stumbled across the Bookstore Cafe and fell in love. I started volunteering and was a member of the Thursday night posse for 5 years. I got even more involved with Housing Works and its mission by serving on the Inc. Board as the volunteer representative for 3 years.<\\/p>\"}}', '2016-08-02 15:00:35', '2016-08-02 15:00:35', '39062fea-cc66-42a7-a0ec-a11fcd433a29'),
 ('152', '151', '16', '1', 'en_us', '2', '', '{\"typeId\":null,\"authorId\":null,\"title\":\"Donation\",\"slug\":\"donations\",\"postDate\":1469562508,\"expiryDate\":null,\"enabled\":1,\"parentId\":null,\"fields\":[]}', '2016-08-02 15:15:32', '2016-08-02 15:15:32', '4d40c495-944a-486d-8356-db30be7d5043'),
 ('153', '68', '8', '1', 'en_us', '10', '', '{\"typeId\":\"8\",\"authorId\":\"1\",\"title\":\"World Traveler Party\",\"slug\":\"fake-event-2\",\"postDate\":1468427700,\"expiryDate\":null,\"enabled\":1,\"parentId\":null,\"fields\":{\"27\":{\"street1\":\"122 Montague St\",\"street2\":\"\",\"city\":\"Brooklyn\",\"state\":\"NY\",\"zip\":\"11201\",\"country\":\"United States\",\"lat\":\"40.69464680\",\"lng\":\"-73.99461790\"},\"1\":\"<p>A fine collection of cameras, luggage, picture frames and journals to keep your summer memories alive.&nbsp;<\\/p>\",\"24\":{\"date\":\"8\\/4\\/2016\",\"time\":\"1:00 PM\"},\"25\":[\"55\",\"56\"],\"3\":[\"26\"],\"23\":{\"date\":\"7\\/12\\/2016\",\"time\":\"10:30 AM\"}}}', '2016-08-02 15:29:44', '2016-08-02 15:29:44', '45cf796e-9d55-45f9-895c-56d2c1d2ac82');



DROP TABLE IF EXISTS `craft_fieldgroups`;


--
-- Schema for table `craft_fieldgroups`
--
CREATE TABLE `craft_fieldgroups` (
  `id` int(11) NOT NULL AUTO_INCREMENT,
  `name` varchar(255) COLLATE utf8_unicode_ci NOT NULL,
  `dateCreated` datetime NOT NULL,
  `dateUpdated` datetime NOT NULL,
  `uid` char(36) COLLATE utf8_unicode_ci NOT NULL DEFAULT '0',
  PRIMARY KEY (`id`),
  UNIQUE KEY `craft_fieldgroups_name_unq_idx` (`name`)
) ENGINE=InnoDB AUTO_INCREMENT=10 DEFAULT CHARSET=utf8 COLLATE=utf8_unicode_ci;

--
-- Data for table `craft_fieldgroups`
--

INSERT INTO `craft_fieldgroups` (`id`, `name`, `dateCreated`, `dateUpdated`, `uid`) VALUES
 ('1', 'Default', '2016-07-11 16:21:55', '2016-07-11 16:21:55', 'fab40023-7c01-485b-8f40-019935b8860c'),
 ('2', 'AIDS Issues Update Blog', '2016-07-11 16:29:15', '2016-07-11 16:29:15', '7d36cb69-391e-4394-98b2-db674c8875d0'),
 ('3', 'Press', '2016-07-12 14:51:16', '2016-07-12 14:51:16', 'd5989273-eb1a-4b4d-ae4e-eaf12f971606'),
 ('4', 'About', '2016-07-12 21:30:38', '2016-07-12 21:30:38', 'b65cc607-50ed-41cb-8c2c-9f2aea745aec'),
 ('5', 'Event', '2016-07-13 14:17:38', '2016-07-19 14:14:10', 'b92677c6-6ca4-41d0-8930-359824b984a4'),
 ('6', 'Globals', '2016-07-13 18:41:50', '2016-07-13 18:41:50', '2a57f128-e981-4643-b62b-6318d64ab170'),
 ('7', 'Location', '2016-07-19 14:14:16', '2016-07-19 14:14:16', '73bc7ab6-3f40-4619-b8d2-28b63301c057'),
 ('8', 'Career', '2016-07-19 19:41:45', '2016-07-19 19:41:45', '1e12a9fa-61b0-4bbc-9ce5-045f3c865411'),
 ('9', 'Volunteer', '2016-07-20 15:09:14', '2016-07-20 15:09:21', '4b7280d6-c70c-4504-b874-b12eed405d42');



DROP TABLE IF EXISTS `craft_fieldlayoutfields`;


--
-- Schema for table `craft_fieldlayoutfields`
--
CREATE TABLE `craft_fieldlayoutfields` (
  `id` int(11) NOT NULL AUTO_INCREMENT,
  `layoutId` int(11) NOT NULL,
  `tabId` int(11) NOT NULL,
  `fieldId` int(11) NOT NULL,
  `required` tinyint(1) unsigned NOT NULL DEFAULT '0',
  `sortOrder` smallint(6) unsigned DEFAULT NULL,
  `dateCreated` datetime NOT NULL,
  `dateUpdated` datetime NOT NULL,
  `uid` char(36) COLLATE utf8_unicode_ci NOT NULL DEFAULT '0',
  PRIMARY KEY (`id`),
  UNIQUE KEY `craft_fieldlayoutfields_layoutId_fieldId_unq_idx` (`layoutId`,`fieldId`),
  KEY `craft_fieldlayoutfields_sortOrder_idx` (`sortOrder`),
  KEY `craft_fieldlayoutfields_tabId_fk` (`tabId`),
  KEY `craft_fieldlayoutfields_fieldId_fk` (`fieldId`)
) ENGINE=InnoDB AUTO_INCREMENT=233 DEFAULT CHARSET=utf8 COLLATE=utf8_unicode_ci;

--
-- Data for table `craft_fieldlayoutfields`
--

INSERT INTO `craft_fieldlayoutfields` (`id`, `layoutId`, `tabId`, `fieldId`, `required`, `sortOrder`, `dateCreated`, `dateUpdated`, `uid`) VALUES
 ('1', '3', '1', '1', '1', '1', '2016-07-11 16:21:55', '2016-07-11 16:21:55', '951abb96-c5e4-4152-94bf-c8e302ead194'),
 ('89', '59', '40', '14', '0', '1', '2016-07-12 20:51:08', '2016-07-12 20:51:08', '837cd7b1-3593-43c8-bd81-fec74a410392'),
 ('90', '59', '40', '15', '0', '2', '2016-07-12 20:51:08', '2016-07-12 20:51:08', '958d578b-54da-4b2e-9bdc-75c4a4008c98'),
 ('91', '59', '40', '16', '0', '3', '2016-07-12 20:51:08', '2016-07-12 20:51:08', 'c7ffb445-878f-48e1-a5df-705c091b7f40'),
 ('92', '59', '40', '17', '0', '4', '2016-07-12 20:51:08', '2016-07-12 20:51:08', '41206ab2-f17b-40dc-a74f-e51c6b21aab6'),
 ('93', '60', '41', '10', '0', '1', '2016-07-12 21:06:36', '2016-07-12 21:06:36', 'd56c6d3c-764e-4f32-b1b7-ec3ad3d3cc36'),
 ('94', '60', '41', '18', '0', '2', '2016-07-12 21:06:36', '2016-07-12 21:06:36', 'd3088273-543b-4210-b25c-053e669425b3'),
 ('95', '60', '41', '1', '0', '3', '2016-07-12 21:06:36', '2016-07-12 21:06:36', '193d1afe-87ad-461d-b656-d16abec686b6'),
 ('96', '60', '41', '13', '0', '4', '2016-07-12 21:06:36', '2016-07-12 21:06:36', '34cf749f-243b-404d-a1e4-b798bb46282e'),
 ('97', '60', '41', '9', '0', '5', '2016-07-12 21:06:36', '2016-07-12 21:06:36', '13730607-51c3-4b7d-a7f2-b71edd5f6466'),
 ('98', '60', '41', '11', '0', '6', '2016-07-12 21:06:36', '2016-07-12 21:06:36', '3d9d7685-c73a-4c17-9198-aaf970b6cc27'),
 ('99', '60', '41', '12', '0', '7', '2016-07-12 21:06:36', '2016-07-12 21:06:36', '108142e0-6d2c-4f7d-aeda-cbe1de4596ff'),
 ('127', '83', '51', '26', '0', '1', '2016-07-13 19:13:06', '2016-07-13 19:13:06', '144b594e-ec02-487d-8a31-f7a4ba6d66a0'),
 ('128', '84', '52', '3', '0', '1', '2016-07-13 19:47:13', '2016-07-13 19:47:13', '022599dc-94e7-49ff-9270-fa023e664a00'),
 ('129', '84', '52', '1', '0', '2', '2016-07-13 19:47:13', '2016-07-13 19:47:13', '4a5f6892-f668-4819-8e38-6dca3b3c4c88'),
 ('130', '84', '52', '25', '0', '3', '2016-07-13 19:47:13', '2016-07-13 19:47:13', '05539701-4958-43db-8028-0696f84b1d4d'),
 ('131', '84', '52', '23', '0', '4', '2016-07-13 19:47:13', '2016-07-13 19:47:13', '6f3806f1-3512-4a26-80e0-d70865ee35e0'),
 ('132', '84', '52', '24', '0', '5', '2016-07-13 19:47:13', '2016-07-13 19:47:13', 'e6557c7e-c241-4654-8050-ff68813c5e1b'),
 ('133', '84', '52', '27', '0', '6', '2016-07-13 19:47:13', '2016-07-13 19:47:13', '2058a275-df8b-473c-aa73-019872611e4e'),
 ('134', '88', '53', '9', '0', '1', '2016-07-18 16:11:06', '2016-07-18 16:11:06', 'd7ee7b9b-7478-4bc8-99a5-0c4b50ba6386'),
 ('135', '88', '53', '3', '0', '2', '2016-07-18 16:11:06', '2016-07-18 16:11:06', '57250826-6f82-4d63-afb3-4dd3954fb4ac'),
 ('136', '88', '53', '1', '0', '3', '2016-07-18 16:11:06', '2016-07-18 16:11:06', '44dae7c8-32cb-4f02-9ef4-afe6d3b2962b'),
 ('137', '88', '53', '8', '0', '4', '2016-07-18 16:11:06', '2016-07-18 16:11:06', '02353f6f-7cef-4579-99c4-7628c436612e'),
 ('138', '88', '53', '4', '0', '5', '2016-07-18 16:11:06', '2016-07-18 16:11:06', '2a3d5786-36c6-4736-9dd8-8011b120bf6c'),
 ('148', '94', '57', '3', '0', '1', '2016-07-18 19:54:47', '2016-07-18 19:54:47', '49e432aa-6c5a-4401-92c5-ac6351671055'),
 ('149', '94', '57', '1', '0', '2', '2016-07-18 19:54:47', '2016-07-18 19:54:47', '10ee9953-6bbf-4bc5-91ab-65f04742a5a3'),
 ('150', '94', '57', '4', '0', '3', '2016-07-18 19:54:47', '2016-07-18 19:54:47', '2e05c629-d8b9-4f27-a0b5-82e2d2355bb3'),
 ('163', '99', '62', '10', '0', '1', '2016-07-18 21:55:43', '2016-07-18 21:55:43', 'c0d775e1-8a7f-43a4-9968-fda3c92d26a3'),
 ('164', '99', '62', '1', '0', '2', '2016-07-18 21:55:43', '2016-07-18 21:55:43', '0566648c-2376-4e42-bd3c-57d42ec3d24b'),
 ('165', '99', '62', '9', '0', '3', '2016-07-18 21:55:43', '2016-07-18 21:55:43', '878fb9d7-7888-4eba-985d-1ef688979c43'),
 ('166', '100', '63', '1', '0', '1', '2016-07-18 22:32:07', '2016-07-18 22:32:07', '276ea8e1-6df8-49a6-95cc-edf7555c1af1'),
 ('167', '100', '63', '10', '0', '2', '2016-07-18 22:32:07', '2016-07-18 22:32:07', '00a0f1f9-6eb5-4f13-a55d-c116839dee43'),
 ('168', '100', '63', '9', '0', '3', '2016-07-18 22:32:07', '2016-07-18 22:32:07', '80276fe1-dc29-4ebc-9b76-70374010bb40'),
 ('186', '111', '69', '27', '0', '1', '2016-07-19 14:57:07', '2016-07-19 14:57:07', '8e5db2cd-fb04-4fe2-82c0-8545f5527dd6'),
 ('187', '111', '69', '32', '0', '2', '2016-07-19 14:57:07', '2016-07-19 14:57:07', '135d9156-429d-4ee4-8328-839d3ef97c13'),
 ('188', '111', '69', '16', '0', '3', '2016-07-19 14:57:07', '2016-07-19 14:57:07', '2fe151e4-02e2-4ac9-8c7b-c98cec0ecddc'),
 ('189', '111', '69', '1', '0', '4', '2016-07-19 14:57:07', '2016-07-19 14:57:07', '8b1a8329-2c02-43d4-9c74-34487a28b317'),
 ('190', '111', '69', '28', '0', '5', '2016-07-19 14:57:07', '2016-07-19 14:57:07', 'fbe81e3b-bd02-419e-8153-0ac83c9c3f07'),
 ('191', '111', '69', '29', '0', '6', '2016-07-19 14:57:07', '2016-07-19 14:57:07', '9646f0e0-54af-419e-86e6-87f3a9223689'),
 ('192', '112', '70', '30', '0', '1', '2016-07-19 17:45:18', '2016-07-19 17:45:18', 'c93c3b86-628b-4fbd-a347-64c557c938d9'),
 ('193', '112', '70', '31', '0', '2', '2016-07-19 17:45:18', '2016-07-19 17:45:18', '71fa85ea-fca4-474f-acc6-95ef3f8f9b8e'),
 ('197', '115', '72', '1', '0', '1', '2016-07-19 19:47:01', '2016-07-19 19:47:01', '36a24c19-9dbe-41ee-a0b3-5553f5e19d26'),
 ('198', '115', '72', '33', '0', '2', '2016-07-19 19:47:01', '2016-07-19 19:47:01', '53f31d1d-5eff-4e02-aeb6-4470ebf9bdff'),
 ('199', '115', '72', '34', '0', '3', '2016-07-19 19:47:01', '2016-07-19 19:47:01', '0d168aad-614e-487f-91ac-3ffee919be42'),
 ('200', '115', '72', '35', '0', '4', '2016-07-19 19:47:01', '2016-07-19 19:47:01', '7ad51d98-6aae-4424-9eed-c43c4a46f09e'),
 ('205', '123', '74', '39', '0', '1', '2016-07-19 20:45:24', '2016-07-19 20:45:24', '6247867d-75cf-4a09-8a2f-948de415399c'),
 ('206', '123', '74', '36', '0', '2', '2016-07-19 20:45:24', '2016-07-19 20:45:24', 'f8e472ed-0711-4ede-b263-fe4036806e41'),
 ('207', '123', '74', '37', '0', '3', '2016-07-19 20:45:24', '2016-07-19 20:45:24', '9b62a758-33ae-4599-be03-19d79f2b520e'),
 ('208', '123', '74', '38', '0', '4', '2016-07-19 20:45:24', '2016-07-19 20:45:24', 'f35f7c81-c8f3-4d19-9458-024f3f4d8bc2'),
 ('209', '123', '74', '18', '0', '5', '2016-07-19 20:45:24', '2016-07-19 20:45:24', '8d970499-7014-429f-8a63-7d4be436607d'),
 ('210', '124', '75', '1', '0', '1', '2016-07-19 21:48:12', '2016-07-19 21:48:12', 'ecfc439c-fb3b-4f26-b90f-98ba8f27ab49'),
 ('218', '134', '79', '40', '0', '1', '2016-07-20 19:23:09', '2016-07-20 19:23:09', '8d954c1a-a1f2-4043-aa84-5a6a7d0ac159'),
 ('219', '134', '79', '41', '0', '2', '2016-07-20 19:23:09', '2016-07-20 19:23:09', '277c0683-57da-4688-b153-937dc23bb6ae'),
 ('220', '134', '79', '1', '0', '3', '2016-07-20 19:23:09', '2016-07-20 19:23:09', '0c481df9-ad90-4806-965e-f3277298b935'),
 ('222', '136', '81', '20', '0', '1', '2016-07-25 18:47:59', '2016-07-25 18:47:59', 'f698cc11-e6f9-449a-9970-0d823fdc94a5'),
 ('223', '136', '81', '21', '0', '2', '2016-07-25 18:47:59', '2016-07-25 18:47:59', 'b95a40f7-cc62-4e2c-8b2d-0d04c99975ee'),
 ('224', '136', '81', '22', '0', '3', '2016-07-25 18:47:59', '2016-07-25 18:47:59', '93f9c775-34b7-40d0-a0fc-77dcdb2ad77c'),
 ('228', '140', '85', '5', '0', '1', '2016-07-25 19:24:45', '2016-07-25 19:24:45', 'c7e3d6c5-b70d-41da-892c-e9d93e96c082'),
 ('229', '141', '86', '6', '0', '1', '2016-07-25 19:24:45', '2016-07-25 19:24:45', 'c875fd98-68fe-41d3-9e23-78abce3d12e6'),
 ('230', '142', '87', '7', '0', '1', '2016-07-25 19:24:45', '2016-07-25 19:24:45', '49614e5e-7432-4c2d-bb3a-9eef5b66f241'),
 ('232', '145', '89', '19', '0', '1', '2016-07-26 14:10:19', '2016-07-26 14:10:19', 'c88a662f-556f-4e49-a4f5-6409c2867758');



DROP TABLE IF EXISTS `craft_fieldlayouts`;


--
-- Schema for table `craft_fieldlayouts`
--
CREATE TABLE `craft_fieldlayouts` (
  `id` int(11) NOT NULL AUTO_INCREMENT,
  `type` varchar(150) COLLATE utf8_unicode_ci NOT NULL,
  `dateCreated` datetime NOT NULL,
  `dateUpdated` datetime NOT NULL,
  `uid` char(36) COLLATE utf8_unicode_ci NOT NULL DEFAULT '0',
  PRIMARY KEY (`id`),
  KEY `craft_fieldlayouts_type_idx` (`type`)
) ENGINE=InnoDB AUTO_INCREMENT=148 DEFAULT CHARSET=utf8 COLLATE=utf8_unicode_ci;

--
-- Data for table `craft_fieldlayouts`
--

INSERT INTO `craft_fieldlayouts` (`id`, `type`, `dateCreated`, `dateUpdated`, `uid`) VALUES
 ('1', 'Tag', '2016-07-11 16:21:55', '2016-07-11 16:21:55', '87b2e430-66f1-4dd0-8844-661f8488c478'),
 ('3', 'Entry', '2016-07-11 16:21:55', '2016-07-11 16:21:55', '8cb2334c-cb53-4377-aa74-c3586ca535a9'),
 ('59', 'Entry', '2016-07-12 20:51:08', '2016-07-12 20:51:08', 'f4ad01a7-46a6-4ef8-8f74-fdc6102ef462'),
 ('60', 'Entry', '2016-07-12 21:06:36', '2016-07-12 21:06:36', '949858f4-3a8c-4c3c-9b75-aac815f63a33'),
 ('83', 'GlobalSet', '2016-07-13 19:13:06', '2016-07-13 19:13:06', '861013ac-0586-4ec4-b16e-19f46a662f22'),
 ('84', 'Entry', '2016-07-13 19:47:13', '2016-07-13 19:47:13', '901162dd-2edc-439d-9a33-2754b368e15a'),
 ('88', 'Entry', '2016-07-18 16:11:06', '2016-07-18 16:11:06', '82d5c552-5a6a-4f40-b852-cd38830b0fe1'),
 ('90', 'Category', '2016-07-18 17:24:21', '2016-07-18 17:24:21', '0ffd2148-9693-4a8a-a315-01d2a4a501e7'),
 ('94', 'Category', '2016-07-18 19:54:47', '2016-07-18 19:54:47', 'cae545ab-d74c-4687-b7f9-6f7fd506ce73'),
 ('99', 'Category', '2016-07-18 21:55:43', '2016-07-18 21:55:43', '6c67c72a-4fc2-4239-aede-1846bacda224'),
 ('100', 'Entry', '2016-07-18 22:32:07', '2016-07-18 22:32:07', '6ef4c3fa-7026-444d-a2c8-494e4d88df11'),
 ('106', 'Asset', '2016-07-19 14:21:15', '2016-07-19 14:21:15', '53c0ccb6-8d60-4983-a609-6885c05035ef'),
 ('111', 'Entry', '2016-07-19 14:57:07', '2016-07-19 14:57:07', '065cb727-a4e1-42d4-a920-d993f58061fe'),
 ('112', 'MatrixBlock', '2016-07-19 17:45:18', '2016-07-19 17:45:18', '04c9b6d0-9421-4bbd-8660-e34395790e5b'),
 ('115', 'Entry', '2016-07-19 19:47:01', '2016-07-19 19:47:01', '1578ee87-1a2f-4a90-811e-ac64f05d6c69'),
 ('118', 'Category', '2016-07-19 20:26:34', '2016-07-19 20:26:34', '83c82d10-e5c5-4e68-ab30-981038a7b737'),
 ('119', 'Category', '2016-07-19 20:26:43', '2016-07-19 20:26:43', '18078190-85c3-4320-93f0-dbb49ebffc65'),
 ('123', 'Entry', '2016-07-19 20:45:24', '2016-07-19 20:45:24', 'b59a1040-e957-4282-876e-1290d2e9f16f'),
 ('124', 'GlobalSet', '2016-07-19 21:48:12', '2016-07-19 21:48:12', '8995d566-3f67-4f68-b912-1d7deb572241'),
 ('128', 'Asset', '2016-07-20 15:34:20', '2016-07-20 15:34:20', '8ff04269-ac5e-4eb6-899d-0df4ce29ba69'),
 ('129', 'Asset', '2016-07-20 15:34:25', '2016-07-20 15:34:25', '06270747-e98b-49f3-931e-97a3380655bc'),
 ('130', 'Asset', '2016-07-20 15:34:31', '2016-07-20 15:34:31', '4f6e387e-4c35-462b-a879-88561e98ba66'),
 ('134', 'Entry', '2016-07-20 19:23:09', '2016-07-20 19:23:09', '00cdf51f-46f3-43cb-9439-304dd9200196'),
 ('136', 'MatrixBlock', '2016-07-25 18:47:59', '2016-07-25 18:47:59', '1d395d4c-8d20-48e3-9e02-b9eaa2593bf6'),
 ('140', 'MatrixBlock', '2016-07-25 19:24:45', '2016-07-25 19:24:45', '71e48f5f-bef1-4179-b378-6b79f7166192'),
 ('141', 'MatrixBlock', '2016-07-25 19:24:45', '2016-07-25 19:24:45', '9305046a-ddb4-437d-b57d-3f151ee693ba'),
 ('142', 'MatrixBlock', '2016-07-25 19:24:45', '2016-07-25 19:24:45', 'd69800b8-f57e-4b4e-8718-86d6c2cd1088'),
 ('145', 'Entry', '2016-07-26 14:10:19', '2016-07-26 14:10:19', '419051eb-483b-4347-9def-22d37447b11d'),
 ('147', 'Entry', '2016-08-02 15:15:18', '2016-08-02 15:15:18', 'cea5002f-42d9-4ab2-b475-2864ae4ca12c');



DROP TABLE IF EXISTS `craft_fieldlayouttabs`;


--
-- Schema for table `craft_fieldlayouttabs`
--
CREATE TABLE `craft_fieldlayouttabs` (
  `id` int(11) NOT NULL AUTO_INCREMENT,
  `layoutId` int(11) NOT NULL,
  `name` varchar(255) COLLATE utf8_unicode_ci NOT NULL,
  `sortOrder` smallint(6) unsigned DEFAULT NULL,
  `dateCreated` datetime NOT NULL,
  `dateUpdated` datetime NOT NULL,
  `uid` char(36) COLLATE utf8_unicode_ci NOT NULL DEFAULT '0',
  PRIMARY KEY (`id`),
  KEY `craft_fieldlayouttabs_sortOrder_idx` (`sortOrder`),
  KEY `craft_fieldlayouttabs_layoutId_fk` (`layoutId`)
) ENGINE=InnoDB AUTO_INCREMENT=90 DEFAULT CHARSET=utf8 COLLATE=utf8_unicode_ci;

--
-- Data for table `craft_fieldlayouttabs`
--

INSERT INTO `craft_fieldlayouttabs` (`id`, `layoutId`, `name`, `sortOrder`, `dateCreated`, `dateUpdated`, `uid`) VALUES
 ('1', '3', 'Content', '1', '2016-07-11 16:21:55', '2016-07-11 16:21:55', '373ffcce-cb93-482e-90a5-bc6ab188a6dc'),
 ('40', '59', 'Press', '1', '2016-07-12 20:51:08', '2016-07-12 20:51:08', '24e43943-a229-47d1-b736-64e4de331e46'),
 ('41', '60', 'Press', '1', '2016-07-12 21:06:36', '2016-07-12 21:06:36', 'e411edea-44b6-4dc4-a1d0-3197e8f325bc'),
 ('51', '83', 'Content', '1', '2016-07-13 19:13:06', '2016-07-13 19:13:06', 'a3e2cbe5-008b-417d-aadf-af5656ee0361'),
 ('52', '84', 'event', '1', '2016-07-13 19:47:13', '2016-07-13 19:47:13', 'f41748ec-419d-4ec0-9c3e-63b749850d2f'),
 ('53', '88', 'Content', '1', '2016-07-18 16:11:06', '2016-07-18 16:11:06', '12344d6c-9e89-4879-ae51-29c652eb76bc'),
 ('57', '94', 'Category', '1', '2016-07-18 19:54:47', '2016-07-18 19:54:47', '577950e0-c42e-4993-974f-b31a45897b52'),
 ('62', '99', 'Category', '1', '2016-07-18 21:55:43', '2016-07-18 21:55:43', '357362ce-1cc9-494b-a931-03b795afa956'),
 ('63', '100', 'Press Release', '1', '2016-07-18 22:32:07', '2016-07-18 22:32:07', 'c5b84aee-cbde-4be4-84d5-ea8dfd258d69'),
 ('69', '111', 'Location', '1', '2016-07-19 14:57:07', '2016-07-19 14:57:07', '8f07a84f-c466-4b03-8558-1bed48516d30'),
 ('70', '112', 'Content', '1', '2016-07-19 17:45:18', '2016-07-19 17:45:18', 'a7552282-6817-47a3-b109-9eb292dd5f25'),
 ('72', '115', 'Career', '1', '2016-07-19 19:47:01', '2016-07-19 19:47:01', 'ec34a90d-ca47-4b93-9042-7cb3aa103914'),
 ('74', '123', 'Job', '1', '2016-07-19 20:45:24', '2016-07-19 20:45:24', 'be011ae2-ab0a-4ccd-ba65-72a0ea9dd7b6'),
 ('75', '124', 'Content', '1', '2016-07-19 21:48:12', '2016-07-19 21:48:12', 'c58c6677-fe9e-4bbe-ae1c-a8dfe8a7f3c4'),
 ('79', '134', 'Volunteer', '1', '2016-07-20 19:23:09', '2016-07-20 19:23:09', '3402732e-5576-4cfa-9bce-fe53677d6236'),
 ('81', '136', 'Content', '1', '2016-07-25 18:47:59', '2016-07-25 18:47:59', '56e2fd0b-d96e-4a70-b553-fc386ed9e6d0'),
 ('85', '140', 'Content', '1', '2016-07-25 19:24:45', '2016-07-25 19:24:45', '646ffd6d-9171-4669-9014-b435b659c283'),
 ('86', '141', 'Content', '1', '2016-07-25 19:24:45', '2016-07-25 19:24:45', '35f4478d-bb33-49be-99aa-162a8aac4f2a'),
 ('87', '142', 'Content', '1', '2016-07-25 19:24:45', '2016-07-25 19:24:45', 'b73c6ba1-20c5-4612-942f-087af3c874c6'),
 ('89', '145', 'About', '1', '2016-07-26 14:10:19', '2016-07-26 14:10:19', 'f89d3526-7189-47d2-a34f-3a9f2ea3e802');



DROP TABLE IF EXISTS `craft_fields`;


--
-- Schema for table `craft_fields`
--
CREATE TABLE `craft_fields` (
  `id` int(11) NOT NULL AUTO_INCREMENT,
  `groupId` int(11) DEFAULT NULL,
  `name` varchar(255) COLLATE utf8_unicode_ci NOT NULL,
  `handle` varchar(58) COLLATE utf8_unicode_ci NOT NULL,
  `context` varchar(255) COLLATE utf8_unicode_ci NOT NULL DEFAULT 'global',
  `instructions` text COLLATE utf8_unicode_ci,
  `translatable` tinyint(1) unsigned NOT NULL DEFAULT '0',
  `type` varchar(150) COLLATE utf8_unicode_ci NOT NULL,
  `settings` text COLLATE utf8_unicode_ci,
  `dateCreated` datetime NOT NULL,
  `dateUpdated` datetime NOT NULL,
  `uid` char(36) COLLATE utf8_unicode_ci NOT NULL DEFAULT '0',
  PRIMARY KEY (`id`),
  UNIQUE KEY `craft_fields_handle_context_unq_idx` (`handle`,`context`),
  KEY `craft_fields_context_idx` (`context`),
  KEY `craft_fields_groupId_fk` (`groupId`)
) ENGINE=InnoDB AUTO_INCREMENT=42 DEFAULT CHARSET=utf8 COLLATE=utf8_unicode_ci;

--
-- Data for table `craft_fields`
--

INSERT INTO `craft_fields` (`id`, `groupId`, `name`, `handle`, `context`, `instructions`, `translatable`, `type`, `settings`, `dateCreated`, `dateUpdated`, `uid`) VALUES
 ('1', '1', 'Body', 'body', 'global', '', '0', 'RichText', '{\"configFile\":\"Standard.json\",\"availableAssetSources\":\"*\",\"availableTransforms\":\"*\",\"cleanupHtml\":\"1\",\"purifyHtml\":\"1\",\"columnType\":\"text\"}', '2016-07-11 16:21:55', '2016-07-13 14:17:21', '19e2ca0a-5245-48f2-a1f5-0a581307a4c9'),
 ('2', '1', 'Tags', 'tags', 'global', NULL, '0', 'Tags', '{\"source\":\"taggroup:1\"}', '2016-07-11 16:21:55', '2016-07-11 16:21:55', '7b4b239d-9ce3-49a1-9f85-11b27360b5bb'),
 ('3', '2', 'Feature Images', 'featureImages', 'global', '', '0', 'Assets', '{\"useSingleFolder\":\"1\",\"sources\":\"*\",\"defaultUploadLocationSource\":\"1\",\"defaultUploadLocationSubpath\":\"\",\"singleUploadLocationSource\":\"1\",\"singleUploadLocationSubpath\":\"\",\"restrictFiles\":\"\",\"limit\":\"\",\"viewMode\":\"large\",\"selectionLabel\":\"Add an Image\"}', '2016-07-11 16:38:39', '2016-07-19 14:26:18', '2e76c669-106e-4b58-a1eb-275b304b33e5'),
 ('4', '1', 'Matrix', 'matrix', 'global', '', '0', 'Matrix', '{\"maxBlocks\":null}', '2016-07-11 17:08:21', '2016-07-25 19:24:45', 'a0114c02-8ad5-44f4-a48b-06b3cdbc0b89'),
 ('5', NULL, 'Single Image', 'singleImage', 'matrixBlockType:1', '', '0', 'Assets', '{\"useSingleFolder\":\"1\",\"sources\":\"*\",\"defaultUploadLocationSource\":\"1\",\"defaultUploadLocationSubpath\":\"\",\"singleUploadLocationSource\":\"1\",\"singleUploadLocationSubpath\":\"\",\"restrictFiles\":\"\",\"limit\":\"1\",\"viewMode\":\"large\",\"selectionLabel\":\"Add an Image\"}', '2016-07-11 17:08:21', '2016-07-25 19:24:45', '94e7ead3-cf05-4a31-94d5-09f55d54a791'),
 ('6', NULL, 'Text', 'text', 'matrixBlockType:2', '', '0', 'RichText', '{\"configFile\":\"\",\"availableAssetSources\":\"*\",\"availableTransforms\":\"*\",\"cleanupHtml\":\"1\",\"purifyHtml\":\"1\",\"columnType\":\"text\"}', '2016-07-11 17:10:41', '2016-07-25 19:24:45', '10b90c2b-a1e3-4251-b770-405d90a03f66'),
 ('7', NULL, 'Slide Show', 'slideShow', 'matrixBlockType:3', '', '0', 'Assets', '{\"useSingleFolder\":\"\",\"sources\":\"*\",\"defaultUploadLocationSource\":\"1\",\"defaultUploadLocationSubpath\":\"\",\"singleUploadLocationSource\":\"1\",\"singleUploadLocationSubpath\":\"\",\"restrictFiles\":\"\",\"limit\":\"\",\"viewMode\":\"large\",\"selectionLabel\":\"Add an Image\"}', '2016-07-11 17:13:06', '2016-07-25 19:24:45', 'a7ec2c66-c8fd-4ac4-8050-630147e6a446'),
 ('8', '2', 'Blog Category', 'blogCategory', 'global', '', '0', 'Categories', '{\"source\":\"group:1\",\"limit\":\"\",\"selectionLabel\":\"\"}', '2016-07-11 18:46:33', '2016-07-12 16:29:48', 'ab3a3e56-1903-4330-b118-6de7662eada3'),
 ('9', '1', 'Date', 'date', 'global', '', '0', 'Date', '{\"minuteIncrement\":\"30\",\"showTime\":1,\"showDate\":1}', '2016-07-11 21:35:46', '2016-07-13 14:17:30', '145dcea0-0bc4-4fa1-9cbe-892483196f3f'),
 ('10', '3', 'Publication Image', 'publicationImage', 'global', '', '0', 'Assets', '{\"useSingleFolder\":\"\",\"sources\":[\"folder:2\"],\"defaultUploadLocationSource\":\"2\",\"defaultUploadLocationSubpath\":\"\",\"singleUploadLocationSource\":\"2\",\"singleUploadLocationSubpath\":\"\",\"restrictFiles\":\"\",\"limit\":\"\",\"viewMode\":\"large\",\"selectionLabel\":\"Add an Image\"}', '2016-07-12 15:01:00', '2016-07-12 15:01:00', '73ae3798-2afb-4f6b-9c9f-17ea18c45a77'),
 ('11', '3', 'Publication Name', 'publicationName', 'global', '', '0', 'PlainText', '{\"placeholder\":\"\",\"maxLength\":\"\",\"multiline\":\"\",\"initialRows\":\"4\"}', '2016-07-12 15:21:12', '2016-07-12 15:21:12', '5f6fc5d6-a6af-450c-af86-bf033bd758dc'),
 ('12', '3', 'Author', 'author', 'global', '', '0', 'PlainText', '{\"placeholder\":\"\",\"maxLength\":\"\",\"multiline\":\"\",\"initialRows\":\"4\"}', '2016-07-12 15:21:33', '2016-07-12 15:21:33', '9af05d87-e7de-40de-b083-c668b38e6c3e'),
 ('13', '3', 'Press Category', 'pressCategory', 'global', '', '0', 'Categories', '{\"source\":\"group:2\",\"limit\":\"\",\"selectionLabel\":\"\"}', '2016-07-12 15:22:54', '2016-07-12 15:22:54', 'd12edae7-6f80-4bbc-9462-6d3ed6c5b767'),
 ('14', '3', 'Contact Name', 'contactName', 'global', '', '0', 'PlainText', '{\"placeholder\":\"\",\"maxLength\":\"\",\"multiline\":\"\",\"initialRows\":\"4\"}', '2016-07-12 20:12:19', '2016-07-12 20:12:19', 'a1d4be8c-297f-4067-aa37-d07d389dfdb4'),
 ('15', '3', 'Contact Title', 'contactTitle', 'global', '', '0', 'PlainText', '{\"placeholder\":\"\",\"maxLength\":\"\",\"multiline\":\"\",\"initialRows\":\"4\"}', '2016-07-12 20:38:54', '2016-07-12 20:39:03', 'bcf8e67b-5082-42a4-b39e-f233c093ba15'),
 ('16', '3', 'Contact Phone', 'contactPhone', 'global', '', '0', 'SproutFields_Phone', '{\"placeholder\":\"\",\"customPatternToggle\":\"\",\"mask\":\"###-###-####\",\"customPatternErrorMessage\":\"\",\"inputMask\":\"\"}', '2016-07-12 20:40:00', '2016-07-12 20:50:46', '5a419547-1d1e-4878-b11c-52f84bcec042'),
 ('17', '3', 'Contact Email', 'contactEmail', 'global', '', '0', 'SproutFields_Email', '{\"placeholder\":\"\",\"customPatternToggle\":\"1\",\"customPattern\":\"\",\"customPatternErrorMessage\":\"Must be a valid email address\",\"uniqueEmail\":\"\"}', '2016-07-12 20:41:03', '2016-07-12 20:42:03', '9091a1a9-4951-4bed-a0a0-f41fa2de1beb'),
 ('18', '2', 'External Link', 'externalLink', 'global', '', '0', 'PlainText', '{\"placeholder\":\"\",\"maxLength\":\"\",\"multiline\":\"\",\"initialRows\":\"4\"}', '2016-07-12 21:05:40', '2016-07-12 21:06:27', '7fbdeff8-2348-4232-9542-ba02c8699efb'),
 ('19', '4', 'Board Matrix', 'boardMatrix', 'global', '', '0', 'Matrix', '{\"maxBlocks\":null}', '2016-07-12 21:39:35', '2016-07-25 18:47:59', '501b6adf-259a-4909-9403-64ea4870a2f2'),
 ('20', NULL, 'Board Name', 'boardName', 'matrixBlockType:4', '', '0', 'PlainText', '{\"placeholder\":\"\",\"maxLength\":\"\",\"multiline\":\"\",\"initialRows\":\"4\"}', '2016-07-12 21:39:35', '2016-07-25 18:47:59', '346de2b6-2d56-4f1d-9d9e-3b05d754686a'),
 ('21', NULL, 'Board Members', 'boardMembers', 'matrixBlockType:4', '', '0', 'Table', '{\"columns\":{\"col1\":{\"heading\":\"First Name\",\"handle\":\"firstName\",\"width\":\"\",\"type\":\"singleline\"},\"col2\":{\"heading\":\"Last Name\",\"handle\":\"lastName\",\"width\":\"\",\"type\":\"singleline\"},\"col3\":{\"heading\":\"Board Title\",\"handle\":\"boardTitle\",\"width\":\"\",\"type\":\"singleline\"},\"col4\":{\"heading\":\"Job Title\",\"handle\":\"jobTitle\",\"width\":\"\",\"type\":\"singleline\"},\"col5\":{\"heading\":\"Organization\",\"handle\":\"organization\",\"width\":\"\",\"type\":\"singleline\"}},\"defaults\":{\"row1\":{\"col1\":\"\",\"col2\":\"\",\"col3\":\"\",\"col4\":\"\",\"col5\":\"\"}}}', '2016-07-12 21:39:35', '2016-07-25 18:47:59', '9d045419-1fa6-49de-be1d-7e1075266bc2'),
 ('22', NULL, 'body', 'body', 'matrixBlockType:4', '', '0', 'RichText', '{\"configFile\":\"\",\"availableAssetSources\":\"*\",\"availableTransforms\":\"*\",\"cleanupHtml\":\"1\",\"purifyHtml\":\"1\",\"columnType\":\"text\"}', '2016-07-12 21:43:12', '2016-07-25 18:47:59', '219c8a7f-9d4c-49aa-88e0-af8c83c2e6fe'),
 ('23', '5', 'Start Date', 'startDate', 'global', '', '0', 'Date', '{\"minuteIncrement\":\"15\",\"showTime\":1,\"showDate\":1}', '2016-07-13 14:18:09', '2016-07-13 14:18:09', 'ad5944dd-3216-4042-95ef-77899b028404'),
 ('24', '5', 'End Date', 'endDate', 'global', '', '0', 'Date', '{\"minuteIncrement\":\"15\",\"showTime\":1,\"showDate\":1}', '2016-07-13 14:18:26', '2016-07-13 14:18:26', '61f8d239-0b09-4249-8767-8698f198ca58'),
 ('25', '5', 'Event Category', 'eventCategory', 'global', '', '0', 'Categories', '{\"source\":\"group:3\",\"limit\":\"\",\"selectionLabel\":\"Add a Category\"}', '2016-07-13 14:27:51', '2016-07-19 14:37:07', '4feea276-43e7-488f-9936-d06d212fb6e1'),
 ('26', '6', 'Featured Events', 'featuredEvents', 'global', '', '0', 'Entries', '{\"sources\":[\"section:8\"],\"limit\":\"\",\"selectionLabel\":\"\"}', '2016-07-13 18:44:48', '2016-07-19 21:47:15', '496f153e-6fc7-4d4d-9981-71b756a9500d'),
 ('27', '1', 'Address (Smart Map)', 'addressSmartMap', 'global', '', '0', 'SmartMap_Address', '{\"layout\":{\"street1\":{\"width\":100,\"enable\":1},\"street2\":{\"width\":100,\"enable\":1},\"city\":{\"width\":50,\"enable\":1},\"state\":{\"width\":15,\"enable\":1},\"zip\":{\"width\":35,\"enable\":1},\"country\":{\"width\":100,\"enable\":0},\"lat\":{\"width\":50,\"enable\":0},\"lng\":{\"width\":50,\"enable\":0}}}', '2016-07-13 19:46:32', '2016-07-13 19:51:54', 'dc744e67-52f1-4549-8757-2a07b2066e9f'),
 ('28', '7', 'Store Hours', 'storeHours', 'global', '', '0', 'StoreHours', NULL, '2016-07-19 14:16:48', '2016-07-19 14:16:48', '67f95deb-e5ba-482c-9b62-93182651bb13'),
 ('29', '1', 'Transportation Matrix', 'transportationMatrix', 'global', '', '0', 'Matrix', '{\"maxBlocks\":null}', '2016-07-19 14:19:05', '2016-07-19 17:45:18', '840061a7-cda2-4cb8-90b4-188f0791cfe2'),
 ('30', NULL, 'Train Image', 'trainImage', 'matrixBlockType:5', '', '0', 'Assets', '{\"useSingleFolder\":\"\",\"sources\":[\"folder:3\"],\"defaultUploadLocationSource\":\"3\",\"defaultUploadLocationSubpath\":\"\",\"singleUploadLocationSource\":\"1\",\"singleUploadLocationSubpath\":\"\",\"restrictFiles\":\"\",\"limit\":\"\",\"viewMode\":\"large\",\"selectionLabel\":\"Add an Image\"}', '2016-07-19 14:19:05', '2016-07-19 17:45:18', 'd2453fbb-6bff-4f27-a088-a1b7b464ac76'),
 ('31', NULL, 'Train Description', 'trainDescription', 'matrixBlockType:5', '', '0', 'RichText', '{\"configFile\":\"\",\"availableAssetSources\":[\"3\"],\"availableTransforms\":\"*\",\"cleanupHtml\":\"1\",\"purifyHtml\":\"1\",\"columnType\":\"text\"}', '2016-07-19 14:25:14', '2016-07-19 17:45:18', '51bce77b-aa5a-4d2a-9285-013360f8e595'),
 ('32', '7', 'Location Category', 'locationCategory', 'global', '', '0', 'Categories', '{\"source\":\"group:5\",\"limit\":\"\",\"selectionLabel\":\"\"}', '2016-07-19 14:37:39', '2016-07-19 14:37:39', '423c85a0-d906-448a-9b09-9fe1301aa675'),
 ('33', '8', 'Working Here', 'workingHere', 'global', '', '0', 'RichText', '{\"configFile\":\"\",\"availableAssetSources\":\"*\",\"availableTransforms\":\"*\",\"cleanupHtml\":\"1\",\"purifyHtml\":\"1\",\"columnType\":\"text\"}', '2016-07-19 19:42:47', '2016-07-19 19:50:39', '0d043518-9013-4b73-a1ce-0be84a98f880'),
 ('34', '8', 'Values', 'values', 'global', '', '0', 'RichText', '{\"configFile\":\"\",\"availableAssetSources\":\"*\",\"availableTransforms\":\"*\",\"cleanupHtml\":\"1\",\"purifyHtml\":\"1\",\"columnType\":\"text\"}', '2016-07-19 19:43:01', '2016-07-19 19:50:32', '4e7e1327-edee-4648-964f-c5b6c449c7a7'),
 ('35', '8', 'Benefits', 'benefits', 'global', '', '0', 'RichText', '{\"configFile\":\"\",\"availableAssetSources\":\"*\",\"availableTransforms\":\"*\",\"cleanupHtml\":\"1\",\"purifyHtml\":\"1\",\"columnType\":\"text\"}', '2016-07-19 19:43:13', '2016-07-19 19:50:23', 'e19516b0-66e5-4f98-8621-43ba51260178'),
 ('36', '8', 'Overview', 'overview', 'global', '', '0', 'RichText', '{\"configFile\":\"\",\"availableAssetSources\":\"*\",\"availableTransforms\":\"*\",\"cleanupHtml\":\"1\",\"purifyHtml\":\"1\",\"columnType\":\"text\"}', '2016-07-19 20:40:45', '2016-07-19 20:40:45', 'c969b172-61e6-44ba-bdd6-3bf21fa0c21c'),
 ('37', '8', 'Responsiblity', 'responsiblity', 'global', '', '0', 'RichText', '{\"configFile\":\"\",\"availableAssetSources\":\"*\",\"availableTransforms\":\"*\",\"cleanupHtml\":\"1\",\"purifyHtml\":\"1\",\"columnType\":\"text\"}', '2016-07-19 20:41:07', '2016-07-19 20:41:07', 'd526a425-c13b-4913-85b2-659afd248b0d'),
 ('38', '8', 'Qualification', 'qualification', 'global', '', '0', 'RichText', '{\"configFile\":\"\",\"availableAssetSources\":\"*\",\"availableTransforms\":\"*\",\"cleanupHtml\":\"1\",\"purifyHtml\":\"1\",\"columnType\":\"text\"}', '2016-07-19 20:41:30', '2016-07-19 20:41:30', '4618ccbd-3c6f-4f67-9f05-adc71ddadbf0'),
 ('39', '8', 'Career Category', 'careerCategory', 'global', '', '0', 'Categories', '{\"source\":\"group:6\",\"limit\":\"\",\"selectionLabel\":\"\"}', '2016-07-19 20:45:03', '2016-07-19 20:45:03', '8d2a00a5-0947-474f-8fc9-0a427de9eb5c'),
 ('40', '9', 'Related Locations', 'relatedLocations', 'global', '', '0', 'Entries', '{\"sources\":[\"section:10\"],\"limit\":\"\",\"selectionLabel\":\"Add a Location\"}', '2016-07-20 15:22:13', '2016-07-20 15:22:13', '70c40f35-0fab-4eaa-8b3e-c6eb76e56602'),
 ('41', '9', 'Image', 'image', 'global', '', '0', 'Assets', '{\"useSingleFolder\":\"\",\"sources\":[\"folder:4\"],\"defaultUploadLocationSource\":\"4\",\"defaultUploadLocationSubpath\":\"\",\"singleUploadLocationSource\":\"1\",\"singleUploadLocationSubpath\":\"\",\"restrictFiles\":\"\",\"limit\":\"\",\"viewMode\":\"large\",\"selectionLabel\":\"Add an Image\"}', '2016-07-20 15:35:21', '2016-07-20 15:35:21', '751b19fa-5d20-4f06-ac62-7e2cb09140c8');



DROP TABLE IF EXISTS `craft_globalsets`;


--
-- Schema for table `craft_globalsets`
--
CREATE TABLE `craft_globalsets` (
  `id` int(11) NOT NULL,
  `name` varchar(255) COLLATE utf8_unicode_ci NOT NULL,
  `handle` varchar(255) COLLATE utf8_unicode_ci NOT NULL,
  `fieldLayoutId` int(10) DEFAULT NULL,
  `dateCreated` datetime NOT NULL,
  `dateUpdated` datetime NOT NULL,
  `uid` char(36) COLLATE utf8_unicode_ci NOT NULL DEFAULT '0',
  PRIMARY KEY (`id`),
  UNIQUE KEY `craft_globalsets_name_unq_idx` (`name`),
  UNIQUE KEY `craft_globalsets_handle_unq_idx` (`handle`),
  KEY `craft_globalsets_fieldLayoutId_fk` (`fieldLayoutId`)
) ENGINE=InnoDB DEFAULT CHARSET=utf8 COLLATE=utf8_unicode_ci;

--
-- Data for table `craft_globalsets`
--

INSERT INTO `craft_globalsets` (`id`, `name`, `handle`, `fieldLayoutId`, `dateCreated`, `dateUpdated`, `uid`) VALUES
 ('70', 'Featured Events', 'featuredEvents', '83', '2016-07-13 18:35:43', '2016-07-13 19:13:06', '1dc0c72a-6d20-42fa-aeb7-1e6c30759399'),
 ('71', 'Footer', 'footer', '124', '2016-07-18 22:37:14', '2016-07-19 21:48:12', 'ab9b94f7-ef92-4b57-b56c-3d751dee6eb0');



DROP TABLE IF EXISTS `craft_info`;


--
-- Schema for table `craft_info`
--
CREATE TABLE `craft_info` (
  `id` int(11) NOT NULL AUTO_INCREMENT,
  `version` varchar(15) COLLATE utf8_unicode_ci NOT NULL,
  `build` int(11) unsigned NOT NULL,
  `schemaVersion` varchar(15) COLLATE utf8_unicode_ci NOT NULL,
  `releaseDate` datetime NOT NULL,
  `edition` tinyint(1) unsigned NOT NULL DEFAULT '0',
  `siteName` varchar(100) COLLATE utf8_unicode_ci NOT NULL,
  `siteUrl` varchar(255) COLLATE utf8_unicode_ci NOT NULL,
  `timezone` varchar(30) COLLATE utf8_unicode_ci DEFAULT NULL,
  `on` tinyint(1) unsigned NOT NULL DEFAULT '0',
  `maintenance` tinyint(1) unsigned NOT NULL DEFAULT '0',
  `track` varchar(40) COLLATE utf8_unicode_ci NOT NULL,
  `dateCreated` datetime NOT NULL,
  `dateUpdated` datetime NOT NULL,
  `uid` char(36) COLLATE utf8_unicode_ci NOT NULL DEFAULT '0',
  PRIMARY KEY (`id`)
) ENGINE=InnoDB AUTO_INCREMENT=2 DEFAULT CHARSET=utf8 COLLATE=utf8_unicode_ci;

--
-- Data for table `craft_info`
--

INSERT INTO `craft_info` (`id`, `version`, `build`, `schemaVersion`, `releaseDate`, `edition`, `siteName`, `siteUrl`, `timezone`, `on`, `maintenance`, `track`, `dateCreated`, `dateUpdated`, `uid`) VALUES
 ('1', '2.6', '2796', '2.6.5', '2016-07-10 21:13:17', '0', 'Housingworks', 'http://housingworks.dev', 'UTC', '1', '0', 'stable', '2016-07-11 16:21:50', '2016-07-11 16:21:50', '0fe4c8c0-8148-441a-abb8-3449500959fc');



DROP TABLE IF EXISTS `craft_locales`;


--
-- Schema for table `craft_locales`
--
CREATE TABLE `craft_locales` (
  `locale` char(12) COLLATE utf8_unicode_ci NOT NULL,
  `sortOrder` smallint(6) unsigned DEFAULT NULL,
  `dateCreated` datetime NOT NULL,
  `dateUpdated` datetime NOT NULL,
  `uid` char(36) COLLATE utf8_unicode_ci NOT NULL DEFAULT '0',
  PRIMARY KEY (`locale`),
  KEY `craft_locales_sortOrder_idx` (`sortOrder`)
) ENGINE=InnoDB DEFAULT CHARSET=utf8 COLLATE=utf8_unicode_ci;

--
-- Data for table `craft_locales`
--

INSERT INTO `craft_locales` (`locale`, `sortOrder`, `dateCreated`, `dateUpdated`, `uid`) VALUES
 ('en_us', '1', '2016-07-11 16:21:50', '2016-07-11 16:21:50', 'f2b50978-e9f0-429b-91fe-5942f42824b6');



DROP TABLE IF EXISTS `craft_matrixblocks`;


--
-- Schema for table `craft_matrixblocks`
--
CREATE TABLE `craft_matrixblocks` (
  `id` int(11) NOT NULL,
  `ownerId` int(11) NOT NULL,
  `fieldId` int(11) NOT NULL,
  `typeId` int(11) DEFAULT NULL,
  `sortOrder` smallint(6) unsigned DEFAULT NULL,
  `ownerLocale` char(12) COLLATE utf8_unicode_ci DEFAULT NULL,
  `dateCreated` datetime NOT NULL,
  `dateUpdated` datetime NOT NULL,
  `uid` char(36) COLLATE utf8_unicode_ci NOT NULL DEFAULT '0',
  PRIMARY KEY (`id`),
  KEY `craft_matrixblocks_ownerId_idx` (`ownerId`),
  KEY `craft_matrixblocks_fieldId_idx` (`fieldId`),
  KEY `craft_matrixblocks_typeId_idx` (`typeId`),
  KEY `craft_matrixblocks_sortOrder_idx` (`sortOrder`),
  KEY `craft_matrixblocks_ownerLocale_fk` (`ownerLocale`)
) ENGINE=InnoDB DEFAULT CHARSET=utf8 COLLATE=utf8_unicode_ci;

--
-- Data for table `craft_matrixblocks`
--

INSERT INTO `craft_matrixblocks` (`id`, `ownerId`, `fieldId`, `typeId`, `sortOrder`, `ownerLocale`, `dateCreated`, `dateUpdated`, `uid`) VALUES
 ('7', '5', '4', '1', '1', NULL, '2016-07-11 17:16:59', '2016-07-18 19:38:42', '9c586858-7132-467c-ae5a-cf504b030856'),
 ('8', '5', '4', '2', '2', NULL, '2016-07-11 17:16:59', '2016-07-18 19:38:42', 'fbb69ff1-ea01-48cd-a326-5bc4038aec77'),
 ('9', '5', '4', '3', '3', NULL, '2016-07-11 17:16:59', '2016-07-18 19:38:42', '6a1419f4-7cf0-4d89-bdc2-5e987aabd35e'),
 ('19', '18', '4', '2', '1', NULL, '2016-07-11 20:12:44', '2016-07-11 21:54:15', '3409020c-6ded-491f-94cd-3bcf66037a72'),
 ('20', '18', '4', '1', '2', NULL, '2016-07-11 20:12:44', '2016-07-11 21:54:15', '0e16d957-39d4-4c25-91a6-397c28c226bc'),
 ('99', '98', '29', '5', '1', NULL, '2016-07-19 14:43:50', '2016-07-19 14:58:45', '19399bda-e9e6-4877-a584-d871cabd7687'),
 ('101', '100', '29', '5', '1', NULL, '2016-07-19 14:43:50', '2016-07-20 14:53:13', '1f56d5ff-c510-46ed-811f-4567ab4c6e95'),
 ('103', '102', '29', '5', '1', NULL, '2016-07-19 14:50:28', '2016-07-20 17:09:10', '2f83e0d7-10ba-4790-860d-0a8e7555c4a6'),
 ('105', '104', '29', '5', '1', NULL, '2016-07-19 14:56:05', '2016-07-19 14:56:05', '2c37befc-7913-4852-a4e1-ca8a912fef58'),
 ('107', '106', '29', '5', '1', NULL, '2016-07-19 15:02:25', '2016-07-20 18:49:22', '0eab6270-b64b-48f4-9fe9-77fe20017ac4'),
 ('134', '133', '29', '5', '1', NULL, '2016-07-20 19:01:05', '2016-07-20 19:01:05', '5b4f3696-4c4b-4fc5-bd06-f1c80e6b9422'),
 ('136', '135', '29', '5', '1', NULL, '2016-07-20 19:04:40', '2016-07-20 19:04:40', '6d9b9614-ee49-4686-8b9a-2f0625d625c0'),
 ('139', '138', '29', '5', '1', NULL, '2016-07-20 19:17:48', '2016-07-20 19:17:48', 'aa55fc78-87af-4d87-90b9-2be12680942b'),
 ('141', '22', '4', '1', '2', NULL, '2016-07-25 19:07:14', '2016-07-25 19:49:32', '5de6108e-0451-4585-9a99-382744055c92'),
 ('142', '25', '4', '2', '1', NULL, '2016-07-25 19:10:51', '2016-07-25 20:09:55', '77c309db-05c0-4254-802f-a825bf2db3af'),
 ('144', '25', '4', '3', '2', NULL, '2016-07-25 19:22:05', '2016-07-25 20:09:55', '79997d99-0ab1-46e4-b785-c90562352fa8'),
 ('145', '25', '4', '1', '3', NULL, '2016-07-25 19:31:00', '2016-07-25 20:09:55', '9cb878ca-2331-4f3d-a403-cb5362c28df7'),
 ('146', '22', '4', '3', '1', NULL, '2016-07-25 19:33:12', '2016-07-25 19:49:32', 'b11c2c1d-466c-41f0-9000-2d74a422bcea'),
 ('147', '22', '4', '3', '3', NULL, '2016-07-25 19:49:32', '2016-07-25 19:49:32', '1ae3a41d-a574-45c0-9f82-2dfb5c18fa72'),
 ('149', '148', '19', '4', '1', NULL, '2016-07-26 14:16:20', '2016-07-26 14:24:21', '7e3de1b4-b47a-4b95-8f0f-0bbc7d6eec58');



DROP TABLE IF EXISTS `craft_matrixblocktypes`;


--
-- Schema for table `craft_matrixblocktypes`
--
CREATE TABLE `craft_matrixblocktypes` (
  `id` int(11) NOT NULL AUTO_INCREMENT,
  `fieldId` int(11) NOT NULL,
  `fieldLayoutId` int(11) DEFAULT NULL,
  `name` varchar(255) COLLATE utf8_unicode_ci NOT NULL,
  `handle` varchar(255) COLLATE utf8_unicode_ci NOT NULL,
  `sortOrder` smallint(6) unsigned DEFAULT NULL,
  `dateCreated` datetime NOT NULL,
  `dateUpdated` datetime NOT NULL,
  `uid` char(36) COLLATE utf8_unicode_ci NOT NULL DEFAULT '0',
  PRIMARY KEY (`id`),
  UNIQUE KEY `craft_matrixblocktypes_name_fieldId_unq_idx` (`name`,`fieldId`),
  UNIQUE KEY `craft_matrixblocktypes_handle_fieldId_unq_idx` (`handle`,`fieldId`),
  KEY `craft_matrixblocktypes_fieldId_fk` (`fieldId`),
  KEY `craft_matrixblocktypes_fieldLayoutId_fk` (`fieldLayoutId`)
) ENGINE=InnoDB AUTO_INCREMENT=6 DEFAULT CHARSET=utf8 COLLATE=utf8_unicode_ci;

--
-- Data for table `craft_matrixblocktypes`
--

INSERT INTO `craft_matrixblocktypes` (`id`, `fieldId`, `fieldLayoutId`, `name`, `handle`, `sortOrder`, `dateCreated`, `dateUpdated`, `uid`) VALUES
 ('1', '4', '140', 'Single Image', 'singleImage', '1', '2016-07-11 17:08:21', '2016-07-25 19:24:45', '8f0360b2-62aa-46f5-add4-2057d081e165'),
 ('2', '4', '141', 'Text', 'text', '2', '2016-07-11 17:10:41', '2016-07-25 19:24:45', '6f71ae65-870c-4796-9f19-c5471ba1a147'),
 ('3', '4', '142', 'Slide Show', 'slideShow', '3', '2016-07-11 17:13:06', '2016-07-25 19:24:45', '3efb112a-3ea6-4d7b-ac61-85bcedbab353'),
 ('4', '19', '136', 'board', 'board', '1', '2016-07-12 21:39:35', '2016-07-25 18:47:59', 'b51cce4c-833c-478c-80f1-6afe53682c82'),
 ('5', '29', '112', 'Subway Train', 'subwayTrain', '1', '2016-07-19 14:19:05', '2016-07-19 17:45:18', 'a30030d2-3efa-4301-bf06-3c7d803789a7');



DROP TABLE IF EXISTS `craft_matrixcontent_boardmatrix`;


--
-- Schema for table `craft_matrixcontent_boardmatrix`
--
CREATE TABLE `craft_matrixcontent_boardmatrix` (
  `id` int(11) NOT NULL AUTO_INCREMENT,
  `elementId` int(11) NOT NULL,
  `locale` char(12) COLLATE utf8_unicode_ci NOT NULL,
  `field_board_boardName` text COLLATE utf8_unicode_ci,
  `field_board_boardMembers` text COLLATE utf8_unicode_ci,
  `field_board_body` text COLLATE utf8_unicode_ci,
  `dateCreated` datetime NOT NULL,
  `dateUpdated` datetime NOT NULL,
  `uid` char(36) COLLATE utf8_unicode_ci NOT NULL DEFAULT '0',
  PRIMARY KEY (`id`),
  UNIQUE KEY `craft_matrixcontent_boardmatrix_elementId_locale_unq_idx` (`elementId`,`locale`),
  KEY `craft_matrixcontent_boardmatrix_locale_fk` (`locale`)
) ENGINE=InnoDB AUTO_INCREMENT=3 DEFAULT CHARSET=utf8 COLLATE=utf8_unicode_ci;

--
-- Data for table `craft_matrixcontent_boardmatrix`
--

INSERT INTO `craft_matrixcontent_boardmatrix` (`id`, `elementId`, `locale`, `field_board_boardName`, `field_board_boardMembers`, `field_board_body`, `dateCreated`, `dateUpdated`, `uid`) VALUES
 ('2', '149', 'en_us', 'Directors', '[{\"col1\":\"Ear\'l\",\"col2\":\" Ward, Esq. \",\"col3\":\"Chair\",\"col4\":\"Partner\",\"col5\":\"Emery Celli Brinckerhoff & Abady LLP\"},{\"col1\":\"Eric \",\"col2\":\"Bartley\",\"col3\":\"Secretary \",\"col4\":\"Constituent Representative\",\"col5\":\"Housing Works, Inc.\"},{\"col1\":\"Richard C\",\"col2\":\"Biletta\",\"col3\":\"Treasurer\",\"col4\":\"Treasurer\",\"col5\":\"The Mack Company\"},{\"col1\":\"Brian \",\"col2\":\"Bier\",\"col3\":\"Executive\",\"col4\":\"Partner\",\"col5\":\"Familiar-Studios\"},{\"col1\":\"Angela\",\"col2\":\"Flaquer\",\"col3\":\"Director\",\"col4\":\"Owner\",\"col5\":\"Footlocker Inc.\"}]', '<p>Housing Works, Inc. is the oversight board of 14 subsidiary nonprofit organizations, each incorporated as its own entity for programmatic accountability and financial liability purposes. All subsidiary boards regularly report to Housing Works, Inc. on all policy and fiscal matters. All subsidiary organizations support the mission of Housing Works to fight the twin crises ofAIDSand homelessness through programs and funding.</p>', '2016-07-26 14:16:20', '2016-07-26 14:24:21', '1f80388a-9bff-499e-8c7e-7c9bbe9cb4f9');



DROP TABLE IF EXISTS `craft_matrixcontent_matrix`;


--
-- Schema for table `craft_matrixcontent_matrix`
--
CREATE TABLE `craft_matrixcontent_matrix` (
  `id` int(11) NOT NULL AUTO_INCREMENT,
  `elementId` int(11) NOT NULL,
  `locale` char(12) COLLATE utf8_unicode_ci NOT NULL,
  `field_text_text` text COLLATE utf8_unicode_ci,
  `dateCreated` datetime NOT NULL,
  `dateUpdated` datetime NOT NULL,
  `uid` char(36) COLLATE utf8_unicode_ci NOT NULL DEFAULT '0',
  PRIMARY KEY (`id`),
  UNIQUE KEY `craft_matrixcontent_matrix_elementId_locale_unq_idx` (`elementId`,`locale`),
  KEY `craft_matrixcontent_matrix_locale_fk` (`locale`)
) ENGINE=InnoDB AUTO_INCREMENT=13 DEFAULT CHARSET=utf8 COLLATE=utf8_unicode_ci;

--
-- Data for table `craft_matrixcontent_matrix`
--

INSERT INTO `craft_matrixcontent_matrix` (`id`, `elementId`, `locale`, `field_text_text`, `dateCreated`, `dateUpdated`, `uid`) VALUES
 ('1', '7', 'en_us', NULL, '2016-07-11 17:16:59', '2016-07-18 19:38:42', '75c91eaa-3c44-4942-ab88-9097529fbbb9'),
 ('2', '8', 'en_us', '<p>The evening rally and march were peaceful and non-violent, but very disruptive, as we marched from the rally location in Union Square, into traffic up Fifth Avenue, through Herald Square and across 34th Street and eventually ending in Times Square. We stopped traffic all along the way, and once we reached and overtook Times Square, we were successful in staging a huge sit-in beforeNYPDswooped in and began making arrests.</p>', '2016-07-11 17:16:59', '2016-07-18 19:38:42', 'ddf35a97-bca2-4cf0-8e05-4f68d5cf96ef'),
 ('3', '9', 'en_us', NULL, '2016-07-11 17:16:59', '2016-07-18 19:38:42', 'e727e7a1-c0b8-4a65-9686-0c476e1afe7d'),
 ('4', '19', 'en_us', '<p><strong>NYC&amp;NYSADVOCACYOVERVIEW</strong></p>\n\n<p>Housing Works has dedicated itself to advocating on behalf of the 154,000 New Yorkers living withHIV/AIDS. Weve done so primarily by maintaining a robust presence in both New York City and in Albany. Our advocacy efforts help ensure that New York provides housing and related supportive services to low-income and homeless New Yorkers living withHIV/AIDS. When the state legislature is in session, our clients and staff visit weekly with state leaders on a range of issues, from the equitable application of statewideAIDShousing subsidies to equal rights for transgender New Yorkers to condom access. At the city level, we closely track theHIV/AIDS Services Administration (HASA), the city agency charged with overseeing subsidies for poor New Yorkers withAIDS, and we push for improvements ofHASAservices. Every year, we doggedly lobby the mayor and city council to make the best funding decisions aroundHIVprevention and care, especially for those at risk: drug users, transgender people, people of color, the poor, the homeless, and those with mental illnesses. Sometimes our lobbying takes the form of<a href=\"http://www.housingworks.org/advocate/detail/ny-lgbt-community-out-in-full-force-for-equality-justice-day/\">rallies</a>,<a href=\"http://www.housingworks.org/advocate/detail/video-of-nyc-nigerian-consulate-rally-call-to-support-housing-works-asylee/\">protests</a>, and<a href=\"http://www.housingworks.org/advocate/detail/thousands-swarm-nyc-streets-to-call-for-robin-hood-tax.-so-what-next\">creative civil disobedience actions</a>.</p>\n\n\n\n\n\n\n\n<p><strong>Governors Commitment to State Plan to End the Epidemic</strong></p>\n\n\n\n\n\n<p>In June 2013, a coalition of over 30 New York organizations, among themLGBTandAIDSadvocacy and service-provider groups, asked Governor Andrew Cuomo to revitalize and strengthen theAIDSInstitute, and in January 2014, we called upon the Governor again to publicly declare a plan to endAIDSin New York and to appoint a high-level Task Force to develop the strategic roadmap and plan to get us there.</p>\n\n\n\n\n\n<p>On June 29, 2014, coinciding withNYCGay Pride, New York Governor Andrew Cuomo made history by committing New York State to endingAIDSas an epidemic by the year 2020. (Click###a href=\"<a href=\"https://www.governor.ny.gov/press/06292014-end-aids-epidemic\">here\" class=\"redactor-linkify-object\"&gt;https://www.governor.ny.gov/pr...</a>to see the full press release issued by the Governors office.) With this announcement, New York, the epicenter of the nationsHIVepidemic since the beginning, is the first jurisdiction anywhere in the world to launch an effort to end ourAIDSepidemic, even without a cure, by stopping deaths fromHIVdisease and eliminating newHIVinfections.</p>', '2016-07-11 20:12:44', '2016-07-11 21:54:15', '8b02c916-7d99-475b-ba1b-e7aa7b181acb'),
 ('5', '20', 'en_us', NULL, '2016-07-11 20:12:44', '2016-07-11 21:54:15', 'f82e6f79-fd94-4e72-93f7-265a2bf895f1'),
 ('6', '141', 'en_us', NULL, '2016-07-25 19:07:14', '2016-07-25 19:49:32', '5b552381-7258-44e5-9d1b-feb997868fd9'),
 ('7', '142', 'en_us', '<p>Quinoa pork belly next level disrupt authentic, four dollar toast craft beer artisan bespoke. Kale chips hella lo-fi, yr tote bag sustainable celiac before they sold out austin gastropub blue bottle forage crucifix. Lumbersexual retro portland, readymade tote bag tacos trust fund mumblecore man bun roof party meditation blog tofu lo-fi. Ethical shoreditch roof party authentic, meggings church-key lomo disrupt fap austin health goth you probably haven\'t heard of them hoodie wolf chartreuse. Jean shorts umami disrupt 8-bit four dollar toast, shoreditch fashion axe skateboard taxidermy fanny pack. Wayfarers truffaut asymmetrical heirloom post-ironic. Fap fixie selfies vice, skateboard thundercats pinterest hammock PBR&amp;B.</p>', '2016-07-25 19:10:51', '2016-07-25 20:09:55', '29d78142-9169-4b21-9832-9b972dc6baac'),
 ('9', '144', 'en_us', NULL, '2016-07-25 19:22:05', '2016-07-25 20:09:55', '82fe65cc-1414-483b-b5fc-73fb4ec2ccee'),
 ('10', '145', 'en_us', NULL, '2016-07-25 19:31:00', '2016-07-25 20:09:55', '7d0df913-f542-48dc-8156-358b1a89d366'),
 ('11', '146', 'en_us', NULL, '2016-07-25 19:33:12', '2016-07-25 19:49:32', 'bd71ee26-0299-4bd0-9aa6-22743a33b619'),
 ('12', '147', 'en_us', NULL, '2016-07-25 19:49:32', '2016-07-25 19:49:32', '2c23604d-75bf-40d7-80bd-b56f9cdf00ef');



DROP TABLE IF EXISTS `craft_matrixcontent_transportationmatrix`;


--
-- Schema for table `craft_matrixcontent_transportationmatrix`
--
CREATE TABLE `craft_matrixcontent_transportationmatrix` (
  `id` int(11) NOT NULL AUTO_INCREMENT,
  `elementId` int(11) NOT NULL,
  `locale` char(12) COLLATE utf8_unicode_ci NOT NULL,
  `field_subwayTrain_trainDescription` text COLLATE utf8_unicode_ci,
  `dateCreated` datetime NOT NULL,
  `dateUpdated` datetime NOT NULL,
  `uid` char(36) COLLATE utf8_unicode_ci NOT NULL DEFAULT '0',
  PRIMARY KEY (`id`),
  UNIQUE KEY `craft_matrixcontent_transportationmatrix_elementId_locale_unq_id` (`elementId`,`locale`),
  KEY `craft_matrixcontent_transportationmatrix_locale_idx` (`locale`)
) ENGINE=InnoDB AUTO_INCREMENT=9 DEFAULT CHARSET=utf8 COLLATE=utf8_unicode_ci;

--
-- Data for table `craft_matrixcontent_transportationmatrix`
--

INSERT INTO `craft_matrixcontent_transportationmatrix` (`id`, `elementId`, `locale`, `field_subwayTrain_trainDescription`, `dateCreated`, `dateUpdated`, `uid`) VALUES
 ('1', '99', 'en_us', '<p>to 931 Hwy 80 W.,then the 14D Bus to 10th St and Avenue D</p>', '2016-07-19 14:43:50', '2016-07-19 14:58:45', 'e3933a7e-1354-4a83-b520-bce1b3e52bd4'),
 ('2', '101', 'en_us', '<p>To 126 Crosby Street,then the 14D Bus to 10th St and Avenue D</p>', '2016-07-19 14:43:50', '2016-07-20 14:53:13', '315771c5-08cf-427e-b5d5-63ef4dd2bba0'),
 ('3', '103', 'en_us', '<p>To2569 Broadway Then Take the 27 Bus North Bound.</p>', '2016-07-19 14:50:28', '2016-07-20 17:09:10', '561699c4-16bc-48d0-8afb-99b614380b57'),
 ('4', '105', 'en_us', '<p><br />Walk to1255 Rev. James Polite Ave., Bronx, NY 10459</p>', '2016-07-19 14:56:05', '2016-07-19 14:56:05', '66805dae-765d-4a49-92d4-c1d1c892df2f'),
 ('5', '107', 'en_us', '<p>Take the D,2,3train to159 28th St</p>', '2016-07-19 15:02:25', '2016-07-20 18:49:22', '098b93d7-c0de-407f-823a-15b8ca98c8d3'),
 ('6', '134', 'en_us', '<p>Take thetrain</p>', '2016-07-20 19:01:05', '2016-07-20 19:01:05', '2fbf1ec7-5ff4-443a-8eab-3599509175dd'),
 ('7', '136', 'en_us', '<p>Take the Train</p>', '2016-07-20 19:04:40', '2016-07-20 19:04:40', '5d198f69-75e6-41bf-9ab5-2fe5f972b2c5'),
 ('8', '139', 'en_us', '<p>Take the Train</p>', '2016-07-20 19:17:48', '2016-07-20 19:17:48', '58a9ba20-df1f-40a2-9bb3-a56577c6cc9d');



DROP TABLE IF EXISTS `craft_migrations`;


--
-- Schema for table `craft_migrations`
--
CREATE TABLE `craft_migrations` (
  `id` int(11) NOT NULL AUTO_INCREMENT,
  `pluginId` int(11) DEFAULT NULL,
  `version` varchar(255) COLLATE utf8_unicode_ci NOT NULL,
  `applyTime` datetime NOT NULL,
  `dateCreated` datetime NOT NULL,
  `dateUpdated` datetime NOT NULL,
  `uid` char(36) COLLATE utf8_unicode_ci NOT NULL DEFAULT '0',
  PRIMARY KEY (`id`),
  UNIQUE KEY `craft_migrations_version_unq_idx` (`version`),
  KEY `craft_migrations_pluginId_fk` (`pluginId`)
) ENGINE=InnoDB AUTO_INCREMENT=86 DEFAULT CHARSET=utf8 COLLATE=utf8_unicode_ci;

--
-- Data for table `craft_migrations`
--

INSERT INTO `craft_migrations` (`id`, `pluginId`, `version`, `applyTime`, `dateCreated`, `dateUpdated`, `uid`) VALUES
 ('1', NULL, 'm000000_000000_base', '2016-07-11 16:21:50', '2016-07-11 16:21:50', '2016-07-11 16:21:50', '84cedec6-841b-4e1b-97a3-ad8668d49391'),
 ('2', NULL, 'm140730_000001_add_filename_and_format_to_transformindex', '2016-07-11 16:21:50', '2016-07-11 16:21:50', '2016-07-11 16:21:50', '44233fe7-9aee-4572-b726-108470cc8cd5'),
 ('3', NULL, 'm140815_000001_add_format_to_transforms', '2016-07-11 16:21:50', '2016-07-11 16:21:50', '2016-07-11 16:21:50', 'f8d7fce1-db3a-43c0-8689-c85d3fb43b78'),
 ('4', NULL, 'm140822_000001_allow_more_than_128_items_per_field', '2016-07-11 16:21:50', '2016-07-11 16:21:50', '2016-07-11 16:21:50', '71fbeab5-66f4-454f-b0c6-7012d76f0b76'),
 ('5', NULL, 'm140829_000001_single_title_formats', '2016-07-11 16:21:50', '2016-07-11 16:21:50', '2016-07-11 16:21:50', '0357cc41-ec43-4abb-bf17-3c38edc8d5ef'),
 ('6', NULL, 'm140831_000001_extended_cache_keys', '2016-07-11 16:21:50', '2016-07-11 16:21:50', '2016-07-11 16:21:50', '3605a533-8220-492d-8f3d-f690fc30f233'),
 ('7', NULL, 'm140922_000001_delete_orphaned_matrix_blocks', '2016-07-11 16:21:50', '2016-07-11 16:21:50', '2016-07-11 16:21:50', '93fd7ee6-6041-417b-bf0d-04874488abd6'),
 ('8', NULL, 'm141008_000001_elements_index_tune', '2016-07-11 16:21:50', '2016-07-11 16:21:50', '2016-07-11 16:21:50', '07f8f432-5bb4-4e5d-b990-feac3dd1549d'),
 ('9', NULL, 'm141009_000001_assets_source_handle', '2016-07-11 16:21:50', '2016-07-11 16:21:50', '2016-07-11 16:21:50', '7f18494c-3758-41db-adad-38db019d15ab'),
 ('10', NULL, 'm141024_000001_field_layout_tabs', '2016-07-11 16:21:50', '2016-07-11 16:21:50', '2016-07-11 16:21:50', '38c9ea8b-f1e8-4a03-a6c3-1a7fcc9ee496'),
 ('11', NULL, 'm141030_000000_plugin_schema_versions', '2016-07-11 16:21:50', '2016-07-11 16:21:50', '2016-07-11 16:21:50', 'bd70a526-278c-424f-aece-af2892a75696'),
 ('12', NULL, 'm141030_000001_drop_structure_move_permission', '2016-07-11 16:21:50', '2016-07-11 16:21:50', '2016-07-11 16:21:50', '4dfe1e1b-0ada-4e3b-99cf-856e7e3a6e2f'),
 ('13', NULL, 'm141103_000001_tag_titles', '2016-07-11 16:21:50', '2016-07-11 16:21:50', '2016-07-11 16:21:50', 'dc108f73-7445-415f-b4af-898d5dff9c84'),
 ('14', NULL, 'm141109_000001_user_status_shuffle', '2016-07-11 16:21:50', '2016-07-11 16:21:50', '2016-07-11 16:21:50', '3a307b11-c392-4031-99ca-4736d69a30d1'),
 ('15', NULL, 'm141126_000001_user_week_start_day', '2016-07-11 16:21:50', '2016-07-11 16:21:50', '2016-07-11 16:21:50', 'a43357dc-75d9-469a-a65b-84d9c6f337e2'),
 ('16', NULL, 'm150210_000001_adjust_user_photo_size', '2016-07-11 16:21:50', '2016-07-11 16:21:50', '2016-07-11 16:21:50', '50c85085-d5bd-45ab-89ef-cf329b02480f'),
 ('17', NULL, 'm150724_000001_adjust_quality_settings', '2016-07-11 16:21:50', '2016-07-11 16:21:50', '2016-07-11 16:21:50', 'f73fb74d-3bbe-4ebc-819d-48392bd66e57'),
 ('18', NULL, 'm150827_000000_element_index_settings', '2016-07-11 16:21:50', '2016-07-11 16:21:50', '2016-07-11 16:21:50', '49a8e471-97fd-40e2-90d4-212f0b9fe740'),
 ('19', NULL, 'm150918_000001_add_colspan_to_widgets', '2016-07-11 16:21:50', '2016-07-11 16:21:50', '2016-07-11 16:21:50', 'f719ed39-3acf-47d6-8f0a-3ea74c0767be'),
 ('20', NULL, 'm151007_000000_clear_asset_caches', '2016-07-11 16:21:50', '2016-07-11 16:21:50', '2016-07-11 16:21:50', 'd05ab4b3-79f2-4362-b9bd-44cbd3f6d145'),
 ('21', NULL, 'm151109_000000_text_url_formats', '2016-07-11 16:21:50', '2016-07-11 16:21:50', '2016-07-11 16:21:50', '3c60cf68-c6bc-4c36-bfe4-fc82d7048b8a'),
 ('22', NULL, 'm151110_000000_move_logo', '2016-07-11 16:21:50', '2016-07-11 16:21:50', '2016-07-11 16:21:50', '7272bfe7-db4a-4e48-9ba8-bed7362f7941'),
 ('23', NULL, 'm151117_000000_adjust_image_widthheight', '2016-07-11 16:21:50', '2016-07-11 16:21:50', '2016-07-11 16:21:50', '5ea2d2ab-562b-4029-8106-d882f254e41f'),
 ('24', NULL, 'm151127_000000_clear_license_key_status', '2016-07-11 16:21:50', '2016-07-11 16:21:50', '2016-07-11 16:21:50', '64b0a997-103d-4ef7-8ea2-f16b1004840b'),
 ('25', NULL, 'm151127_000000_plugin_license_keys', '2016-07-11 16:21:50', '2016-07-11 16:21:50', '2016-07-11 16:21:50', '61ff3d6d-1990-4f80-9ef2-762a39f0900b'),
 ('26', NULL, 'm151130_000000_update_pt_widget_feeds', '2016-07-11 16:21:50', '2016-07-11 16:21:50', '2016-07-11 16:21:50', 'f3436496-fb29-4ca2-b291-53b40d7f278a'),
 ('27', NULL, 'm160114_000000_asset_sources_public_url_default_true', '2016-07-11 16:21:50', '2016-07-11 16:21:50', '2016-07-11 16:21:50', '039e6030-80c8-4188-8e68-3c701f29ba3a'),
 ('28', NULL, 'm160223_000000_sortorder_to_smallint', '2016-07-11 16:21:50', '2016-07-11 16:21:50', '2016-07-11 16:21:50', 'ecd6b9b4-d98c-4fa0-af90-94a717424073'),
 ('29', NULL, 'm160229_000000_set_default_entry_statuses', '2016-07-11 16:21:50', '2016-07-11 16:21:50', '2016-07-11 16:21:50', '51a96f33-4e7b-4768-a73e-090dbe343538'),
 ('30', NULL, 'm160304_000000_client_permissions', '2016-07-11 16:21:50', '2016-07-11 16:21:50', '2016-07-11 16:21:50', '8641301a-99f1-45d9-9060-19309042c446'),
 ('31', NULL, 'm160322_000000_asset_filesize', '2016-07-11 16:21:50', '2016-07-11 16:21:50', '2016-07-11 16:21:50', 'ea81c494-0cfa-4b42-bb94-9600e1436c11'),
 ('32', NULL, 'm160503_000000_orphaned_fieldlayouts', '2016-07-11 16:21:50', '2016-07-11 16:21:50', '2016-07-11 16:21:50', '6e071db8-4c43-43fd-9ba7-54717bc293b1'),
 ('33', NULL, 'm160510_000000_tasksettings', '2016-07-11 16:21:50', '2016-07-11 16:21:50', '2016-07-11 16:21:50', 'f2de992c-0c99-417f-9d5b-c8ec50647161'),
 ('34', '3', 'm130715_191457_oauth_addUserMappingField', '2016-07-12 14:26:15', '2016-07-12 14:26:15', '2016-07-12 14:26:15', '7828c022-5899-4ff8-9674-aed45e61b73e'),
 ('35', '3', 'm130907_140340_oauth_renameOauth_providersProviderClassToClass', '2016-07-12 14:26:15', '2016-07-12 14:26:15', '2016-07-12 14:26:15', '3b541bc1-72da-4943-8c6f-ef9637166194'),
 ('36', '3', 'm130912_153247_oauth_createTokenIndexes', '2016-07-12 14:26:15', '2016-07-12 14:26:15', '2016-07-12 14:26:15', '81b183aa-1ad3-40fa-8cc4-c690c52157c7'),
 ('37', '3', 'm140417_000003_changeTokenUniqueIndexes', '2016-07-12 14:26:15', '2016-07-12 14:26:15', '2016-07-12 14:26:15', 'bebecc1e-795d-42e7-8f75-8b658a13e762'),
 ('38', '3', 'm140623_130304_oauth_new_tokens_table', '2016-07-12 14:26:15', '2016-07-12 14:26:15', '2016-07-12 14:26:15', '344cadb2-c8a8-4780-92f0-5a52eaa49770'),
 ('39', '3', 'm150112_220705_oauth_add_token_columns', '2016-07-12 14:26:15', '2016-07-12 14:26:15', '2016-07-12 14:26:15', '8c1a3d27-bb1d-40e0-87d0-26585fc4ec05'),
 ('40', '3', 'm150311_000001_oauth_remove_old_tokens', '2016-07-12 14:26:15', '2016-07-12 14:26:15', '2016-07-12 14:26:15', 'b75eb704-fc48-4f5c-b61c-14f0fad74878'),
 ('41', '5', 'm160307_180819_picPuller_dataBaseCreation', '2016-07-12 14:26:22', '2016-07-12 14:26:22', '2016-07-12 14:26:22', '9ae62484-51b2-42e1-8c5a-e970152a26f9'),
 ('42', '7', 'm160426_020311_retour_FixIndexes', '2016-07-12 14:26:28', '2016-07-12 14:26:28', '2016-07-12 14:26:28', '236a6fd7-1be7-478a-a5bb-8a776a5f8b9d'),
 ('43', '7', 'm160427_000000_retour_addHandledStats', '2016-07-12 14:26:28', '2016-07-12 14:26:28', '2016-07-12 14:26:28', 'e49aaaa9-34b1-4be0-81e4-7da0568626b2'),
 ('44', '7', 'm160514_000000_retour_convertToElementId', '2016-07-12 14:26:28', '2016-07-12 14:26:28', '2016-07-12 14:26:28', '236d67c9-f6fc-4718-a00e-1154a13c2031'),
 ('45', '7', 'm160704_000000_retour_addReferrerStats', '2016-07-12 14:26:28', '2016-07-12 14:26:28', '2016-07-12 14:26:28', 'cdae2fe1-29fc-421a-91b6-cc8ed0f6638c'),
 ('46', '8', 'm151225_000000_seomatic_addHumansField', '2016-07-12 14:26:40', '2016-07-12 14:26:40', '2016-07-12 14:26:40', '779b8de7-df98-4c5c-887c-134563a525b2'),
 ('47', '8', 'm151226_000000_seomatic_addTwitterFacebookFields', '2016-07-12 14:26:40', '2016-07-12 14:26:40', '2016-07-12 14:26:40', 'ad2327a4-8bb3-4a00-a1a4-6862145df9e8'),
 ('48', '8', 'm160101_000000_seomatic_addRobotsFields', '2016-07-12 14:26:40', '2016-07-12 14:26:40', '2016-07-12 14:26:40', 'f92a34f5-26b9-41ce-a6c6-ed83221480a3'),
 ('49', '8', 'm160111_000000_seomatic_addTitleFields', '2016-07-12 14:26:40', '2016-07-12 14:26:40', '2016-07-12 14:26:40', 'c35093f4-e756-473f-9fcc-76309dd69c5e'),
 ('50', '8', 'm160122_000000_seomatic_addTypeFields', '2016-07-12 14:26:40', '2016-07-12 14:26:40', '2016-07-12 14:26:40', 'ca4f1934-6ad8-4a5f-bfbd-0a7fa6ad8d68'),
 ('51', '8', 'm160123_000000_seomatic_addOpeningHours', '2016-07-12 14:26:40', '2016-07-12 14:26:40', '2016-07-12 14:26:40', '71ee3dd0-2cea-4889-9a0d-bff459528d59'),
 ('52', '8', 'm160202_000000_seomatic_addSocialHandles', '2016-07-12 14:26:40', '2016-07-12 14:26:40', '2016-07-12 14:26:40', 'c28122e0-d059-4f1b-bf16-8df22e5ef18b'),
 ('53', '8', 'm160204_000000_seomatic_addGoogleAnalytics', '2016-07-12 14:26:40', '2016-07-12 14:26:41', '2016-07-12 14:26:41', '9a788728-19e3-44fc-9e9c-4d08ff0b7e97'),
 ('54', '8', 'm160205_000000_seomatic_addResturantMenu', '2016-07-12 14:26:40', '2016-07-12 14:26:41', '2016-07-12 14:26:41', '54fe40c9-12cc-4e31-b72b-15d6a38f625c'),
 ('55', '8', 'm160206_000000_seomatic_addGoogleAnalyticsPlugins', '2016-07-12 14:26:40', '2016-07-12 14:26:41', '2016-07-12 14:26:41', '4cf8590b-6fe2-48a8-a01f-29104b220fee'),
 ('56', '8', 'm160206_000000_seomatic_addGoogleAnalyticsSendPageView', '2016-07-12 14:26:40', '2016-07-12 14:26:41', '2016-07-12 14:26:41', '6eee55a1-4782-40fa-99e7-6c47bca7b462'),
 ('57', '8', 'm160209_000000_seomatic_alterDescriptionsColumns', '2016-07-12 14:26:40', '2016-07-12 14:26:41', '2016-07-12 14:26:41', 'f7a6e001-84a7-4041-a68b-a2455d29cd60'),
 ('58', '8', 'm160209_000001_seomatic_addRobotsTxt', '2016-07-12 14:26:40', '2016-07-12 14:26:41', '2016-07-12 14:26:41', 'cb7efe25-9f24-4323-aa84-5344d28545c6'),
 ('59', '8', 'm160227_000000_seomatic_addFacebookAppId', '2016-07-12 14:26:40', '2016-07-12 14:26:41', '2016-07-12 14:26:41', 'c2475b03-be60-4fe6-ba45-42a8180ae779'),
 ('60', '8', 'm160416_000000_seomatic_addContactPoints', '2016-07-12 14:26:40', '2016-07-12 14:26:41', '2016-07-12 14:26:41', '6eda8673-d871-4882-a92c-3362a50ddbfb'),
 ('61', '8', 'm160509_000000_seomatic_addSiteLinksBing', '2016-07-12 14:26:40', '2016-07-12 14:26:41', '2016-07-12 14:26:41', '5929b431-29c2-449f-9d77-82ac5e45453f'),
 ('62', '8', 'm160707_000000_seomatic_addGoogleTagManager', '2016-07-12 14:26:40', '2016-07-12 14:26:41', '2016-07-12 14:26:41', 'cbde8ed8-709f-4f0f-9cad-8c1b366dd9b9'),
 ('63', '9', 'm140330_000000_smartMap_addCountrySubfield', '2016-07-12 14:26:50', '2016-07-12 14:26:50', '2016-07-12 14:26:50', '4b1e38bd-a7ba-4430-9630-c7a0fc10cf60'),
 ('64', '9', 'm140330_000001_smartMap_autofillCountryForExistingAddresses', '2016-07-12 14:26:50', '2016-07-12 14:26:50', '2016-07-12 14:26:50', 'd152e514-2166-41be-b0ab-03440a6c937f'),
 ('65', '9', 'm140811_000001_smartMap_changeHandleToFieldId', '2016-07-12 14:26:50', '2016-07-12 14:26:50', '2016-07-12 14:26:50', '1157eded-2f09-4e68-b05d-d7cd9922930f'),
 ('66', '9', 'm150329_000000_smartMap_splitGoogleApiKeys', '2016-07-12 14:26:50', '2016-07-12 14:26:50', '2016-07-12 14:26:50', 'a9b0a55b-e5f5-49eb-bdf6-6f547efd8cc7'),
 ('67', '9', 'm150331_000000_smartMap_reorganizeGeolocationOptions', '2016-07-12 14:26:50', '2016-07-12 14:26:50', '2016-07-12 14:26:50', 'bee979cc-0ae6-4b4d-a294-5123495c4e5f'),
 ('68', '10', 'm151115_000000_sproutFields_addNotesStyles', '2016-07-12 14:26:59', '2016-07-12 14:26:59', '2016-07-12 14:26:59', '58cf9c9f-ce83-4f5b-8001-7cd55ac24bb4'),
 ('69', '16', 'm131111_173345_charge_element_type', '2016-07-26 19:25:16', '2016-07-26 19:25:16', '2016-07-26 19:25:16', 'e7664024-6458-4fd9-8c9f-118c94559b44'),
 ('70', '16', 'm131113_225912_charge_add_hash_to_record', '2016-07-26 19:25:16', '2016-07-26 19:25:16', '2016-07-26 19:25:16', '0a20daa3-f712-48f0-b853-e88ccb6b5f1b'),
 ('71', '16', 'm131126_123956_charge_add_notes_field', '2016-07-26 19:25:16', '2016-07-26 19:25:16', '2016-07-26 19:25:16', '22a71bc9-185e-4ca2-bbe4-53bfd81431d3'),
 ('72', '16', 'm131126_124438_charge_add_card_expiry_fields', '2016-07-26 19:25:16', '2016-07-26 19:25:16', '2016-07-26 19:25:16', '259e0f68-2773-4d74-9099-584de120611c'),
 ('73', '16', 'm131203_170420_charge_AddUserFK', '2016-07-26 19:25:16', '2016-07-26 19:25:16', '2016-07-26 19:25:16', '2033a0bf-f6e3-4fd4-a3fc-44d43caf7e32'),
 ('74', '16', 'm131203_170724_charge_AddExtraIndexesToCharges', '2016-07-26 19:25:16', '2016-07-26 19:25:16', '2016-07-26 19:25:16', '0858656b-1b41-47ae-8b3d-7cba759ef0db'),
 ('75', '16', 'm140202_221427_charge_AddCouponRecord', '2016-07-26 19:25:16', '2016-07-26 19:25:16', '2016-07-26 19:25:16', '90b46fab-fb86-4e42-b107-7be183ae2293'),
 ('76', '16', 'm140218_110053_charge_AddPlanCoupon', '2016-07-26 19:25:16', '2016-07-26 19:25:16', '2016-07-26 19:25:16', 'c286b1c0-3c83-48b5-bc9d-db8e9e150cb4'),
 ('77', '16', 'm140225_113115_charge_FixMissingFK', '2016-07-26 19:25:16', '2016-07-26 19:25:16', '2016-07-26 19:25:16', 'fab3b992-1ddf-41b1-b3e8-28b817480c9f'),
 ('78', '16', 'm140414_000000_charge_addMissingElementI18nRows', '2016-07-26 19:25:16', '2016-07-26 19:25:16', '2016-07-26 19:25:16', '3adeb1dd-6155-4afa-a63d-86ac55c597fd'),
 ('79', '16', 'm150227_000000_charge_addStripeIdsToRecord', '2016-07-26 19:25:16', '2016-07-26 19:25:16', '2016-07-26 19:25:16', 'dee07250-b7bc-41cd-a23d-69eae597746d'),
 ('80', '16', 'm150313_000000_charge_addMetaData', '2016-07-26 19:25:16', '2016-07-26 19:25:16', '2016-07-26 19:25:16', '20783b43-4eb9-4af4-b309-fcdbf27644ff'),
 ('81', '16', 'm150521_000000_charge_createCustomerTable', '2016-07-26 19:25:16', '2016-07-26 19:25:16', '2016-07-26 19:25:16', '84c8a0fa-1986-4a31-b53e-e783af7f4057'),
 ('82', '16', 'm160129_000000_charge_fixMissingDefaults', '2016-07-26 19:25:16', '2016-07-26 19:25:16', '2016-07-26 19:25:16', '09f6c031-f933-4f85-95ab-46554081b4b9'),
 ('83', '16', 'm160426_000000_charge_addChargeRequest', '2016-07-26 19:25:16', '2016-07-26 19:25:16', '2016-07-26 19:25:16', 'a9a794de-d0ae-4ff6-bc41-438a5d0f84f1'),
 ('84', '16', 'm160509_000000_charge_update200', '2016-07-26 19:25:16', '2016-07-26 19:25:16', '2016-07-26 19:25:16', 'f519ffee-f9dd-4285-8054-f8f0ad71f88f'),
 ('85', '16', 'm160705_000000_charge_createGuestRegisterTable', '2016-07-26 19:25:16', '2016-07-26 19:25:16', '2016-07-26 19:25:16', '8cd80388-86f4-4957-80a7-5ed36040d80f');



DROP TABLE IF EXISTS `craft_oauth_providers`;


--
-- Schema for table `craft_oauth_providers`
--
CREATE TABLE `craft_oauth_providers` (
  `id` int(11) NOT NULL AUTO_INCREMENT,
  `class` varchar(255) COLLATE utf8_unicode_ci NOT NULL,
  `clientId` varchar(255) COLLATE utf8_unicode_ci DEFAULT NULL,
  `clientSecret` varchar(255) COLLATE utf8_unicode_ci DEFAULT NULL,
  `dateCreated` datetime NOT NULL,
  `dateUpdated` datetime NOT NULL,
  `uid` char(36) COLLATE utf8_unicode_ci NOT NULL DEFAULT '0',
  PRIMARY KEY (`id`),
  UNIQUE KEY `craft_oauth_providers_class_unq_idx` (`class`)
) ENGINE=InnoDB DEFAULT CHARSET=utf8 COLLATE=utf8_unicode_ci;

DROP TABLE IF EXISTS `craft_oauth_tokens`;


--
-- Schema for table `craft_oauth_tokens`
--
CREATE TABLE `craft_oauth_tokens` (
  `id` int(11) NOT NULL AUTO_INCREMENT,
  `providerHandle` varchar(255) COLLATE utf8_unicode_ci NOT NULL,
  `pluginHandle` varchar(255) COLLATE utf8_unicode_ci NOT NULL,
  `accessToken` varchar(255) COLLATE utf8_unicode_ci DEFAULT NULL,
  `secret` varchar(255) COLLATE utf8_unicode_ci DEFAULT NULL,
  `endOfLife` varchar(255) COLLATE utf8_unicode_ci DEFAULT NULL,
  `refreshToken` varchar(255) COLLATE utf8_unicode_ci DEFAULT NULL,
  `dateCreated` datetime NOT NULL,
  `dateUpdated` datetime NOT NULL,
  `uid` char(36) COLLATE utf8_unicode_ci NOT NULL DEFAULT '0',
  PRIMARY KEY (`id`)
) ENGINE=InnoDB DEFAULT CHARSET=utf8 COLLATE=utf8_unicode_ci;

DROP TABLE IF EXISTS `craft_picpuller_authorizations`;


--
-- Schema for table `craft_picpuller_authorizations`
--
CREATE TABLE `craft_picpuller_authorizations` (
  `id` int(11) NOT NULL AUTO_INCREMENT,
  `user_id` varchar(255) COLLATE utf8_unicode_ci NOT NULL,
  `instagram_id` varchar(255) COLLATE utf8_unicode_ci NOT NULL,
  `oauth` varchar(255) COLLATE utf8_unicode_ci NOT NULL,
  `dateCreated` datetime NOT NULL,
  `dateUpdated` datetime NOT NULL,
  `uid` char(36) COLLATE utf8_unicode_ci NOT NULL DEFAULT '0',
  PRIMARY KEY (`id`)
) ENGINE=InnoDB DEFAULT CHARSET=utf8 COLLATE=utf8_unicode_ci;

DROP TABLE IF EXISTS `craft_plugins`;


--
-- Schema for table `craft_plugins`
--
CREATE TABLE `craft_plugins` (
  `id` int(11) NOT NULL AUTO_INCREMENT,
  `class` varchar(150) COLLATE utf8_unicode_ci NOT NULL,
  `version` varchar(15) COLLATE utf8_unicode_ci NOT NULL,
  `schemaVersion` varchar(15) COLLATE utf8_unicode_ci DEFAULT NULL,
  `licenseKey` char(24) COLLATE utf8_unicode_ci DEFAULT NULL,
  `licenseKeyStatus` enum('valid','invalid','mismatched','unknown') COLLATE utf8_unicode_ci NOT NULL DEFAULT 'unknown',
  `enabled` tinyint(1) unsigned NOT NULL DEFAULT '0',
  `settings` text COLLATE utf8_unicode_ci,
  `installDate` datetime NOT NULL,
  `dateCreated` datetime NOT NULL,
  `dateUpdated` datetime NOT NULL,
  `uid` char(36) COLLATE utf8_unicode_ci NOT NULL DEFAULT '0',
  PRIMARY KEY (`id`)
) ENGINE=InnoDB AUTO_INCREMENT=17 DEFAULT CHARSET=utf8 COLLATE=utf8_unicode_ci;

--
-- Data for table `craft_plugins`
--

INSERT INTO `craft_plugins` (`id`, `class`, `version`, `schemaVersion`, `licenseKey`, `licenseKeyStatus`, `enabled`, `settings`, `installDate`, `dateCreated`, `dateUpdated`, `uid`) VALUES
 ('1', 'CpFieldLinks', '1.0', NULL, NULL, 'unknown', '1', NULL, '2016-07-12 14:26:09', '2016-07-12 14:26:09', '2016-08-03 14:13:39', '6f70c487-6c8b-420d-b694-01c70a1d65a3'),
 ('2', 'Inventory', '1.0.1', '0.0.0', NULL, 'unknown', '1', NULL, '2016-07-12 14:26:12', '2016-07-12 14:26:12', '2016-08-03 14:13:39', '524bbc46-14ee-4498-a148-fb7d3bdbb47d'),
 ('3', 'Oauth', '2.0.0', '1.0.0', NULL, 'unknown', '1', NULL, '2016-07-12 14:26:15', '2016-07-12 14:26:15', '2016-08-03 14:13:39', 'b42f11b0-29ed-448e-b7b1-93601b03ae3c'),
 ('4', 'Kint', '1.1.0', '1.0.0', NULL, 'unknown', '1', NULL, '2016-07-12 14:26:18', '2016-07-12 14:26:18', '2016-08-03 14:13:39', '6d3817e3-1718-43b3-bdb7-8f17eb15bb78'),
 ('5', 'PicPuller', '2.0.0', '2.0.0', NULL, 'unknown', '1', NULL, '2016-07-12 14:26:22', '2016-07-12 14:26:22', '2016-08-03 14:13:39', '44118f72-b278-410d-b330-152f23b6b6f8'),
 ('6', 'QuickField', '0.3.3', '1.0.0', NULL, 'unknown', '1', NULL, '2016-07-12 14:26:24', '2016-07-12 14:26:24', '2016-08-03 14:13:39', '5f16aba2-f9c3-4d86-8a42-cb551080ace7'),
 ('7', 'Retour', '1.0.13', '1.0.4', NULL, 'unknown', '1', NULL, '2016-07-12 14:26:28', '2016-07-12 14:26:28', '2016-08-03 14:13:39', '28a6a3d9-b603-4997-887f-673e1654eeda'),
 ('8', 'Seomatic', '1.1.23', '1.1.16', NULL, 'unknown', '1', '{\"pluginNameOverride\":\"SEO\"}', '2016-07-12 14:26:40', '2016-07-12 14:26:40', '2016-08-03 14:13:39', 'bd58e370-1278-4d50-960e-8b19f28ba645'),
 ('9', 'SmartMap', '2.3.6', '2.3.0', NULL, 'unknown', '1', '{\"googleServerKey\":\"AIzaSyCbXpnluISEMtqvcxZYbma-v1nr8pWyPrw\",\"googleBrowserKey\":\"AIzaSyA-SMhbdGXUtkgpbRcBd2Pvy65dsq3dg50\",\"geolocation\":\"none\",\"maxmindService\":\"\",\"maxmindUserId\":\"\",\"maxmindLicenseKey\":\"\",\"debugRoute\":\"map\\/debug\"}', '2016-07-12 14:26:50', '2016-07-12 14:26:50', '2016-08-03 14:13:39', '9dd7ef0a-7838-413a-9dcf-75d53996afc0'),
 ('10', 'SproutFields', '2.0.5', '2.0.3', NULL, 'unknown', '1', '{\"infoPrimaryDocumentation\":\".field[id$=fields-{{ name }}-field] {\\r\\n  background-color: #d9edf7;\\r\\n  padding: 10px;\\r\\n}\\r\\n.field[id$=fields-{{ name }}-field] label {\\r\\n  color: #000;\\r\\n  cursor: pointer;\\r\\n  display: block;\\r\\n  font-size: 1em;\\r\\n  font-weight: bold;\\r\\n}\\r\\n.field[id$=fields-{{ name }}-field] .input {\\r\\n  border-top: 1px solid #bbd2dd;\\r\\n  padding-top:.5em;\\r\\n  margin-top: .5em;\\r\\n}\\r\\n.field[id$=fields-{{ name }}-field] h1,\\r\\n.field[id$=fields-{{ name }}-field] h2,\\r\\n.field[id$=fields-{{ name }}-field] h3 {\\r\\n  color: #29323d;\\r\\n  font-size: 1em;\\r\\n  font-weight: bold;\\r\\n}\\r\\n.field[id$=fields-{{ name }}-field] h1,\\r\\n.field[id$=fields-{{ name }}-field] h2 {\\r\\n  border-bottom: 1px solid #c8dae2;\\r\\n  font-weight: bold;\\r\\n  padding: 0 0 .5em;\\r\\n  margin: .5em 0;\\r\\n}\\r\\n.field[id$=fields-{{ name }}-field] h1 {\\r\\n  text-transform: uppercase;\\r\\n}\\r\\n.field[id$=fields-{{ name }}-field] h3 {\\r\\n  color: #444;\\r\\n  margin-bottom: .2em;\\r\\n}\\r\\n.field[id$=fields-{{ name }}-field] h3 + p {\\r\\n  margin-top: 0;\\r\\n  padding-top: 0;\\r\\n}\\r\\n.field[id$=fields-{{ name }}-field] p {\\r\\n  color: #232323;\\r\\n  font-size: 1em;\\r\\n}\\r\\n.field[id$=fields-{{ name }}-field] ul {\\r\\n  color: #232323;\\r\\n  list-style-type: disc;\\r\\n  margin: 0 0 1em 3em;\\r\\n}\",\"infoSecondaryDocumentation\":\".field[id$=fields-{{ name }}-field] {\\r\\n  background-color: #eee;\\r\\n  padding: 10px;\\r\\n}\\r\\n.field[id$=fields-{{ name }}-field] label {\\r\\n  color: #000;\\r\\n  cursor: pointer;\\r\\n  display: block;\\r\\n  font-size: 1em;\\r\\n  font-weight: bold;\\r\\n}\\r\\n.field[id$=fields-{{ name }}-field] .input {\\r\\n  border-top: 1px solid #c6c6c6;\\r\\n  padding-top:.5em;\\r\\n  margin-top: .5em;\\r\\n}\\r\\n.field[id$=fields-{{ name }}-field] h1,\\r\\n.field[id$=fields-{{ name }}-field] h2,\\r\\n.field[id$=fields-{{ name }}-field] h3 {\\r\\n  color: #29323d;\\r\\n  font-size: 1em;\\r\\n  font-weight: bold;\\r\\n}\\r\\n.field[id$=fields-{{ name }}-field] h1,\\r\\n.field[id$=fields-{{ name }}-field] h2 {\\r\\n  border-bottom: 1px solid #dddddd;\\r\\n  font-weight: bold;\\r\\n  padding: 0 0 .5em;\\r\\n  margin: .5em 0;\\r\\n}\\r\\n.field[id$=fields-{{ name }}-field] h1 {\\r\\n  text-transform: uppercase;\\r\\n}\\r\\n.field[id$=fields-{{ name }}-field] h3 {\\r\\n  color: #444;\\r\\n  margin-bottom: .2em;\\r\\n}\\r\\n.field[id$=fields-{{ name }}-field] h3 + p {\\r\\n  margin-top: 0;\\r\\n  padding-top: 0;\\r\\n}\\r\\n.field[id$=fields-{{ name }}-field] p {\\r\\n  color: #232323;\\r\\n  font-size: 1em;\\r\\n}\\r\\n.field[id$=fields-{{ name }}-field] ul {\\r\\n  color: #232323;\\r\\n  list-style-type: disc;\\r\\n  margin: 0 0 1em 3em;\\r\\n}\",\"warningDocumentation\":\".field[id$=fields-{{ name }}-field] {\\r\\n  background-color: #fcf8e3;\\r\\n  padding: 10px;\\r\\n}\\r\\n.field[id$=fields-{{ name }}-field] label {\\r\\n  color: #000;\\r\\n  cursor: pointer;\\r\\n  display: block;\\r\\n  font-size: 1em;\\r\\n  font-weight: bold;\\r\\n}\\r\\n.field[id$=fields-{{ name }}-field] .input {\\r\\n  border-top: 1px solid #e4d1b0;\\r\\n  padding-top:.5em;\\r\\n  margin-top: .5em;\\r\\n}\\r\\n.field[id$=fields-{{ name }}-field] h1,\\r\\n.field[id$=fields-{{ name }}-field] h2,\\r\\n.field[id$=fields-{{ name }}-field] h3 {\\r\\n  color: #29323d;\\r\\n  font-size: 1em;\\r\\n  font-weight: bold;\\r\\n}\\r\\n.field[id$=fields-{{ name }}-field] h1,\\r\\n.field[id$=fields-{{ name }}-field] h2 {\\r\\n  border-bottom: 1px solid #f7e9d1;\\r\\n  font-weight: bold;\\r\\n  padding: 0 0 .5em;\\r\\n  margin: .5em 0;\\r\\n}\\r\\n.field[id$=fields-{{ name }}-field] h1 {\\r\\n  text-transform: uppercase;\\r\\n}\\r\\n.field[id$=fields-{{ name }}-field] h3 {\\r\\n  color: #444;\\r\\n  margin-bottom: .2em;\\r\\n}\\r\\n.field[id$=fields-{{ name }}-field] h3 + p {\\r\\n  margin-top: 0;\\r\\n  padding-top: 0;\\r\\n}\\r\\n.field[id$=fields-{{ name }}-field] p {\\r\\n  color: #232323;\\r\\n  font-size: 1em;\\r\\n}\\r\\n.field[id$=fields-{{ name }}-field] ul {\\r\\n  color: #232323;\\r\\n  list-style-type: disc;\\r\\n  margin: 0 0 1em 3em;\\r\\n}\",\"dangerDocumentation\":\".field[id$=fields-{{ name }}-field] {\\r\\n  background-color: #ffe1e1;\\r\\n  padding: 10px;\\r\\n}\\r\\n.field[id$=fields-{{ name }}-field] label {\\r\\n  color: #000;\\r\\n  cursor: pointer;\\r\\n  display: block;\\r\\n  font-size: 1em;\\r\\n  font-weight: bold;\\r\\n}\\r\\n.field[id$=fields-{{ name }}-field] .input {\\r\\n  border-top: 1px solid #ddb9b9;\\r\\n  padding-top:.5em;\\r\\n  margin-top: .5em;\\r\\n}\\r\\n.field[id$=fields-{{ name }}-field] h1,\\r\\n.field[id$=fields-{{ name }}-field] h2,\\r\\n.field[id$=fields-{{ name }}-field] h3 {\\r\\n  color: #29323d;\\r\\n  font-size: 1em;\\r\\n  font-weight: bold;\\r\\n}\\r\\n.field[id$=fields-{{ name }}-field] h1,\\r\\n.field[id$=fields-{{ name }}-field] h2 {\\r\\n  border-bottom: 1px solid #f3cccc;\\r\\n  font-weight: bold;\\r\\n  padding: 0 0 .5em;\\r\\n  margin: .5em 0;\\r\\n}\\r\\n.field[id$=fields-{{ name }}-field] h1 {\\r\\n  text-transform: uppercase;\\r\\n}\\r\\n.field[id$=fields-{{ name }}-field] h3 {\\r\\n  color: #444;\\r\\n  margin-bottom: .2em;\\r\\n}\\r\\n.field[id$=fields-{{ name }}-field] h3 + p {\\r\\n  margin-top: 0;\\r\\n  padding-top: 0;\\r\\n}\\r\\n.field[id$=fields-{{ name }}-field] p {\\r\\n  color: #232323;\\r\\n  font-size: 1em;\\r\\n}\\r\\n.field[id$=fields-{{ name }}-field] ul {\\r\\n  color: #232323;\\r\\n  list-style-type: disc;\\r\\n  margin: 0 0 1em 3em;\\r\\n}\",\"highlightDocumentation\":\".field[id$=fields-{{ name }}-field] {\\r\\n  background-color: #dbf7d9;\\r\\n  padding: 10px;\\r\\n}\\r\\n.field[id$=fields-{{ name }}-field] label {\\r\\n  color: #000;\\r\\n  cursor: pointer;\\r\\n  display: block;\\r\\n  font-size: 1em;\\r\\n  font-weight: bold;\\r\\n}\\r\\n.field[id$=fields-{{ name }}-field] .input {\\r\\n  border-top: 1px solid #b6c8b5;\\r\\n  padding-top:.5em;\\r\\n  margin-top: .5em;\\r\\n}\\r\\n.field[id$=fields-{{ name }}-field] h1,\\r\\n.field[id$=fields-{{ name }}-field] h2,\\r\\n.field[id$=fields-{{ name }}-field] h3 {\\r\\n  color: #29323d;\\r\\n  font-size: 1em;\\r\\n  font-weight: bold;\\r\\n}\\r\\n.field[id$=fields-{{ name }}-field] h1,\\r\\n.field[id$=fields-{{ name }}-field] h2 {\\r\\n  border-bottom: 1px solid #c5e1c3;\\r\\n  font-weight: bold;\\r\\n  padding: 0 0 .5em;\\r\\n  margin: .5em 0;\\r\\n}\\r\\n.field[id$=fields-{{ name }}-field] h1 {\\r\\n  text-transform: uppercase;\\r\\n}\\r\\n.field[id$=fields-{{ name }}-field] h3 {\\r\\n  color: #444;\\r\\n  margin-bottom: .2em;\\r\\n}\\r\\n.field[id$=fields-{{ name }}-field] h3 + p {\\r\\n  margin-top: 0;\\r\\n  padding-top: 0;\\r\\n}\\r\\n.field[id$=fields-{{ name }}-field] p {\\r\\n  color: #232323;\\r\\n  font-size: 1em;\\r\\n}\\r\\n.field[id$=fields-{{ name }}-field] ul {\\r\\n  color: #232323;\\r\\n  list-style-type: disc;\\r\\n  margin: 0 0 1em 3em;\\r\\n}\"}', '2016-07-12 14:26:59', '2016-07-12 14:26:59', '2016-08-03 14:13:39', '509ec580-935e-4e1b-af35-de8d64938c07'),
 ('11', 'StoreHours', '1.0', NULL, NULL, 'unknown', '1', NULL, '2016-07-12 14:27:03', '2016-07-12 14:27:03', '2016-08-03 14:13:39', '71878efc-d768-438c-b2df-a5f591c00d9a'),
 ('12', 'Twitter', '1.0.29', NULL, NULL, 'unknown', '1', NULL, '2016-07-12 14:27:06', '2016-07-12 14:27:06', '2016-08-03 14:13:39', '32f40c82-d66b-402d-8f53-c7cbde87af4b'),
 ('13', 'SocialPoster', '1.1.2', '1.0.0', NULL, 'unknown', '1', NULL, '2016-07-25 22:20:05', '2016-07-25 22:20:05', '2016-08-03 14:13:39', '6ba64d3b-85c6-4c5f-b7c3-c8512d16ec2c'),
 ('14', 'Bugsnag', '1.0.0', '1.0.0', NULL, 'unknown', '0', NULL, '2016-07-25 22:21:29', '2016-07-25 22:21:29', '2016-07-26 14:29:38', '1fff2d19-cb2f-49e1-a348-1e24cbe650ca'),
 ('15', 'ElementApi', '1.2.1', '1.0.0', NULL, 'unknown', '1', NULL, '2016-07-25 22:24:09', '2016-07-25 22:24:09', '2016-08-03 14:13:39', 'f33fffd9-0d52-4de0-b7eb-8c6760169472'),
 ('16', 'Charge', '2.1.0', '2.1.0', NULL, 'unknown', '1', '{\"credentials\":{\"stripeTestCredentialsSK\":\"sk_test_YKKfuWC8IokJrNvasOQiBu2f\",\"stripeTestCredentialsPK\":\"pk_test_wOMyKTaV6zydm2rnazizjU5c\",\"stripeLiveCredentialsSK\":\"sk_live_n2hb3cbDvKXGMOzbu1GIUEwo\",\"stripeLiveCredentialsPK\":\"pk_live_8mIYzafGQiPMdWGb4SEKpQQn\",\"stripeDefaultCurrency\":\"USD\"},\"mode\":{\"stripeAccountMode\":\"test\"},\"webhook\":null,\"charges\":{\"urlFormat\":\"charge\\/success\\/{hash}\",\"template\":\"donations\\/success\"},\"edition\":null,\"connect\":null,\"userreg\":null,\"tests\":null,\"logs\":null,\"licenseKey\":null}', '2016-07-26 19:25:16', '2016-07-26 19:25:16', '2016-08-03 14:13:39', 'a546ae6d-7d6a-4720-9b69-57de39c9a06a');



DROP TABLE IF EXISTS `craft_rackspaceaccess`;


--
-- Schema for table `craft_rackspaceaccess`
--
CREATE TABLE `craft_rackspaceaccess` (
  `id` int(11) NOT NULL AUTO_INCREMENT,
  `connectionKey` varchar(255) COLLATE utf8_unicode_ci NOT NULL,
  `token` varchar(255) COLLATE utf8_unicode_ci NOT NULL,
  `storageUrl` varchar(255) COLLATE utf8_unicode_ci NOT NULL,
  `cdnUrl` varchar(255) COLLATE utf8_unicode_ci NOT NULL,
  `dateCreated` datetime NOT NULL,
  `dateUpdated` datetime NOT NULL,
  `uid` char(36) COLLATE utf8_unicode_ci NOT NULL DEFAULT '0',
  PRIMARY KEY (`id`),
  UNIQUE KEY `craft_rackspaceaccess_connectionKey_unq_idx` (`connectionKey`)
) ENGINE=InnoDB DEFAULT CHARSET=utf8 COLLATE=utf8_unicode_ci;

DROP TABLE IF EXISTS `craft_relations`;


--
-- Schema for table `craft_relations`
--
CREATE TABLE `craft_relations` (
  `id` int(11) NOT NULL AUTO_INCREMENT,
  `fieldId` int(11) NOT NULL,
  `sourceId` int(11) NOT NULL,
  `sourceLocale` char(12) COLLATE utf8_unicode_ci DEFAULT NULL,
  `targetId` int(11) NOT NULL,
  `sortOrder` smallint(6) DEFAULT NULL,
  `dateCreated` datetime NOT NULL,
  `dateUpdated` datetime NOT NULL,
  `uid` char(36) COLLATE utf8_unicode_ci NOT NULL DEFAULT '0',
  PRIMARY KEY (`id`),
  UNIQUE KEY `craft_relations_fieldId_sourceId_sourceLocale_targetId_unq_idx` (`fieldId`,`sourceId`,`sourceLocale`,`targetId`),
  KEY `craft_relations_sourceId_fk` (`sourceId`),
  KEY `craft_relations_sourceLocale_fk` (`sourceLocale`),
  KEY `craft_relations_targetId_fk` (`targetId`)
) ENGINE=InnoDB AUTO_INCREMENT=367 DEFAULT CHARSET=utf8 COLLATE=utf8_unicode_ci;

--
-- Data for table `craft_relations`
--

INSERT INTO `craft_relations` (`id`, `fieldId`, `sourceId`, `sourceLocale`, `targetId`, `sortOrder`, `dateCreated`, `dateUpdated`, `uid`) VALUES
 ('47', '3', '18', NULL, '11', '1', '2016-07-11 21:54:15', '2016-07-11 21:54:15', 'cfff151e-1844-4e4f-b176-2236ebe82969'),
 ('48', '5', '20', NULL, '17', '1', '2016-07-11 21:54:15', '2016-07-11 21:54:15', '8e932c1c-0eee-478b-a06f-ccccb9fa4fa2'),
 ('49', '3', '27', NULL, '26', '1', '2016-07-11 22:05:26', '2016-07-11 22:05:26', '1bf4fa52-eac6-49ae-9f5b-77c5f702bac6'),
 ('51', '3', '10', NULL, '11', '1', '2016-07-11 22:23:55', '2016-07-11 22:23:55', '8e496aee-fd21-49e8-997f-8812e10447a5'),
 ('52', '3', '13', NULL, '12', '1', '2016-07-11 22:24:33', '2016-07-11 22:24:33', 'e7ee9bb0-6a72-4b59-bbb8-8e360393b79b'),
 ('54', '3', '14', NULL, '11', '1', '2016-07-11 22:26:32', '2016-07-11 22:26:32', 'bb5d0734-4f1b-459c-9fa2-0803945b845e'),
 ('57', '3', '16', NULL, '15', '1', '2016-07-11 23:01:12', '2016-07-11 23:01:12', '47219d58-dc5d-47af-9649-8af48389c756'),
 ('95', '10', '49', NULL, '48', '1', '2016-07-12 18:58:57', '2016-07-12 18:58:57', '88c2cc16-93c0-41a8-9fdd-9cf25f9547bd'),
 ('97', '10', '41', NULL, '35', '1', '2016-07-12 21:07:23', '2016-07-12 21:07:23', '1680b2d7-64f2-452e-87a9-fa7f665ec589'),
 ('98', '13', '41', NULL, '34', '1', '2016-07-12 21:07:23', '2016-07-12 21:07:23', '56a4809a-a93a-4d7f-8755-7e3ef1822ae0'),
 ('99', '13', '41', NULL, '40', '2', '2016-07-12 21:07:23', '2016-07-12 21:07:23', 'd41175d4-8fb7-4826-8153-f7d9c8b3140e'),
 ('100', '13', '30', NULL, '33', '1', '2016-07-12 21:07:46', '2016-07-12 21:07:46', '8648f00f-128e-4bd5-bddb-a35dfe22533a'),
 ('101', '10', '38', NULL, '37', '1', '2016-07-12 21:08:01', '2016-07-12 21:08:01', '29d2aa4a-aa57-4b50-88dc-2af1baae19b7'),
 ('102', '13', '38', NULL, '39', '1', '2016-07-12 21:08:01', '2016-07-12 21:08:01', '10604a48-f9ae-4014-b91e-135357f0fc9d'),
 ('103', '10', '44', NULL, '43', '1', '2016-07-12 21:08:19', '2016-07-12 21:08:19', '685d4166-31ab-4447-be5c-66358389b8c9'),
 ('104', '13', '44', NULL, '34', '1', '2016-07-12 21:08:19', '2016-07-12 21:08:19', 'f12a43cc-e53e-42f1-9caa-145146b3d983'),
 ('105', '13', '44', NULL, '42', '2', '2016-07-12 21:08:19', '2016-07-12 21:08:19', 'e1779bb5-6f06-4266-ad03-6f401f8cb390'),
 ('106', '10', '46', NULL, '45', '1', '2016-07-12 21:08:35', '2016-07-12 21:08:35', '8ff6180d-5208-4079-ae26-d686a4a5e74f'),
 ('107', '13', '46', NULL, '34', '1', '2016-07-12 21:08:35', '2016-07-12 21:08:35', 'd5dc3a92-fc35-4939-98b2-9140ca923e5a'),
 ('108', '13', '46', NULL, '40', '2', '2016-07-12 21:08:35', '2016-07-12 21:08:35', '4e27c9be-cbbb-48ad-91c2-edfa46f37d95'),
 ('109', '10', '51', NULL, '50', '1', '2016-07-12 21:29:02', '2016-07-12 21:29:02', 'f4c84129-7584-4c3d-8c81-d4739b918b00'),
 ('114', '10', '62', NULL, '63', '1', '2016-07-13 15:26:41', '2016-07-13 15:26:41', '4407e9e2-3fed-4a1b-b9c5-bf1378838191'),
 ('137', '26', '70', NULL, '62', '1', '2016-07-13 21:44:00', '2016-07-13 21:44:00', '887bceb6-284a-4cf1-851b-1ccba9b710eb'),
 ('138', '26', '70', NULL, '66', '2', '2016-07-13 21:44:00', '2016-07-13 21:44:00', 'c9b57fa1-a1f2-4d30-b73c-35bfa1de3e53'),
 ('139', '26', '70', NULL, '68', '3', '2016-07-13 21:44:00', '2016-07-13 21:44:00', 'd9514c69-6325-4cd3-b47b-8728daf7cd46'),
 ('168', '3', '5', NULL, '4', '1', '2016-07-18 19:38:42', '2016-07-18 19:38:42', 'fbbabc51-2ff7-4140-9cd7-ea9d7c84631c'),
 ('169', '8', '5', NULL, '18', '1', '2016-07-18 19:38:42', '2016-07-18 19:38:42', '60a3912f-229e-4a23-babe-0afd65d6f628'),
 ('170', '8', '5', NULL, '27', '2', '2016-07-18 19:38:42', '2016-07-18 19:38:42', 'eb2408fb-f9b8-447c-8afe-b7320ddbf108'),
 ('171', '8', '5', NULL, '10', '3', '2016-07-18 19:38:42', '2016-07-18 19:38:42', '52416d08-fd3f-47be-be8f-7c5710aae764'),
 ('172', '5', '7', NULL, '4', '1', '2016-07-18 19:38:42', '2016-07-18 19:38:42', 'd1492690-dbd5-4fda-b4c4-bb9c24632e99'),
 ('173', '7', '9', NULL, '4', '1', '2016-07-18 19:38:42', '2016-07-18 19:38:42', '73783030-383a-4cdd-935d-de74eef5f987'),
 ('174', '7', '9', NULL, '6', '2', '2016-07-18 19:38:42', '2016-07-18 19:38:42', '2f877e66-6fc1-4fa7-85fa-d8797a122636'),
 ('207', '32', '104', NULL, '73', '1', '2016-07-19 14:56:05', '2016-07-19 14:56:05', '7b10019b-affd-4885-8c2b-6593f7b6a2f0'),
 ('208', '30', '105', NULL, '86', '1', '2016-07-19 14:56:05', '2016-07-19 14:56:05', '12501b7b-43a9-4824-9503-3085b5809e28'),
 ('209', '30', '105', NULL, '80', '2', '2016-07-19 14:56:05', '2016-07-19 14:56:05', '35cce9d6-e32f-44d8-8950-29638225b406'),
 ('210', '30', '105', NULL, '79', '3', '2016-07-19 14:56:05', '2016-07-19 14:56:05', 'ae370dfe-279e-456d-ba14-ac09523e1409'),
 ('211', '30', '105', NULL, '81', '4', '2016-07-19 14:56:05', '2016-07-19 14:56:05', '38e02d25-3d53-43a9-9059-4ba45b84faa0'),
 ('216', '32', '98', NULL, '72', '1', '2016-07-19 14:58:45', '2016-07-19 14:58:45', '7107c456-63d5-4415-8bd4-4de6f175ac32'),
 ('217', '30', '99', NULL, '76', '1', '2016-07-19 14:58:45', '2016-07-19 14:58:45', '3fa104bb-3b22-4b7f-8631-abc303b6e267'),
 ('218', '30', '99', NULL, '77', '2', '2016-07-19 14:58:45', '2016-07-19 14:58:45', 'eae06c17-a52d-4679-b25b-704842ed5e80'),
 ('219', '30', '99', NULL, '79', '3', '2016-07-19 14:58:45', '2016-07-19 14:58:45', '3812bfe5-ea65-4973-8de2-f2262d24f722'),
 ('259', '39', '114', NULL, '111', '1', '2016-07-19 21:13:31', '2016-07-19 21:13:31', '12f3d5f4-b814-4a76-9b5d-c320ff4a8d9b'),
 ('260', '39', '115', NULL, '110', '1', '2016-07-19 21:15:56', '2016-07-19 21:15:56', 'ebea39c3-32f1-46d5-9aea-65cd59126719'),
 ('261', '39', '116', NULL, '112', '1', '2016-07-19 21:18:11', '2016-07-19 21:18:11', '3291e982-d953-40ff-9da9-addecd5bc075'),
 ('262', '39', '117', NULL, '113', '1', '2016-07-19 21:22:49', '2016-07-19 21:22:49', '58f83662-f9a1-4d38-8037-a7cefe63e156'),
 ('263', '39', '118', NULL, '119', '1', '2016-07-19 21:24:55', '2016-07-19 21:24:55', '804100a3-4688-4f2d-9580-33db6ca657ba'),
 ('264', '32', '100', NULL, '75', '1', '2016-07-20 14:53:13', '2016-07-20 14:53:13', '9e853567-c5ee-4e36-8f5c-caef71f640df'),
 ('265', '30', '101', NULL, '87', '1', '2016-07-20 14:53:13', '2016-07-20 14:53:13', 'dbd63f46-a62c-4dcc-97b8-69364bb51345'),
 ('266', '30', '101', NULL, '88', '2', '2016-07-20 14:53:13', '2016-07-20 14:53:13', '73e26747-6d49-4557-ac9c-7e1c581386f7'),
 ('267', '30', '101', NULL, '90', '3', '2016-07-20 14:53:13', '2016-07-20 14:53:13', '7e26af43-7200-4ee5-b8b2-fa425c46e0e1'),
 ('272', '41', '127', NULL, '126', '1', '2016-07-20 16:24:29', '2016-07-20 16:24:29', '32199635-d851-42aa-8e20-1567d35e31c5'),
 ('273', '41', '129', NULL, '128', '1', '2016-07-20 16:36:18', '2016-07-20 16:36:18', '19aa3b38-b17e-4fc2-a7ed-f3800bb6e378'),
 ('278', '41', '121', NULL, '120', '1', '2016-07-20 16:58:43', '2016-07-20 16:58:43', 'b98a02c6-fc50-440e-8618-64bbe549859c'),
 ('279', '40', '121', NULL, '100', '1', '2016-07-20 16:58:43', '2016-07-20 16:58:43', 'd0fecc2f-c052-496e-966c-9d32d150b489'),
 ('280', '41', '123', NULL, '122', '1', '2016-07-20 17:03:14', '2016-07-20 17:03:14', 'ec5ce568-3609-4cc8-bb1b-339e185df695'),
 ('281', '40', '123', NULL, '102', '1', '2016-07-20 17:03:14', '2016-07-20 17:03:14', '8c2c147c-d623-41aa-a0a3-87e2059d5645'),
 ('282', '32', '102', NULL, '74', '1', '2016-07-20 17:09:10', '2016-07-20 17:09:10', 'a6d1b48d-5722-4a47-905a-de88173f7f25'),
 ('283', '30', '103', NULL, '97', '1', '2016-07-20 17:09:10', '2016-07-20 17:09:10', 'e815efdb-52e8-4115-9036-0c933140a6c8'),
 ('284', '30', '103', NULL, '87', '2', '2016-07-20 17:09:10', '2016-07-20 17:09:10', '7d172780-8d41-4e09-81a3-4713674beae9'),
 ('285', '30', '103', NULL, '91', '3', '2016-07-20 17:09:10', '2016-07-20 17:09:10', 'd136f2fe-29a5-4c87-8bbb-ecd3d10b476c'),
 ('286', '41', '125', NULL, '124', '1', '2016-07-20 17:15:13', '2016-07-20 17:15:13', '89b54ae8-67d3-43ff-b250-c8fd8e98d19b'),
 ('287', '40', '125', NULL, '98', '1', '2016-07-20 17:15:13', '2016-07-20 17:15:13', '14b12af0-8024-4592-87b8-5b7f549e746d'),
 ('288', '40', '125', NULL, '104', '2', '2016-07-20 17:15:13', '2016-07-20 17:15:13', 'ae33ac50-d98f-479a-8aad-f6c09207fb82'),
 ('289', '32', '106', NULL, '74', '1', '2016-07-20 18:49:22', '2016-07-20 18:49:22', '4faa74dc-fcdd-462a-aed7-24e2f335b6ad'),
 ('290', '30', '107', NULL, '86', '1', '2016-07-20 18:49:22', '2016-07-20 18:49:22', 'f7e99bd9-2863-4b48-a5db-ed8e4dd11954'),
 ('291', '30', '107', NULL, '77', '2', '2016-07-20 18:49:22', '2016-07-20 18:49:22', 'd86b5e2d-c6c4-45ec-94fa-babca9c23ef0'),
 ('292', '30', '107', NULL, '78', '3', '2016-07-20 18:49:22', '2016-07-20 18:49:22', '2de4f128-f660-4dd4-af1d-8570800d902d'),
 ('293', '32', '98', NULL, '75', NULL, '2016-07-20 18:54:38', '2016-07-20 18:54:38', '5a7089cd-45a3-4d05-ba14-102cee92fa31'),
 ('294', '32', '133', NULL, '132', '1', '2016-07-20 19:01:05', '2016-07-20 19:01:05', 'f4ff8f2b-5a3a-4a32-9710-c2b57b322c45'),
 ('295', '30', '134', NULL, '77', '1', '2016-07-20 19:01:05', '2016-07-20 19:01:05', 'ced3fa2e-ef6f-4b7e-bc5f-a5aa14230ba2'),
 ('296', '30', '134', NULL, '78', '2', '2016-07-20 19:01:05', '2016-07-20 19:01:05', '9ba6df37-e9fb-4101-81cd-216686de90ba'),
 ('297', '30', '134', NULL, '79', '3', '2016-07-20 19:01:05', '2016-07-20 19:01:05', 'e9cbdd04-4976-497d-a60b-ff099f8c42f1'),
 ('298', '32', '135', NULL, '132', '1', '2016-07-20 19:04:40', '2016-07-20 19:04:40', '503bff32-dd4d-4fd9-bb93-a910bf2d9f7b'),
 ('299', '30', '136', NULL, '82', '1', '2016-07-20 19:04:40', '2016-07-20 19:04:40', 'c36297eb-d38c-415d-99c1-72216236a637'),
 ('300', '30', '136', NULL, '83', '2', '2016-07-20 19:04:40', '2016-07-20 19:04:40', '9f1538f4-c561-4bc7-a56c-eb30f4b71915'),
 ('301', '30', '136', NULL, '84', '3', '2016-07-20 19:04:40', '2016-07-20 19:04:40', 'e2a88805-22ce-495c-a422-f833b774b99a'),
 ('302', '30', '136', NULL, '85', '4', '2016-07-20 19:04:40', '2016-07-20 19:04:40', 'da2669b5-e938-4833-8c06-e481c412c62f'),
 ('304', '32', '138', NULL, '132', '1', '2016-07-20 19:17:48', '2016-07-20 19:17:48', '6ed65b43-68ee-4952-a455-1fb1536917d7'),
 ('305', '30', '139', NULL, '89', '1', '2016-07-20 19:17:48', '2016-07-20 19:17:48', '07a54034-7f7d-4db0-96e6-bb3fb1621dc8'),
 ('306', '30', '139', NULL, '90', '2', '2016-07-20 19:17:48', '2016-07-20 19:17:48', 'a7515aeb-3e1d-48d4-adca-0725b19bf953'),
 ('307', '30', '139', NULL, '91', '3', '2016-07-20 19:17:48', '2016-07-20 19:17:48', 'ad3f3549-18e8-484a-87af-1778fd904d0f'),
 ('308', '32', '137', NULL, '132', '1', '2016-07-20 19:18:42', '2016-07-20 19:18:42', '02dbb865-e53f-4a60-8637-522e31e65c3a'),
 ('339', '3', '22', NULL, '21', '1', '2016-07-25 19:49:32', '2016-07-25 19:49:32', 'e2da2346-5e00-455f-85e7-c15a45001375'),
 ('340', '7', '146', NULL, '128', '1', '2016-07-25 19:49:32', '2016-07-25 19:49:32', 'debc9d41-e233-4e60-9d07-1b6724a0831e'),
 ('341', '7', '146', NULL, '124', '2', '2016-07-25 19:49:32', '2016-07-25 19:49:32', 'a5fa19b1-99d3-4f19-adcc-de920c6aa79a'),
 ('342', '7', '146', NULL, '126', '3', '2016-07-25 19:49:32', '2016-07-25 19:49:32', 'ad140594-7a6e-4d21-a598-d701ca5fe69d'),
 ('343', '5', '141', NULL, '64', '1', '2016-07-25 19:49:32', '2016-07-25 19:49:32', '43814923-f7e5-4326-a1ca-2dc1786f57e5'),
 ('344', '3', '25', NULL, '6', '1', '2016-07-25 20:09:55', '2016-07-25 20:09:55', '6a41ea5e-4528-4d0b-9076-2258ec3ce472'),
 ('345', '8', '25', NULL, '18', '1', '2016-07-25 20:09:55', '2016-07-25 20:09:55', '7db34992-0995-4a3d-9f18-6c062d564d5d'),
 ('346', '7', '144', NULL, '11', '1', '2016-07-25 20:09:55', '2016-07-25 20:09:55', 'd56924f7-be6a-443d-9d7f-8d340a1deb20'),
 ('347', '5', '145', NULL, '4', '1', '2016-07-25 20:09:55', '2016-07-25 20:09:55', '4bb2821c-5fd1-4299-9ed3-26d95c22edba'),
 ('353', '25', '69', NULL, '58', '1', '2016-07-26 18:42:29', '2016-07-26 18:42:29', '75a95c60-8ffe-4b99-9ea4-0d06be0a7b1a'),
 ('354', '3', '66', NULL, '65', '1', '2016-07-26 18:42:39', '2016-07-26 18:42:39', 'f38f7ae2-fbb3-40d4-bca4-6440a55d4f7a'),
 ('355', '25', '66', NULL, '55', '1', '2016-07-26 18:42:39', '2016-07-26 18:42:39', '0d89472e-2a95-44b4-8a0b-7772d908108d'),
 ('356', '25', '66', NULL, '56', '2', '2016-07-26 18:42:39', '2016-07-26 18:42:39', '13ce1eb8-dfc0-42d6-8e06-c6537cb717d9'),
 ('357', '3', '62', NULL, '64', '1', '2016-07-26 18:42:48', '2016-07-26 18:42:48', 'c034e058-4a49-4186-b713-f0777141f4d4'),
 ('358', '25', '62', NULL, '55', '1', '2016-07-26 18:42:48', '2016-07-26 18:42:48', '34dfd904-f38b-49ec-a158-7096def198e3'),
 ('359', '25', '62', NULL, '56', '2', '2016-07-26 18:42:48', '2016-07-26 18:42:48', 'fed6c175-591d-480a-8393-89190a4496f0'),
 ('360', '40', '131', NULL, '106', '1', '2016-07-26 19:08:24', '2016-07-26 19:08:24', '906178d1-4175-41a9-b085-94482df7de01'),
 ('361', '40', '131', NULL, '98', '2', '2016-07-26 19:08:24', '2016-07-26 19:08:24', '6228c770-41ad-415e-972f-a864e26677d1');
INSERT INTO `craft_relations` (`id`, `fieldId`, `sourceId`, `sourceLocale`, `targetId`, `sortOrder`, `dateCreated`, `dateUpdated`, `uid`) VALUES
 ('362', '3', '150', NULL, '65', '1', '2016-08-02 14:39:55', '2016-08-02 14:39:55', 'f8480140-f431-462f-9ee4-297ed9803394'),
 ('363', '8', '150', NULL, '10', '1', '2016-08-02 14:39:55', '2016-08-02 14:39:55', '26b720b9-9e68-448b-9246-acc35d5155b5'),
 ('364', '3', '68', NULL, '26', '1', '2016-08-02 15:29:43', '2016-08-02 15:29:43', '94802613-d901-42f3-94ca-248d7ee0739f'),
 ('365', '25', '68', NULL, '55', '1', '2016-08-02 15:29:44', '2016-08-02 15:29:44', '1b443a5a-ac7f-4141-9155-c262a27b3406'),
 ('366', '25', '68', NULL, '56', '2', '2016-08-02 15:29:44', '2016-08-02 15:29:44', '9c108d84-392a-4861-ad0e-a09336ca3d7f');



DROP TABLE IF EXISTS `craft_retour_redirects`;


--
-- Schema for table `craft_retour_redirects`
--
CREATE TABLE `craft_retour_redirects` (
  `id` int(11) NOT NULL AUTO_INCREMENT,
  `associatedElementId` int(11) NOT NULL,
  `redirectSrcUrl` varchar(255) COLLATE utf8_unicode_ci DEFAULT '',
  `redirectSrcUrlParsed` varchar(255) COLLATE utf8_unicode_ci DEFAULT '',
  `redirectMatchType` varchar(255) COLLATE utf8_unicode_ci DEFAULT 'match',
  `redirectDestUrl` varchar(255) COLLATE utf8_unicode_ci DEFAULT '',
  `redirectHttpCode` int(10) DEFAULT '301',
  `hitCount` int(10) DEFAULT '0',
  `hitLastTime` datetime DEFAULT '2016-07-12 14:26:28',
  `locale` char(12) COLLATE utf8_unicode_ci NOT NULL,
  `dateCreated` datetime NOT NULL,
  `dateUpdated` datetime NOT NULL,
  `uid` char(36) COLLATE utf8_unicode_ci NOT NULL DEFAULT '0',
  PRIMARY KEY (`id`),
  UNIQUE KEY `craft_retour_redirects_redirectSrcUrlParsed_unq_idx` (`redirectSrcUrlParsed`),
  KEY `craft_retour_redirects_locale_associatedElementId_idx` (`locale`,`associatedElementId`),
  KEY `craft_retour_redirects_associatedElementId_fk` (`associatedElementId`)
) ENGINE=InnoDB DEFAULT CHARSET=utf8 COLLATE=utf8_unicode_ci;

DROP TABLE IF EXISTS `craft_retour_static_redirects`;


--
-- Schema for table `craft_retour_static_redirects`
--
CREATE TABLE `craft_retour_static_redirects` (
  `id` int(11) NOT NULL AUTO_INCREMENT,
  `redirectSrcUrl` varchar(255) COLLATE utf8_unicode_ci DEFAULT '',
  `redirectSrcUrlParsed` varchar(255) COLLATE utf8_unicode_ci DEFAULT '',
  `redirectMatchType` varchar(255) COLLATE utf8_unicode_ci DEFAULT 'match',
  `redirectDestUrl` varchar(255) COLLATE utf8_unicode_ci DEFAULT '',
  `redirectHttpCode` int(10) DEFAULT '301',
  `hitCount` int(10) DEFAULT '0',
  `hitLastTime` datetime DEFAULT '2016-07-12 14:26:28',
  `locale` char(12) COLLATE utf8_unicode_ci NOT NULL,
  `associatedElementId` int(10) DEFAULT '0',
  `dateCreated` datetime NOT NULL,
  `dateUpdated` datetime NOT NULL,
  `uid` char(36) COLLATE utf8_unicode_ci NOT NULL DEFAULT '0',
  PRIMARY KEY (`id`),
  UNIQUE KEY `craft_retour_static_redirects_redirectSrcUrlParsed_unq_idx` (`redirectSrcUrlParsed`),
  KEY `craft_retour_static_redirects_locale_id_idx` (`locale`,`id`)
) ENGINE=InnoDB AUTO_INCREMENT=3 DEFAULT CHARSET=utf8 COLLATE=utf8_unicode_ci;

--
-- Data for table `craft_retour_static_redirects`
--

INSERT INTO `craft_retour_static_redirects` (`id`, `redirectSrcUrl`, `redirectSrcUrlParsed`, `redirectMatchType`, `redirectDestUrl`, `redirectHttpCode`, `hitCount`, `hitLastTime`, `locale`, `associatedElementId`, `dateCreated`, `dateUpdated`, `uid`) VALUES
 ('1', '/locations/aaimaids-action-in-mississippi-1', '/locations/aaimaids-action-in-mississippi-1', 'exactmatch', '/locations/bookstorecafe', '301', '1', '2016-07-19 18:19:40', 'en_us', '0', '2016-07-19 18:19:35', '2016-07-19 18:19:40', 'f13ab1d3-3deb-449b-86b4-1d392997538f'),
 ('2', '/locations/bookstorecafe', '/locations/bookstorecafe', 'exactmatch', '/locations/bookstore-cafe', '301', '1', '2016-07-19 18:21:22', 'en_us', '0', '2016-07-19 18:19:54', '2016-07-19 18:21:22', '47607a9a-cdaf-496f-af0e-fdf6af67e252');



DROP TABLE IF EXISTS `craft_retour_stats`;


--
-- Schema for table `craft_retour_stats`
--
CREATE TABLE `craft_retour_stats` (
  `id` int(11) NOT NULL AUTO_INCREMENT,
  `redirectSrcUrl` varchar(255) COLLATE utf8_unicode_ci DEFAULT '',
  `referrerUrl` varchar(255) COLLATE utf8_unicode_ci DEFAULT '',
  `hitCount` int(10) DEFAULT '0',
  `hitLastTime` datetime DEFAULT '2016-07-12 14:26:28',
  `handledByRetour` tinyint(1) unsigned NOT NULL DEFAULT '0',
  `dateCreated` datetime NOT NULL,
  `dateUpdated` datetime NOT NULL,
  `uid` char(36) COLLATE utf8_unicode_ci NOT NULL DEFAULT '0',
  PRIMARY KEY (`id`),
  UNIQUE KEY `craft_retour_stats_redirectSrcUrl_unq_idx` (`redirectSrcUrl`),
  KEY `craft_retour_stats_hitCount_id_idx` (`hitCount`,`id`)
) ENGINE=InnoDB AUTO_INCREMENT=73 DEFAULT CHARSET=utf8 COLLATE=utf8_unicode_ci;

--
-- Data for table `craft_retour_stats`
--

INSERT INTO `craft_retour_stats` (`id`, `redirectSrcUrl`, `referrerUrl`, `hitCount`, `hitLastTime`, `handledByRetour`, `dateCreated`, `dateUpdated`, `uid`) VALUES
 ('1', '/Advocacy', 'http://housingworks.dev/press', '3', '2016-07-12 16:12:50', '0', '2016-07-12 16:08:17', '2016-07-12 16:12:50', 'd13406ba-1f1c-4930-bc05-7b6e1c70606e'),
 ('2', '/press/Health Care', 'http://housingworks.dev/press', '1', '2016-07-12 16:13:08', '0', '2016-07-12 16:13:08', '2016-07-12 16:13:08', '8973f5ff-78f5-44d2-bdef-99d15c730b46'),
 ('3', '/health-care', 'http://housingworks.dev/press', '1', '2016-07-12 16:18:43', '0', '2016-07-12 16:18:43', '2016-07-12 16:18:43', '5d1aeeea-8a79-4a41-9a96-c18b5502c9c9'),
 ('4', '/advocate/favicon.ico', 'http://housingworks.dev/advocate/international/haiti/lgbt-advocacy-the-martus-project', '1', '2016-07-12 18:29:06', '0', '2016-07-12 18:29:06', '2016-07-12 18:29:06', 'ee60c152-acef-44d7-8136-def438802749'),
 ('5', '/press/press-releases', 'http://housingworks.dev/press', '1', '2016-07-12 18:42:03', '0', '2016-07-12 18:42:03', '2016-07-12 18:42:03', 'ded59996-a1da-49f5-9da5-814329e71f8a'),
 ('6', '/press-releases', NULL, '2', '2016-07-12 18:43:02', '0', '2016-07-12 18:42:09', '2016-07-12 18:43:02', 'a0b6f9f5-af6c-4234-ba1d-48b3cff04dbe'),
 ('7', '/href=', 'http://housingworks.dev/press', '1', '2016-07-12 21:04:01', '0', '2016-07-12 21:04:01', '2016-07-12 21:04:01', '516d2b0d-d0f7-4956-9430-863bb8974b2f'),
 ('8', '/about/board', NULL, '2', '2016-07-12 22:11:20', '0', '2016-07-12 22:11:09', '2016-07-12 22:11:20', '7881351b-3af2-480f-a936-bda019922f39'),
 ('9', '/about', 'http://housingworks.dev/events', '4', '2016-07-26 14:10:38', '0', '2016-07-12 22:11:14', '2016-07-26 14:10:38', 'a7c9fdeb-50af-45b3-90e6-a4af0a110c12'),
 ('10', '/about/board Page', NULL, '1', '2016-07-12 22:12:32', '0', '2016-07-12 22:12:32', '2016-07-12 22:12:32', 'a30d0f9d-5651-4aa6-82c8-d0bffbeed6dd'),
 ('11', '/event', 'http://housingworks.dev/events/cancelled-storytime-and-singalong-for-kids', '10', '2016-07-13 18:08:49', '0', '2016-07-13 14:20:23', '2016-07-13 18:08:49', '0378fd6a-33c2-46c1-b1db-6d9ba504ae32'),
 ('12', '/events/bookstore-cafe', 'http://housingworks.dev/event', '2', '2016-07-13 15:04:42', '0', '2016-07-13 15:04:39', '2016-07-13 15:04:42', '586c8cbb-cbc3-485c-99f6-2ac2fd90b648'),
 ('13', '/event/summer-fiction-sale-all-day-july-11-through-july-18', 'http://housingworks.dev/event', '4', '2016-07-13 15:15:04', '0', '2016-07-13 15:13:36', '2016-07-13 15:15:04', 'e291c437-74f5-466d-a32e-9b746ede2d55'),
 ('14', '/Org Event Ad Storytime', 'http://housingworks.dev/events', '2', '2016-07-13 19:18:50', '0', '2016-07-13 19:17:48', '2016-07-13 19:18:50', 'ae85f1b4-5cef-48a6-ae16-2ea5dcfe8b37'),
 ('15', '/Bks Summer Fiction Sale', 'http://housingworks.dev/events', '2', '2016-07-13 19:18:50', '0', '2016-07-13 19:17:48', '2016-07-13 19:18:50', '5bdad107-6558-46e0-9b31-37fbff720276'),
 ('16', '/events/favicon.ico', 'http://housingworks.dev/events/category/housing-works/p2', '2', '2016-07-26 18:57:03', '0', '2016-07-18 17:25:34', '2016-07-26 18:57:03', '66aaa380-54e9-4199-b647-dacea0edbd1a'),
 ('17', '/events/category/bookstore-cafe/housing-works', 'http://housingworks.dev/events/category/bookstore-cafe', '1', '2016-07-18 17:32:13', '0', '2016-07-18 17:32:13', '2016-07-18 17:32:13', 'cf36c277-16d1-4bff-9ee8-bfa570bda10c'),
 ('18', '/events/category', NULL, '1', '2016-07-18 17:32:18', '0', '2016-07-18 17:32:18', '2016-07-18 17:32:18', '5f9a56e0-c5f8-4d3e-9150-4bb53c73c432'),
 ('19', '/blogs/category/new-york-city-new-york-state-advocacy', 'http://housingworks.dev/blog', '6', '2016-07-18 19:28:04', '0', '2016-07-18 19:18:30', '2016-07-18 19:28:04', '779a4b2a-8241-4df8-9d6e-3f6088175c86'),
 ('20', '/blogs/category/new-york-city-new-york-state-advocacy/hiv-testing-and-data-sharing', 'http://housingworks.dev/blog', '2', '2016-07-18 19:22:29', '0', '2016-07-18 19:18:40', '2016-07-18 19:22:29', 'ef1eecc6-ea41-4c22-8557-49a5bc244c93'),
 ('21', '/blogs/category/national-advocacy/national-hiv-aids-policy-priorities', 'http://housingworks.dev/blog', '1', '2016-07-18 19:28:08', '0', '2016-07-18 19:28:08', '2016-07-18 19:28:08', '5fe05003-12a4-4b11-9cb3-d115d6bdef0c'),
 ('22', '/blog', 'http://housingworks.dev/blogs', '3', '2016-07-18 19:29:13', '0', '2016-07-18 19:28:43', '2016-07-18 19:29:13', '1bc49314-1ba5-4447-b3e1-2db1936a86ed'),
 ('23', '/blogs/favicon.ico', 'http://housingworks.dev/blogs/category/new-york-city-new-york-state-advocacy/hiv-testing-and-data-sharing', '6', '2016-08-02 14:25:59', '0', '2016-07-18 19:29:21', '2016-08-02 14:25:59', 'f30093a0-5bb6-4084-b14e-f8c797ab4239'),
 ('24', '/blog/ceo-charles-king-reflects-on-alton-sterling-philando-castile-shootings', 'http://housingworks.dev/blogs', '1', '2016-07-18 19:34:50', '0', '2016-07-18 19:34:50', '2016-07-18 19:34:50', '768d4c1d-5363-4fae-95d4-4dbeafe2aa46'),
 ('25', '/blog/nyc-black-lives-matter-demonstration', 'http://housingworks.dev/blogs', '1', '2016-07-18 19:34:58', '0', '2016-07-18 19:34:58', '2016-07-18 19:34:58', '4cbbff31-306b-4fba-9cb1-031ebbb48c09'),
 ('26', '/press/bookstore-cafe', 'http://housingworks.dev/press', '1', '2016-07-18 20:41:09', '0', '2016-07-18 20:41:09', '2016-07-18 20:41:09', '95ac02b2-e800-4e0b-b33f-ebe16d5a9d18'),
 ('27', '/press/health-care', 'http://housingworks.dev/press', '2', '2016-07-18 20:41:31', '0', '2016-07-18 20:41:15', '2016-07-18 20:41:31', '99cabb34-d284-4969-a9c0-7fb11b84876e'),
 ('28', '/press/thrift-shop', 'http://housingworks.dev/press', '1', '2016-07-18 21:53:23', '0', '2016-07-18 21:53:23', '2016-07-18 21:53:23', 'ef50743e-8edb-4d16-b454-c2c1b3f9a97d'),
 ('29', '/press/favicon.ico', 'http://housingworks.dev/press/category/events/fashion-for-action', '4', '2016-08-02 15:57:26', '0', '2016-07-18 22:05:49', '2016-08-02 15:57:26', '83a51758-c2e7-4e7f-af0b-179270a5f401'),
 ('30', '/_press-release', 'http://housingworks.dev/press', '2', '2016-07-18 22:26:59', '0', '2016-07-18 22:26:48', '2016-07-18 22:26:59', 'dbdee7d6-3b8f-4050-9305-c6a3e55abe97'),
 ('31', '/press-release', 'http://housingworks.dev/press', '1', '2016-07-18 22:30:25', '0', '2016-07-18 22:30:25', '2016-07-18 22:30:25', '5ebbd740-09f0-43f6-ab66-929d5f9262e3'),
 ('32', '/press-release.html', 'http://housingworks.dev/press', '6', '2016-07-18 22:32:44', '0', '2016-07-18 22:31:06', '2016-07-18 22:32:44', 'b31c7ad2-977d-4564-9748-ca459092ce7b'),
 ('33', '/board', NULL, '1', '2016-07-19 02:01:30', '0', '2016-07-19 02:01:30', '2016-07-19 02:01:30', 'daefc25d-d081-4b1f-80de-4f54bb553d2f'),
 ('34', '/press/category/press-release', 'http://housingworks.dev/press/category/health-care', '3', '2016-07-19 02:33:27', '0', '2016-07-19 02:32:17', '2016-07-19 02:33:27', '00065a79-2bda-4c0a-bb98-c59248f86cba'),
 ('35', '/location', 'http://housingworks.dev/events/category/bookstore-cafe', '2', '2016-07-19 15:02:37', '0', '2016-07-19 14:53:32', '2016-07-19 15:02:37', 'f5c90b49-05ec-40e4-b790-9bdec3392f49'),
 ('36', '/_entry', 'http://housingworks.dev/locations', '2', '2016-07-19 18:08:05', '0', '2016-07-19 18:07:58', '2016-07-19 18:08:05', '8418fc0a-0977-4ce8-871b-e1adf9effe1b'),
 ('37', '/locations.url', 'http://housingworks.dev/locations', '1', '2016-07-19 18:08:33', '0', '2016-07-19 18:08:33', '2016-07-19 18:08:33', 'dfe1f40e-b309-41b2-80e2-7c17f8802165'),
 ('38', '/pres/_entry.html', 'http://housingworks.dev/locations', '4', '2016-07-19 18:09:06', '0', '2016-07-19 18:08:49', '2016-07-19 18:09:06', '7d3b671e-924b-41fb-9069-b45063664c5d'),
 ('39', '/locations/aaimaids-action-in-mississippi-1', 'http://housingworks.dev/locations/category/bookstore-cafe', '1', '2016-07-19 18:19:40', '1', '2016-07-19 18:19:40', '2016-07-19 18:19:40', '4c106b42-7e79-4969-9dcd-c2ea3471ad7f'),
 ('40', '/bookstore-cafe', 'http://housingworks.dev/locations/category/advocacy-offices', '2', '2016-07-19 18:21:15', '0', '2016-07-19 18:20:54', '2016-07-19 18:21:15', 'ad8cdae4-1443-4c6f-b1cc-e9f9d8da7d1a'),
 ('41', '/location/{{locations.first().slug}}', 'http://housingworks.dev/locations/bookstorecafe', '1', '2016-07-19 18:21:19', '0', '2016-07-19 18:21:19', '2016-07-19 18:21:19', '61aad6df-9478-4626-9cce-78e4569cc10d'),
 ('42', '/locations/bookstorecafe', 'http://housingworks.dev/locations/category/bookstore-cafe', '1', '2016-07-19 18:21:22', '1', '2016-07-19 18:21:22', '2016-07-19 18:21:22', 'e3cf81b4-f40a-4ce8-b442-83ba733ae722'),
 ('43', '/aaimaids-action-in-mississippi', 'http://housingworks.dev/locations', '1', '2016-07-19 18:22:36', '0', '2016-07-19 18:22:36', '2016-07-19 18:22:36', '5bf92665-85cd-4a82-b217-d02c62fd2d3d'),
 ('44', '/locations/_entry', 'http://housingworks.dev/locations', '1', '2016-07-19 18:23:28', '0', '2016-07-19 18:23:28', '2016-07-19 18:23:28', '5c63abfe-3a1f-4d16-a818-bb3d926ec937'),
 ('45', '/locations/{{locations.first().slug}}', 'http://housingworks.dev/locations', '1', '2016-07-19 18:24:02', '0', '2016-07-19 18:24:02', '2016-07-19 18:24:02', 'c6942718-87b7-435f-9b01-ba45416662f4'),
 ('46', '/locations/locations.first().slug', 'http://housingworks.dev/locations', '1', '2016-07-19 18:24:18', '0', '2016-07-19 18:24:18', '2016-07-19 18:24:18', '89b776c1-5d5a-451b-b998-00cc1dedf122'),
 ('47', '/careers', NULL, '1', '2016-07-19 19:52:52', '0', '2016-07-19 19:52:52', '2016-07-19 19:52:52', '1b4f196b-4e15-464b-865d-4d81f99a207c'),
 ('48', '/career-job/nurse-care-coordinator-rn', 'http://housingworks.dev/career', '1', '2016-07-19 21:12:03', '0', '2016-07-19 21:12:03', '2016-07-19 21:12:03', 'fe42305c-0791-4645-8156-268a7a6eb4dc'),
 ('49', '/amin', NULL, '1', '2016-07-20 14:05:22', '0', '2016-07-20 14:05:22', '2016-07-20 14:05:22', 'e2df42cd-ebc8-4045-9d12-c1a3e543f57e'),
 ('50', '/Services', 'http://housingworks.dev/volunteer', '2', '2016-07-20 21:39:52', '0', '2016-07-20 21:39:35', '2016-07-20 21:39:52', 'a0aa58fd-ac21-48c5-a5db-259359f19e9b'),
 ('51', '/favicon.ico', 'http://housingworks.dev/', '5', '2016-08-03 14:05:04', '0', '2016-07-25 15:09:59', '2016-08-03 14:05:04', '674d534b-005c-4954-8975-00bf1ff4690b'),
 ('52', '/index.php/testPathInfo', NULL, '14', '2016-08-03 14:13:28', '0', '2016-07-25 15:28:06', '2016-08-03 14:13:28', '01bd4797-c00f-4bb0-ac4d-9eb8e745af4d'),
 ('53', '/releases', 'http://housingworks.dev/press/category/health-care', '4', '2016-07-26 15:40:29', '0', '2016-07-26 15:00:58', '2016-07-26 15:40:29', 'f1aebf88-db67-4726-8b95-d0703ffc20f5'),
 ('54', '/press/category/press/releases', 'http://housingworks.dev/press/category/advocacy', '8', '2016-07-26 16:21:39', '0', '2016-07-26 15:05:13', '2016-07-26 16:21:39', '06009703-cad8-4ca6-b774-ebc01a1dc692'),
 ('55', '/press/press/releases', 'http://housingworks.dev/press/releases', '8', '2016-07-26 15:27:07', '0', '2016-07-26 15:10:07', '2016-07-26 15:27:07', 'fb466d18-3320-46bf-89da-fad33a0a0ff4'),
 ('56', '/press/release/press/releases', 'http://housingworks.dev/press/release/side-event-to-the-united-nations-high-level-meeting-on-ending-aids-to-address-exclusion', '5', '2016-07-26 15:26:02', '0', '2016-07-26 15:25:41', '2016-07-26 15:26:02', '13c1ce9a-44b1-4057-92d8-7c7416ae2f46'),
 ('57', '/locations/favicon.ico', 'http://housingworks.dev/locations/category/health-care-centers/p2', '1', '2016-07-26 18:21:57', '0', '2016-07-26 18:21:57', '2016-07-26 18:21:57', '8bdc4efe-6936-46c5-bf28-15b7062d254d'),
 ('58', '/charge/resources/js/stripe_v2.min.js', 'http://housingworks.dev/donations', '12', '2016-07-26 20:30:49', '0', '2016-07-26 20:10:59', '2016-07-26 20:30:49', '21f0640d-c4f6-481e-82f5-7e14e2ec2025'),
 ('59', '/charge/resources/js/jquery.charge.js', 'http://housingworks.dev/donations', '17', '2016-07-26 20:30:50', '0', '2016-07-26 20:11:00', '2016-07-26 20:30:50', '66f733ee-1a96-4c79-bc68-d2cb8111eb50'),
 ('60', '/resources/js/jquery.charge.js', 'http://housingworks.dev/donations', '5', '2016-07-26 20:32:39', '0', '2016-07-26 20:31:20', '2016-07-26 20:32:39', 'de2523f5-aabb-40c2-8086-93b6be2cf412'),
 ('61', '/resources/js/stripe_v2.min.js', 'http://housingworks.dev/donations', '3', '2016-07-26 20:32:39', '0', '2016-07-26 20:31:20', '2016-07-26 20:32:39', 'ef351e24-a1a3-40a3-aad9-c40ddc685abc'),
 ('62', '/plugins/charge/resources/js/jquery.charge.js', 'http://housingworks.dev/donations', '6', '2016-07-26 20:37:21', '0', '2016-07-26 20:34:32', '2016-07-26 20:37:21', '8bdd444f-b213-4197-98a2-cfa2f29ba32c'),
 ('63', '/plugins/charge/resources/js/stripe_v2.min.js', 'http://housingworks.dev/donations', '4', '2016-07-26 20:38:06', '0', '2016-07-26 20:34:32', '2016-07-26 20:38:06', '4ff76bf7-90d9-472e-a8e9-9496ca6faa56'),
 ('64', '/housingworks/craft/plugins/charge/resources/js/jquery.charge.js', 'http://housingworks.dev/donations', '2', '2016-07-26 20:38:07', '0', '2016-07-26 20:38:06', '2016-07-26 20:38:07', '832a36cf-2d76-49db-b933-38ab87a1ba11'),
 ('65', '/charge/success/3490a71fb3327be30b8bf11faa4ec726', 'http://housingworks.dev/donations', '1', '2016-07-26 20:39:52', '0', '2016-07-26 20:39:52', '2016-07-26 20:39:52', 'a2712dc2-9de9-425f-9eb6-606e93f5f430'),
 ('66', '/charge/success/41fec7e1ae41417413d12550e99db117', 'http://housingworks.dev/donations', '1', '2016-07-26 20:48:15', '0', '2016-07-26 20:48:15', '2016-07-26 20:48:15', 'ed0a2e7f-40a0-4ec3-a00a-0b80d3b46af4'),
 ('67', '/charge/success/06366ebe9e30db045e096c312b7f4167', 'http://housingworks.dev/donations', '1', '2016-07-26 20:48:50', '0', '2016-07-26 20:48:50', '2016-07-26 20:48:50', '357243a8-3d55-4d7d-9e3f-7a525da1d507'),
 ('68', '/donate', 'http://housingworks.dev/donations', '3', '2016-07-26 22:23:28', '0', '2016-07-26 22:23:13', '2016-07-26 22:23:28', '110debf7-36c0-4444-a3c4-81ed52c38135'),
 ('69', '/payment.html', NULL, '1', '2016-07-27 19:12:58', '0', '2016-07-27 19:12:58', '2016-07-27 19:12:58', 'ecd2103d-688f-4a32-96db-d2378761da21'),
 ('70', '/payment?amount=60&customAmount=&planInterval=', 'http://housingworks.dev/donations', '2', '2016-07-27 19:28:38', '0', '2016-07-27 19:28:07', '2016-07-27 19:28:38', '05cac0a4-1307-459d-aee0-841e14bbcb1d'),
 ('71', '/human.txt', NULL, '1', '2016-08-02 16:17:07', '0', '2016-08-02 16:17:07', '2016-08-02 16:17:07', '5da68b0d-6483-4076-863e-c3d9631cddab'),
 ('72', '/link goes here', 'http://housingworks.dev/', '1', '2016-08-03 16:58:17', '0', '2016-08-03 16:58:17', '2016-08-03 16:58:17', '73434595-8217-4fb9-a94e-5dc6ee132c73');



DROP TABLE IF EXISTS `craft_routes`;


--
-- Schema for table `craft_routes`
--
CREATE TABLE `craft_routes` (
  `id` int(11) NOT NULL AUTO_INCREMENT,
  `locale` char(12) COLLATE utf8_unicode_ci DEFAULT NULL,
  `urlParts` varchar(255) COLLATE utf8_unicode_ci NOT NULL,
  `urlPattern` varchar(255) COLLATE utf8_unicode_ci NOT NULL,
  `template` varchar(255) COLLATE utf8_unicode_ci NOT NULL,
  `sortOrder` smallint(6) unsigned DEFAULT NULL,
  `dateCreated` datetime NOT NULL,
  `dateUpdated` datetime NOT NULL,
  `uid` char(36) COLLATE utf8_unicode_ci NOT NULL DEFAULT '0',
  PRIMARY KEY (`id`),
  UNIQUE KEY `craft_routes_urlPattern_unq_idx` (`urlPattern`),
  KEY `craft_routes_locale_idx` (`locale`)
) ENGINE=InnoDB DEFAULT CHARSET=utf8 COLLATE=utf8_unicode_ci;

DROP TABLE IF EXISTS `craft_searchindex`;


--
-- Schema for table `craft_searchindex`
--
CREATE TABLE `craft_searchindex` (
  `elementId` int(11) NOT NULL,
  `attribute` varchar(25) COLLATE utf8_unicode_ci NOT NULL,
  `fieldId` int(11) NOT NULL,
  `locale` char(12) COLLATE utf8_unicode_ci NOT NULL,
  `keywords` text COLLATE utf8_unicode_ci NOT NULL,
  PRIMARY KEY (`elementId`,`attribute`,`fieldId`,`locale`),
  FULLTEXT KEY `craft_searchindex_keywords_idx` (`keywords`)
) ENGINE=MyISAM DEFAULT CHARSET=utf8 COLLATE=utf8_unicode_ci;

--
-- Data for table `craft_searchindex`
--

INSERT INTO `craft_searchindex` (`elementId`, `attribute`, `fieldId`, `locale`, `keywords`) VALUES
 ('1', 'username', '0', 'en_us', ' briansbier gmail com '),
 ('1', 'firstname', '0', 'en_us', ''),
 ('1', 'lastname', '0', 'en_us', ''),
 ('1', 'fullname', '0', 'en_us', ''),
 ('1', 'email', '0', 'en_us', ' briansbier gmail com '),
 ('1', 'slug', '0', 'en_us', ''),
 ('2', 'slug', '0', 'en_us', ' homepage '),
 ('2', 'title', '0', 'en_us', ' welcome to housingworks dev '),
 ('2', 'field', '1', 'en_us', ' it s true this site doesn t have a whole lot of content yet but don t worry our web developers have just installed the cms and they re setting things up for the content editors this very moment soon housingworks dev will be an oasis of fresh perspectives sharp analyses and astute opinions that will keep you coming back again and again '),
 ('4', 'kind', '0', 'en_us', ' image '),
 ('4', 'slug', '0', 'en_us', ''),
 ('4', 'title', '0', 'en_us', ' blm 7 7 16 '),
 ('5', 'field', '3', 'en_us', ' blm 7 7 16 '),
 ('5', 'field', '1', 'en_us', ' new york ny housing works is grateful to all the people from our community housing works staff clients volunteers supporters and allies who came out to march with us at the july 7 black lives matter demonstration the evening rally and march were peaceful and non violent but very disruptive as we marched from the rally location in union square into traffic up fifth avenue through herald square and across 34th street and eventually ending in times square we stopped traffic all along the way and once we reached and overtook times square we were successful in staging a huge sit in beforenypdswooped in and began making arrests '),
 ('4', 'extension', '0', 'en_us', ' jpg '),
 ('4', 'filename', '0', 'en_us', ' blm_7 7 16 jpg '),
 ('5', 'slug', '0', 'en_us', ' nyc black lives matter demonstration '),
 ('5', 'title', '0', 'en_us', ' nyc black lives matter demonstration '),
 ('6', 'filename', '0', 'en_us', ' blm_say_their_names_7 7 16 jpg '),
 ('6', 'extension', '0', 'en_us', ' jpg '),
 ('6', 'kind', '0', 'en_us', ' image '),
 ('6', 'slug', '0', 'en_us', ' blm say their names 7 7 16 '),
 ('6', 'title', '0', 'en_us', ' blm say their names 7 7 16 '),
 ('5', 'field', '4', 'en_us', ' blm 7 7 16 the evening rally and march were peaceful and non violent but very disruptive as we marched from the rally location in union square into traffic up fifth avenue through herald square and across 34th street and eventually ending in times square we stopped traffic all along the way and once we reached and overtook times square we were successful in staging a huge sit in beforenypdswooped in and began making arrests blm 7 7 16 blm say their names 7 7 16 '),
 ('7', 'field', '5', 'en_us', ' blm 7 7 16 '),
 ('7', 'slug', '0', 'en_us', ''),
 ('8', 'field', '6', 'en_us', ' the evening rally and march were peaceful and non violent but very disruptive as we marched from the rally location in union square into traffic up fifth avenue through herald square and across 34th street and eventually ending in times square we stopped traffic all along the way and once we reached and overtook times square we were successful in staging a huge sit in beforenypdswooped in and began making arrests '),
 ('8', 'slug', '0', 'en_us', ''),
 ('9', 'field', '7', 'en_us', ' blm 7 7 16 blm say their names 7 7 16 '),
 ('9', 'slug', '0', 'en_us', ''),
 ('10', 'slug', '0', 'en_us', ' national advocacy '),
 ('10', 'title', '0', 'en_us', ' national advocacy '),
 ('11', 'filename', '0', 'en_us', ' aids_free_usa_2025_date_graphic jpg '),
 ('11', 'extension', '0', 'en_us', ' jpg '),
 ('11', 'kind', '0', 'en_us', ' image '),
 ('11', 'slug', '0', 'en_us', ''),
 ('11', 'title', '0', 'en_us', ' aids free usa 2025 date graphic '),
 ('10', 'field', '3', 'en_us', ' aids free usa 2025 date graphic '),
 ('10', 'field', '1', 'en_us', ' with recent advancements in science data and health care access we can endaidsif we have the resolve even without a cure by dramatically reducing the number of newhivinfections and by bringing those living withhiv aids to optimal health anhiv person on treatment that renders the virus undetectable is not only healthy but also virtually unable to transmithivto others by combining effective biomedical strategies with interventions addressing social drivers of the disease we can bringhivbelow epidemic levels nationally a framework for endingaidsin the u s by 2025 the nationalhiv aids strategy nhas the affordable care act aca and medicaid expansion in some states across the nation offer unprecedented momentum and offer a solid framework for realizing the end ofaids housing works national staff and partners facilitate broad collaborative efforts among state based partners and coalitions hiv specific and beyond to promote and advocate for meaningful implementation ofaca medicaid expansion especially in states where incidence and prevalence remain high and other systemic change necessary to end theaidsepidemic addressing viral suppression incidence disparities inequities and stigma national staff also advocates for federal level actions that encourage and support state based planning and implementation '),
 ('10', 'field', '4', 'en_us', ''),
 ('5', 'field', '8', 'en_us', ' new york city new york state advocacy biomedical interventions national advocacy '),
 ('12', 'filename', '0', 'en_us', ' hiv_crim_2 jpg '),
 ('12', 'extension', '0', 'en_us', ' jpg '),
 ('12', 'kind', '0', 'en_us', ' image '),
 ('12', 'slug', '0', 'en_us', ''),
 ('12', 'title', '0', 'en_us', ' hiv crim 2 '),
 ('13', 'field', '3', 'en_us', ' hiv crim 2 '),
 ('13', 'field', '1', 'en_us', ' nationalhiv aids policy areas currently the housing works national advocacy strategy is focused in the followinghiv aids policy areas health care reformryan whitehiv aids programfederal budget advocacyhivcriminalizationhepatitis csyringe accesshealth care reform the affordable care act aca was signed into law in march 2010 several provisions have already been implemented however a number of provisions will be implemented in 2014 as marketplaces go live and new insurance policies take effect provisions disallowing lifetime spending limits and denial of coverage due to preexisting conditions have already proven beneficial to people living withhiv aids plwha we are monitoring ongoing implementation to ensure protections and identify opportunities forplwha and support advocacy efforts for one of the most critical elements of the aca medicaid expansion in all 50 states '),
 ('13', 'field', '4', 'en_us', ''),
 ('13', 'slug', '0', 'en_us', ' national hiv aids policy priorities '),
 ('13', 'title', '0', 'en_us', ' national hiv aids policy priorities '),
 ('14', 'field', '3', 'en_us', ' aids free usa 2025 date graphic '),
 ('14', 'field', '1', 'en_us', ' aids freeworld2030campaign housing works aids free campaign is a collaborative multi year initiative committed to ending theaidsepidemic in new york state by 2020 in the united states by 2025 and worldwide by 2030 with recent advancements in science data and health care access we can endaidsif we have the resolve even without a cure by dramatically reducing the number of newhivinfections and by bringing those living withhiv aids to optimal health how we can endaidswithout a cure anhiv person on treatment that renders the virus undetectable is not only healthy but also virtually unable to transmithivto others by combining effective biomedical strategies with interventions addressing social drivers of the disease we can bringhivbelow epidemic levels statewide nationally and globally this community driven advocacy campaign will rely on strategic partnerships with community based organizations plwhas and government and administrative agencies housing works role is to facilitate initiatives geared to on the ground realities in the three geographic realms and to promote a growing movement towards a collective end of aidsagenda '),
 ('14', 'field', '4', 'en_us', ''),
 ('14', 'slug', '0', 'en_us', ' international '),
 ('14', 'title', '0', 'en_us', ' international '),
 ('15', 'filename', '0', 'en_us', ' har10_map_haiti_small jpg '),
 ('15', 'extension', '0', 'en_us', ' jpg '),
 ('15', 'kind', '0', 'en_us', ' image '),
 ('15', 'slug', '0', 'en_us', ''),
 ('15', 'title', '0', 'en_us', ' har10 map haiti small '),
 ('16', 'field', '3', 'en_us', ' har10 map haiti small '),
 ('16', 'field', '1', 'en_us', ' since 2008 housing works has worked with haitian organizations and coalitions of people living withhiv aids to help stem the spread of the disease and to empower sexual minorities includinglgbthaitians and sex workers to become full participants in haitian society haiti continues to have one of the highest rates ofhivin the caribbean with an estimated 150 000 individuals living withhivand a prevalence rate among adults of 2 1% as of 2012 estimates fromunaids after the 2010 earthquake that killed 300 000 haitians and displaced more than one million housing works immediately responded with emergency aid helping with the operations of one existing health clinic and establishing two others for those displaced by the natural disaster since then housing works opened an office in port au prince to join the advocacy efforts of grassroots haitianaidsgroups working closely with the plateforme haitienne des associations depvvih phap a coalition of more than a dozen haitianaidsadvocacy and service groups '),
 ('16', 'field', '4', 'en_us', ''),
 ('16', 'slug', '0', 'en_us', ' haiti '),
 ('16', 'title', '0', 'en_us', ' haiti '),
 ('17', 'filename', '0', 'en_us', ' hiv_continuum_nys_red_ribbon_style_august_2014 jpg '),
 ('17', 'extension', '0', 'en_us', ' jpg '),
 ('17', 'kind', '0', 'en_us', ' image '),
 ('17', 'slug', '0', 'en_us', ''),
 ('17', 'title', '0', 'en_us', ' hiv continuum nys red ribbon style august 2014 '),
 ('18', 'field', '3', 'en_us', ' aids free usa 2025 date graphic '),
 ('18', 'field', '1', 'en_us', ' this is a new york category the housing worksaids freeny 2020 campaign is a collaborative multi year initiative committed to ending theaidsepidemic in ny state by 2020 '),
 ('18', 'field', '4', 'en_us', ' nyc nysadvocacyoverview housing works has dedicated itself to advocating on behalf of the 154 000 new yorkers living withhiv aids we ve done so primarily by maintaining a robust presence in both new york city and in albany our advocacy efforts help ensure that new york provides housing and related supportive services to low income and homeless new yorkers living withhiv aids when the state legislature is in session our clients and staff visit weekly with state leaders on a range of issues from the equitable application of statewideaidshousing subsidies to equal rights for transgender new yorkers to condom access at the city level we closely track thehiv aids services administration hasa the city agency charged with overseeing subsidies for poor new yorkers withaids and we push for improvements ofhasaservices every year we doggedly lobby the mayor and city council to make the best funding decisions aroundhivprevention and care especially for those at risk drug users transgender people people of color the poor the homeless and those with mental illnesses sometimes our lobbying takes the form ofrallies protests andcreative civil disobedience actions governor s commitment to state plan to end the epidemic in june 2013 a coalition of over 30 new york organizations among themlgbtandaidsadvocacy and service provider groups asked governor andrew cuomo to revitalize and strengthen theaidsinstitute and in january 2014 we called upon the governor again to publicly declare a plan to endaidsin new york and to appoint a high level task force to develop the strategic roadmap and plan to get us there on june 29 2014 coinciding withnycgay pride new york governor andrew cuomo made history by committing new york state to endingaidsas an epidemic by the year 2020 click a href= here class= redactor linkify object https www governor ny gov pr to see the full press release issued by the governor s office with this announcement new york the epicenter of the nation shivepidemic since the beginning is the first jurisdiction anywhere in the world to launch an effort to end ouraidsepidemic even without a cure by stopping deaths fromhivdisease and eliminating newhivinfections hiv continuum nys red ribbon style august 2014 '),
 ('18', 'slug', '0', 'en_us', ' new york city new york state advocacy '),
 ('18', 'title', '0', 'en_us', ' new york city new york state advocacy '),
 ('19', 'field', '6', 'en_us', ' nyc nysadvocacyoverview housing works has dedicated itself to advocating on behalf of the 154 000 new yorkers living withhiv aids we ve done so primarily by maintaining a robust presence in both new york city and in albany our advocacy efforts help ensure that new york provides housing and related supportive services to low income and homeless new yorkers living withhiv aids when the state legislature is in session our clients and staff visit weekly with state leaders on a range of issues from the equitable application of statewideaidshousing subsidies to equal rights for transgender new yorkers to condom access at the city level we closely track thehiv aids services administration hasa the city agency charged with overseeing subsidies for poor new yorkers withaids and we push for improvements ofhasaservices every year we doggedly lobby the mayor and city council to make the best funding decisions aroundhivprevention and care especially for those at risk drug users transgender people people of color the poor the homeless and those with mental illnesses sometimes our lobbying takes the form ofrallies protests andcreative civil disobedience actions governor s commitment to state plan to end the epidemic in june 2013 a coalition of over 30 new york organizations among themlgbtandaidsadvocacy and service provider groups asked governor andrew cuomo to revitalize and strengthen theaidsinstitute and in january 2014 we called upon the governor again to publicly declare a plan to endaidsin new york and to appoint a high level task force to develop the strategic roadmap and plan to get us there on june 29 2014 coinciding withnycgay pride new york governor andrew cuomo made history by committing new york state to endingaidsas an epidemic by the year 2020 click a href= here class= redactor linkify object https www governor ny gov pr to see the full press release issued by the governor s office with this announcement new york the epicenter of the nation shivepidemic since the beginning is the first jurisdiction anywhere in the world to launch an effort to end ouraidsepidemic even without a cure by stopping deaths fromhivdisease and eliminating newhivinfections '),
 ('19', 'slug', '0', 'en_us', ''),
 ('20', 'field', '5', 'en_us', ' hiv continuum nys red ribbon style august 2014 '),
 ('20', 'slug', '0', 'en_us', ''),
 ('21', 'filename', '0', 'en_us', ' knowing_your_epidemic jpg '),
 ('21', 'extension', '0', 'en_us', ' jpg '),
 ('21', 'kind', '0', 'en_us', ' image '),
 ('21', 'slug', '0', 'en_us', ''),
 ('21', 'title', '0', 'en_us', ' knowing your epidemic '),
 ('22', 'field', '3', 'en_us', ' knowing your epidemic '),
 ('22', 'field', '1', 'en_us', ' thestateofourstateinhivtesting datasharing new york governor andrew cuomo s 2014 2015 budget included measures aimed at expanding new york shivtesting law and modifying data sharing capabilities these amendments were made to make it easier to identifyhiv positive new yorkers unaware of their status and link those out of care back into care written informed consent was eliminated from ourhivtesting law except in correctional facilities statewide previously new york was one of only two states that requiring written informed consent the surveillance data law was also updated to allow data collected by the department of health doh to be shared between authorizeddohstaff and medical providers to promote linkage and retention in care '),
 ('22', 'field', '4', 'en_us', ' page internship2 l1 btb group volunteer bks summer fiction sale '),
 ('22', 'slug', '0', 'en_us', ' hiv testing and data sharing '),
 ('22', 'title', '0', 'en_us', ' hiv testing and data sharing '),
 ('23', 'field', '3', 'en_us', ''),
 ('23', 'field', '1', 'en_us', ' artisan man braid mustache bitters bicycle rights whatever narwhal mixtape neutra taxidermy art party dreamcatcher pop up kale chips yuccie try hard neutra man braid keffiyeh asymmetrical jean shorts lumbersexual stumptown sriracha neutra listicle pork belly bespoke lomo fanny pack roof party wayfarers truffaut four dollar toast bicycle rights put a bird on it cold pressed irony aesthetic trust fund everyday carry kickstarter aesthetic authentic pug typewriter chambray fashion axe 1 microdosing master cleanse roof party squid keffiyeh gochujang slow carb heirloom bespoke kale chips meh tattooed stumptown typewriter church key flexitarian pabst '),
 ('23', 'field', '4', 'en_us', ''),
 ('23', 'slug', '0', 'en_us', ' advocacy resources '),
 ('23', 'title', '0', 'en_us', ' advocacy resources '),
 ('25', 'field', '1', 'en_us', ' a statement call to action by housing worksceocharles king on the shootings of alton sterling philado castile on more than one occasion my partner and housing works co founder keith cylar told me that the biggest threat to his existence was not asthma which almost killed him as an infant and several more times throughout his life nor drugs to which he was addicted for most of his adulthood noraids which he lived with for over 20 years nor homophobia which he confronted almost every day from the time he came out as a teenager the biggest threat to his existence he said was being a black man living in america i could not shake those words last night and again this morning reading and watching the videos of the police killings of alton sterling in baton rouge and then of philando castile in st paul and i asked myself why does this keep happening time after time after time after time of course i know the answer to that question if there is anything that we have learned over the last eight years with a black man as our president and if there is anything we have witnessed over the last year as donald trump has risen to become the presidential nominee of the republican party it is that racism is not just something in our past rather it is seeded in thednaof our nation and in thednaof every city town and hamlet in our land it touches and taints everything around us it is why black women are so many times more likely than other women to be infected withhiv especially in the deep south and it is why young blackmsmare more likely to be infected withhivthan any other group right here in new york city it is why people of color and especially black people fair worse on almost every health indicator and every other measure of well being yes there are other deeply seated isms in our society including sexism homophobia and transphobia but look at any one of these other prejudices through the prism of race and you can see just how utterly devastating racism really is '),
 ('25', 'field', '3', 'en_us', ' blm say their names 7 7 16 '),
 ('25', 'field', '8', 'en_us', ' new york city new york state advocacy '),
 ('25', 'field', '4', 'en_us', ' quinoa pork belly next level disrupt authentic four dollar toast craft beer artisan bespoke kale chips hella lo fi yr tote bag sustainable celiac before they sold out austin gastropub blue bottle forage crucifix lumbersexual retro portland readymade tote bag tacos trust fund mumblecore man bun roof party meditation blog tofu lo fi ethical shoreditch roof party authentic meggings church key lomo disrupt fap austin health goth you probably haven t heard of them hoodie wolf chartreuse jean shorts umami disrupt 8 bit four dollar toast shoreditch fashion axe skateboard taxidermy fanny pack wayfarers truffaut asymmetrical heirloom post ironic fap fixie selfies vice skateboard thundercats pinterest hammock pbrb aids free usa 2025 date graphic blm 7 7 16 '),
 ('25', 'slug', '0', 'en_us', ' ceo charles king reflects on alton sterling philando castile shootings ');
INSERT INTO `craft_searchindex` (`elementId`, `attribute`, `fieldId`, `locale`, `keywords`) VALUES
 ('25', 'title', '0', 'en_us', ' ceo charles king reflects on alton sterling philando castile shootings '),
 ('5', 'field', '9', 'en_us', ' 2016 07 08 '),
 ('25', 'field', '9', 'en_us', ' 2016 07 11 '),
 ('26', 'filename', '0', 'en_us', ' truvada jpg '),
 ('26', 'extension', '0', 'en_us', ' jpg '),
 ('26', 'kind', '0', 'en_us', ' image '),
 ('26', 'slug', '0', 'en_us', ''),
 ('26', 'title', '0', 'en_us', ' truvada '),
 ('27', 'field', '3', 'en_us', ' truvada '),
 ('27', 'field', '1', 'en_us', ' wherewestandonbiomedicalinterventions housing works supports the use of the full range ofhivprevention tools available including treatment as prevention tasp condoms prep pre exposure prophylaxis andpep post exposure prophylaxis to achieve anaids freenew york by 2020 we will need to be making use of every viable tool in thehivprevention and treatment arsenals and that means increasing education and awareness of each tool as well as access to them biomedical interventions our strategies recommend antiretrovirals arvs for allhiv positive adults and adolescents consistent with federal guidelines make prep available for those who need it make occupationalpepavailable onsite and non occupationalpepavailable in pharmacies and community health clinics within two hours of exposure require combinationhivprevention care and services from all new york city and state providers public and private as essential service under theacaprevention mandate fully implement comprehensive age appropriate sex education in new york city and state schools '),
 ('27', 'field', '4', 'en_us', ''),
 ('27', 'slug', '0', 'en_us', ' biomedical interventions '),
 ('27', 'title', '0', 'en_us', ' biomedical interventions '),
 ('28', 'filename', '0', 'en_us', ' martus graduates nov 2013 300x225 jpg '),
 ('28', 'extension', '0', 'en_us', ' jpg '),
 ('28', 'kind', '0', 'en_us', ' image '),
 ('28', 'slug', '0', 'en_us', ''),
 ('28', 'title', '0', 'en_us', ' martus graduates nov 2013 300x225 '),
 ('72', 'slug', '0', 'en_us', ' advocacy offices '),
 ('72', 'title', '0', 'en_us', ' advocacy offices '),
 ('73', 'slug', '0', 'en_us', ' services '),
 ('73', 'title', '0', 'en_us', ' services '),
 ('74', 'slug', '0', 'en_us', ' thrift shops '),
 ('74', 'title', '0', 'en_us', ' thrift shops '),
 ('75', 'slug', '0', 'en_us', ' bookstore cafe '),
 ('75', 'title', '0', 'en_us', ' bookstore cafe '),
 ('76', 'filename', '0', 'en_us', ' 1 train svg '),
 ('76', 'extension', '0', 'en_us', ' svg '),
 ('76', 'kind', '0', 'en_us', ' image '),
 ('76', 'slug', '0', 'en_us', ''),
 ('71', 'slug', '0', 'en_us', ''),
 ('30', 'field', '10', 'en_us', ''),
 ('30', 'field', '1', 'en_us', ' new york times coverage of lawsuit filed by armen h merjian http www nytimes com 2015 06 '),
 ('30', 'field', '13', 'en_us', ' advocacy '),
 ('30', 'field', '9', 'en_us', ' 2016 07 12 '),
 ('30', 'field', '11', 'en_us', ' new york times '),
 ('30', 'field', '12', 'en_us', ' noah remnick '),
 ('30', 'slug', '0', 'en_us', ' suit accuses landlord of discriminating against tenant with aids '),
 ('30', 'title', '0', 'en_us', ' suit accuses landlord of discriminating against tenant with aids '),
 ('31', 'field', '10', 'en_us', ''),
 ('31', 'field', '1', 'en_us', ' nothing to display '),
 ('31', 'field', '9', 'en_us', ' 2016 07 12 '),
 ('31', 'slug', '0', 'en_us', ' thrift shop '),
 ('31', 'title', '0', 'en_us', ' thrift shop '),
 ('32', 'field', '10', 'en_us', ''),
 ('32', 'field', '1', 'en_us', ' nothing to display but we are in the book store '),
 ('32', 'field', '9', 'en_us', ' 2016 07 12 '),
 ('32', 'slug', '0', 'en_us', ' bookstore cafe '),
 ('32', 'title', '0', 'en_us', ' bookstore cafe '),
 ('33', 'field', '10', 'en_us', ''),
 ('33', 'field', '1', 'en_us', ' this should display everything related to advocacy '),
 ('33', 'field', '9', 'en_us', ''),
 ('33', 'slug', '0', 'en_us', ' advocacy '),
 ('33', 'title', '0', 'en_us', ' advocacy '),
 ('34', 'field', '10', 'en_us', ''),
 ('34', 'field', '1', 'en_us', ' this should display a list of events '),
 ('34', 'field', '9', 'en_us', ' 2016 07 11 '),
 ('34', 'slug', '0', 'en_us', ' events '),
 ('34', 'title', '0', 'en_us', ' events '),
 ('35', 'filename', '0', 'en_us', ' org_presspages_f4a2013_2_glamour_magazine png '),
 ('35', 'extension', '0', 'en_us', ' png '),
 ('35', 'kind', '0', 'en_us', ' image '),
 ('35', 'slug', '0', 'en_us', ''),
 ('35', 'title', '0', 'en_us', ' org press pages f4 a2013 2 glamour magazine '),
 ('41', 'field', '1', 'en_us', ' for the full story click here '),
 ('41', 'field', '13', 'en_us', ' events fashion for action '),
 ('41', 'field', '10', 'en_us', ' org press pages f4 a2013 2 glamour magazine '),
 ('37', 'filename', '0', 'en_us', ' website png '),
 ('37', 'extension', '0', 'en_us', ' png '),
 ('37', 'kind', '0', 'en_us', ' image '),
 ('37', 'slug', '0', 'en_us', ''),
 ('37', 'title', '0', 'en_us', ' website '),
 ('38', 'field', '10', 'en_us', ' website '),
 ('38', 'field', '1', 'en_us', ' for the full story click here '),
 ('38', 'field', '13', 'en_us', ' health care '),
 ('38', 'field', '9', 'en_us', ' 2016 07 12 '),
 ('38', 'field', '11', 'en_us', ' dating advice '),
 ('38', 'field', '12', 'en_us', ' brian bier '),
 ('38', 'slug', '0', 'en_us', ' datingadvice com '),
 ('38', 'title', '0', 'en_us', ' datingadvice com '),
 ('39', 'field', '10', 'en_us', ''),
 ('39', 'field', '1', 'en_us', ' this is the health care section '),
 ('39', 'field', '9', 'en_us', ' 2016 07 12 '),
 ('39', 'slug', '0', 'en_us', ' health care '),
 ('39', 'title', '0', 'en_us', ' health care '),
 ('40', 'field', '10', 'en_us', ''),
 ('40', 'field', '1', 'en_us', ''),
 ('40', 'field', '9', 'en_us', ' 2016 07 12 '),
 ('40', 'slug', '0', 'en_us', ' fashion for action '),
 ('40', 'title', '0', 'en_us', ' fashion for action '),
 ('41', 'field', '9', 'en_us', ' 2016 07 12 '),
 ('41', 'field', '11', 'en_us', ' glamore '),
 ('41', 'field', '12', 'en_us', ' brian bier '),
 ('41', 'slug', '0', 'en_us', ' glamour magazine '),
 ('41', 'title', '0', 'en_us', ' glamour magazine '),
 ('42', 'field', '10', 'en_us', ''),
 ('42', 'field', '1', 'en_us', ''),
 ('42', 'field', '9', 'en_us', ''),
 ('42', 'slug', '0', 'en_us', ' design on a dime '),
 ('42', 'title', '0', 'en_us', ' design on a dime ');
INSERT INTO `craft_searchindex` (`elementId`, `attribute`, `fieldId`, `locale`, `keywords`) VALUES
 ('43', 'filename', '0', 'en_us', ' 2 editortv jpg '),
 ('43', 'extension', '0', 'en_us', ' jpg '),
 ('43', 'kind', '0', 'en_us', ' image '),
 ('43', 'slug', '0', 'en_us', ''),
 ('43', 'title', '0', 'en_us', ' 2 editortv '),
 ('44', 'field', '10', 'en_us', ' 2 editortv '),
 ('44', 'field', '1', 'en_us', ' for the full story click here '),
 ('44', 'field', '13', 'en_us', ' events design on a dime '),
 ('44', 'field', '9', 'en_us', ' 2016 07 11 '),
 ('44', 'field', '11', 'en_us', ' the editor at large '),
 ('44', 'field', '12', 'en_us', ' brian bier '),
 ('44', 'slug', '0', 'en_us', ' editor tv '),
 ('44', 'title', '0', 'en_us', ' editor tv '),
 ('45', 'filename', '0', 'en_us', ' org_presspages_f4a2013_5_ny_mag 1 jpg '),
 ('45', 'extension', '0', 'en_us', ' jpg '),
 ('45', 'kind', '0', 'en_us', ' image '),
 ('45', 'slug', '0', 'en_us', ''),
 ('45', 'title', '0', 'en_us', ' org press pages f4 a2013 5 ny mag 1 '),
 ('46', 'field', '10', 'en_us', ' org press pages f4 a2013 5 ny mag 1 '),
 ('46', 'field', '1', 'en_us', ' for the full story click here '),
 ('46', 'field', '13', 'en_us', ' events fashion for action '),
 ('46', 'field', '9', 'en_us', ' 2016 07 12 '),
 ('46', 'field', '11', 'en_us', ' new york magazines '),
 ('46', 'field', '12', 'en_us', ' brian bier '),
 ('46', 'slug', '0', 'en_us', ' new york magazine '),
 ('46', 'title', '0', 'en_us', ' new york magazine '),
 ('48', 'extension', '0', 'en_us', ' jpg '),
 ('48', 'kind', '0', 'en_us', ' image '),
 ('48', 'filename', '0', 'en_us', ' housing_is_healthcare jpg '),
 ('48', 'slug', '0', 'en_us', ''),
 ('48', 'title', '0', 'en_us', ' housing is healthcare '),
 ('49', 'field', '1', 'en_us', ' contacts mikola de roo 347 585 6051 m deroo housingworks org elizabeth koke 347 473 7459 e koke housingworks org governor cuomo announces state support for expanded housing services for people withhiv albany ny on the eve of new york city pride a weekend of events celebrating lesbian gay bisexual transgender and gender non conforming new yorkers governor andrew cuomo has announced the expansion ofhiv aids housing and services to all income eligible people withhivin new york city with this announcement the state joins new york city in a significant step towards ending ourhivepidemic a victory fornycresidents withhiv housing works and otherhiv aids advocacy organizations that is the culmination of many years of a hasa for all campaign homelessness and housing instability remain obstacles to effectivehivtreatment for an estimated 10 000hiv positive new yorkers across the state for an individual withhiv lack of stable housing and access to transportation and food pose formidable barriers to engagement in effectivehivcare and can mean the difference between life and death nyc shiv aids services administration hasa provides lifesaving social services including rental subsidies and transportation and nutritional assistance but to date these essential benefits have been limited to persons withaidsor other advancedhivdisease by outdated eligibility criteria '),
 ('49', 'field', '10', 'en_us', ' housing is healthcare '),
 ('49', 'field', '9', 'en_us', ' 2016 07 12 '),
 ('49', 'slug', '0', 'en_us', ' governor cuomo announces state support for expanded housing services for people with hiv '),
 ('49', 'title', '0', 'en_us', ' governor cuomo announces state support for expanded housing services for people with hiv '),
 ('50', 'filename', '0', 'en_us', ' unaids logo png '),
 ('50', 'extension', '0', 'en_us', ' png '),
 ('50', 'kind', '0', 'en_us', ' image '),
 ('50', 'slug', '0', 'en_us', ''),
 ('50', 'title', '0', 'en_us', ' unaids logo '),
 ('51', 'field', '1', 'en_us', ' media advisory for immediate release june 3 2016 contact elizabeth koke housing works e koke housingworks org 347 473 7459 side event to the united nations high level meeting on endingaidsto address exclusion of civil society organizations tuesday june 7 2016 1pm 3pm east river room ford foundation 320 east 43rd street new york ny rally press conference to follow new york ny twenty two civil society organizations on five continents that provide services forlgbtcommunities drug users and other marginalized populations have been excluded from the 2016 united nations high level meeting hlm on endingaidsby an anonymous veto from a un member state to address this situation a coalition of allies including housing works icaso pangea globalaids coalition for vulnerable communities cvc african services committee eannaso gnp andmsmglobal forum are organizing a side event the impact of civil society exclusion on ending theaidsepidemic by 2030 to shed light on the harm done by omittinglgbtcommunities drug users and other marginalized populations from international efforts to end theaidsepidemic '),
 ('51', 'field', '10', 'en_us', ' unaids logo '),
 ('51', 'field', '9', 'en_us', ' 2016 07 11 '),
 ('51', 'slug', '0', 'en_us', ' side event to the united nations high level meeting on ending aids to address exclusion '),
 ('51', 'title', '0', 'en_us', ' side event to the united nations high level meeting on ending aids to address exclusion '),
 ('52', 'slug', '0', 'en_us', ' press page '),
 ('52', 'title', '0', 'en_us', ' press page '),
 ('52', 'field', '14', 'en_us', ' katherine oakes '),
 ('52', 'field', '15', 'en_us', ' public relations manager '),
 ('52', 'field', '17', 'en_us', ' k oakes housingworks org '),
 ('52', 'field', '16', 'en_us', ' 212 966 0466 '),
 ('41', 'field', '18', 'en_us', ' http www glamour com fashion blogs dressed 2013 11 shopping for vintage holiday g html '),
 ('30', 'field', '18', 'en_us', ' http www nytimes com 2015 06 24 nyregion suit accuses landlord of discriminating against tenant with aids html '),
 ('38', 'field', '18', 'en_us', ' http www datingadvice com for men housing works the 1 organization fighting to end homelessness and aids '),
 ('44', 'field', '18', 'en_us', ' http editoratlarge com editortv designers master mad dash shopping part i 222 '),
 ('46', 'field', '18', 'en_us', ' http nymag com daily intelligencer 2013 11 patricia clarkson 21 questions html '),
 ('148', 'slug', '0', 'en_us', ' board page '),
 ('148', 'title', '0', 'en_us', ' board of directors '),
 ('148', 'field', '19', 'en_us', ' ear l ward esq chair partner emery celli brinckerhoff abady llp ear l ward esq chair partner emery celli brinckerhoff abady llp eric bartley secretary constituent representative housing works inc eric bartley secretary constituent representative housing works inc richard c biletta treasurer treasurer the mack company richard c biletta treasurer treasurer the mack company brian bier executive partner familiar studios brian bier executive partner familiar studios angela flaquer director owner footlocker inc angela flaquer director owner footlocker inc directors housing works inc is the oversight board of 14 subsidiary nonprofit organizations each incorporated as its own entity for programmatic accountability and financial liability purposes all subsidiary boards regularly report to housing works inc on all policy and fiscal matters all subsidiary organizations support the mission of housing works to fight the twin crises ofaidsand homelessness through programs and funding '),
 ('149', 'field', '20', 'en_us', ' directors '),
 ('149', 'field', '21', 'en_us', ' ear l ward esq chair partner emery celli brinckerhoff abady llp ear l ward esq chair partner emery celli brinckerhoff abady llp eric bartley secretary constituent representative housing works inc eric bartley secretary constituent representative housing works inc richard c biletta treasurer treasurer the mack company richard c biletta treasurer treasurer the mack company brian bier executive partner familiar studios brian bier executive partner familiar studios angela flaquer director owner footlocker inc angela flaquer director owner footlocker inc '),
 ('149', 'field', '22', 'en_us', ' housing works inc is the oversight board of 14 subsidiary nonprofit organizations each incorporated as its own entity for programmatic accountability and financial liability purposes all subsidiary boards regularly report to housing works inc on all policy and fiscal matters all subsidiary organizations support the mission of housing works to fight the twin crises ofaidsand homelessness through programs and funding '),
 ('55', 'slug', '0', 'en_us', ' bookstore cafe '),
 ('55', 'title', '0', 'en_us', ' bookstore cafe '),
 ('56', 'slug', '0', 'en_us', ' housing works '),
 ('56', 'title', '0', 'en_us', ' housing works '),
 ('57', 'slug', '0', 'en_us', ' advocate '),
 ('57', 'title', '0', 'en_us', ' advocate '),
 ('58', 'slug', '0', 'en_us', ' online sales '),
 ('58', 'title', '0', 'en_us', ' online sales '),
 ('59', 'slug', '0', 'en_us', ' team housing works '),
 ('59', 'title', '0', 'en_us', ' team housing works '),
 ('60', 'slug', '0', 'en_us', ' membership '),
 ('60', 'title', '0', 'en_us', ' membership '),
 ('61', 'slug', '0', 'en_us', ' volunteer '),
 ('61', 'title', '0', 'en_us', ' volunteer '),
 ('62', 'field', '1', 'en_us', ' save 30% on hot reads for the beach or the b train includes all fiction graphic novels and ya '),
 ('62', 'field', '25', 'en_us', ' bookstore cafe housing works '),
 ('62', 'field', '23', 'en_us', ' 2016 07 21 '),
 ('62', 'field', '24', 'en_us', ' 2016 07 28 '),
 ('62', 'slug', '0', 'en_us', ' summer fiction sale all day july 11 through july 18 '),
 ('62', 'title', '0', 'en_us', ' summer fiction sale all day july 11 through july 18 '),
 ('63', 'filename', '0', 'en_us', ' bks_summerfictionsale jpeg '),
 ('63', 'extension', '0', 'en_us', ' jpeg '),
 ('63', 'kind', '0', 'en_us', ' image '),
 ('63', 'slug', '0', 'en_us', ''),
 ('63', 'title', '0', 'en_us', ' bks summer fiction sale '),
 ('62', 'field', '10', 'en_us', ' bks summer fiction sale '),
 ('64', 'filename', '0', 'en_us', ' bks_summerfictionsale jpeg '),
 ('64', 'extension', '0', 'en_us', ' jpeg '),
 ('64', 'kind', '0', 'en_us', ' image '),
 ('64', 'slug', '0', 'en_us', ''),
 ('64', 'title', '0', 'en_us', ' bks summer fiction sale '),
 ('62', 'field', '3', 'en_us', ' bks summer fiction sale '),
 ('65', 'filename', '0', 'en_us', ' org_eventad_storytime jpeg '),
 ('65', 'extension', '0', 'en_us', ' jpeg '),
 ('65', 'kind', '0', 'en_us', ' image '),
 ('65', 'slug', '0', 'en_us', ''),
 ('65', 'title', '0', 'en_us', ' org event ad storytime ');
INSERT INTO `craft_searchindex` (`elementId`, `attribute`, `fieldId`, `locale`, `keywords`) VALUES
 ('66', 'field', '3', 'en_us', ' org event ad storytime '),
 ('66', 'field', '1', 'en_us', ' join amy virginia buchanan for reading singing and dancing appropriate for kids 3 and under and their caretakers '),
 ('66', 'field', '25', 'en_us', ' bookstore cafe housing works '),
 ('66', 'field', '23', 'en_us', ' 2016 07 19 '),
 ('66', 'field', '24', 'en_us', ' 2016 07 26 '),
 ('66', 'slug', '0', 'en_us', ' cancelled storytime and singalong for kids '),
 ('66', 'title', '0', 'en_us', ' cancelled storytime and singalong for kids '),
 ('62', 'field', '27', 'en_us', ' 126 crosby st new york ny 10012 united states 40 72460350 73 99657550 5385 4633873921 '),
 ('66', 'field', '27', 'en_us', ' 126 crosby st new york ny 10012 united states 40 72460350 73 99657550 5385 4633873921 '),
 ('68', 'field', '3', 'en_us', ' truvada '),
 ('68', 'field', '1', 'en_us', ' a fine collection of cameras luggage picture frames and journals to keep your summer memories alive '),
 ('68', 'field', '25', 'en_us', ' bookstore cafe housing works '),
 ('68', 'field', '23', 'en_us', ' 2016 07 12 '),
 ('68', 'field', '24', 'en_us', ' 2016 08 04 '),
 ('68', 'slug', '0', 'en_us', ' fake event 2 '),
 ('68', 'title', '0', 'en_us', ' world traveler party '),
 ('69', 'field', '3', 'en_us', ''),
 ('69', 'field', '1', 'en_us', ' a night to mix mingle pitch and exchange email addresses to your heart s content hosted by the american association of publishers '),
 ('69', 'field', '25', 'en_us', ' online sales '),
 ('69', 'field', '23', 'en_us', ' 2016 07 14 '),
 ('69', 'field', '24', 'en_us', ' 2016 07 30 '),
 ('69', 'slug', '0', 'en_us', ' fake evet 3 '),
 ('69', 'title', '0', 'en_us', ' mid to publishing s fiction editor agent speed dating mixer '),
 ('70', 'slug', '0', 'en_us', ''),
 ('70', 'field', '26', 'en_us', ' summer fiction sale all day july 11 through july 18 cancelled storytime and singalong for kids world traveler party '),
 ('69', 'field', '27', 'en_us', ' 126 crosby st new york ny 10012 united states 40 72460350 73 99657550 5385 4633873921 '),
 ('68', 'field', '27', 'en_us', ' 122 montague st brooklyn ny 11201 united states 40 69464680 73 99461790 5384 9819674315 '),
 ('76', 'title', '0', 'en_us', ' 1 train '),
 ('77', 'filename', '0', 'en_us', ' 2 train svg '),
 ('77', 'extension', '0', 'en_us', ' svg '),
 ('77', 'kind', '0', 'en_us', ' image '),
 ('77', 'slug', '0', 'en_us', ''),
 ('77', 'title', '0', 'en_us', ' 2 train '),
 ('78', 'filename', '0', 'en_us', ' 3 train svg '),
 ('78', 'extension', '0', 'en_us', ' svg '),
 ('78', 'kind', '0', 'en_us', ' image '),
 ('78', 'slug', '0', 'en_us', ''),
 ('78', 'title', '0', 'en_us', ' 3 train '),
 ('79', 'filename', '0', 'en_us', ' 4 train svg '),
 ('79', 'extension', '0', 'en_us', ' svg '),
 ('79', 'kind', '0', 'en_us', ' image '),
 ('79', 'slug', '0', 'en_us', ''),
 ('79', 'title', '0', 'en_us', ' 4 train '),
 ('80', 'filename', '0', 'en_us', ' 5 train svg '),
 ('80', 'extension', '0', 'en_us', ' svg '),
 ('80', 'kind', '0', 'en_us', ' image '),
 ('80', 'slug', '0', 'en_us', ''),
 ('80', 'title', '0', 'en_us', ' 5 train '),
 ('81', 'filename', '0', 'en_us', ' 6 train svg '),
 ('81', 'extension', '0', 'en_us', ' svg '),
 ('81', 'kind', '0', 'en_us', ' image '),
 ('81', 'slug', '0', 'en_us', ''),
 ('81', 'title', '0', 'en_us', ' 6 train '),
 ('82', 'filename', '0', 'en_us', ' 7 train svg '),
 ('82', 'extension', '0', 'en_us', ' svg '),
 ('82', 'kind', '0', 'en_us', ' image '),
 ('82', 'slug', '0', 'en_us', ''),
 ('82', 'title', '0', 'en_us', ' 7 train '),
 ('83', 'filename', '0', 'en_us', ' a train svg '),
 ('83', 'extension', '0', 'en_us', ' svg '),
 ('83', 'kind', '0', 'en_us', ' image '),
 ('83', 'slug', '0', 'en_us', ''),
 ('83', 'title', '0', 'en_us', ' a train '),
 ('84', 'filename', '0', 'en_us', ' b train svg '),
 ('84', 'extension', '0', 'en_us', ' svg '),
 ('84', 'kind', '0', 'en_us', ' image '),
 ('84', 'slug', '0', 'en_us', ''),
 ('84', 'title', '0', 'en_us', ' b train '),
 ('85', 'filename', '0', 'en_us', ' c train svg '),
 ('85', 'extension', '0', 'en_us', ' svg '),
 ('85', 'kind', '0', 'en_us', ' image '),
 ('85', 'slug', '0', 'en_us', ''),
 ('85', 'title', '0', 'en_us', ' c train '),
 ('86', 'filename', '0', 'en_us', ' d train svg '),
 ('86', 'extension', '0', 'en_us', ' svg '),
 ('86', 'kind', '0', 'en_us', ' image '),
 ('86', 'slug', '0', 'en_us', ''),
 ('86', 'title', '0', 'en_us', ' d train '),
 ('87', 'filename', '0', 'en_us', ' e train svg '),
 ('87', 'extension', '0', 'en_us', ' svg '),
 ('87', 'kind', '0', 'en_us', ' image '),
 ('87', 'slug', '0', 'en_us', ''),
 ('87', 'title', '0', 'en_us', ' e train '),
 ('88', 'filename', '0', 'en_us', ' f train svg '),
 ('88', 'extension', '0', 'en_us', ' svg '),
 ('88', 'kind', '0', 'en_us', ' image '),
 ('88', 'slug', '0', 'en_us', ''),
 ('88', 'title', '0', 'en_us', ' f train '),
 ('89', 'filename', '0', 'en_us', ' g train svg '),
 ('89', 'extension', '0', 'en_us', ' svg '),
 ('89', 'kind', '0', 'en_us', ' image '),
 ('89', 'slug', '0', 'en_us', ''),
 ('89', 'title', '0', 'en_us', ' g train '),
 ('90', 'filename', '0', 'en_us', ' j train svg '),
 ('90', 'extension', '0', 'en_us', ' svg '),
 ('90', 'kind', '0', 'en_us', ' image '),
 ('90', 'slug', '0', 'en_us', ''),
 ('90', 'title', '0', 'en_us', ' j train '),
 ('91', 'filename', '0', 'en_us', ' l train svg '),
 ('91', 'extension', '0', 'en_us', ' svg ');
INSERT INTO `craft_searchindex` (`elementId`, `attribute`, `fieldId`, `locale`, `keywords`) VALUES
 ('91', 'kind', '0', 'en_us', ' image '),
 ('91', 'slug', '0', 'en_us', ''),
 ('91', 'title', '0', 'en_us', ' l train '),
 ('92', 'filename', '0', 'en_us', ' m train svg '),
 ('92', 'extension', '0', 'en_us', ' svg '),
 ('92', 'kind', '0', 'en_us', ' image '),
 ('92', 'slug', '0', 'en_us', ''),
 ('92', 'title', '0', 'en_us', ' m train '),
 ('93', 'filename', '0', 'en_us', ' n train svg '),
 ('93', 'extension', '0', 'en_us', ' svg '),
 ('93', 'kind', '0', 'en_us', ' image '),
 ('93', 'slug', '0', 'en_us', ''),
 ('93', 'title', '0', 'en_us', ' n train '),
 ('94', 'filename', '0', 'en_us', ' q train svg '),
 ('94', 'extension', '0', 'en_us', ' svg '),
 ('94', 'kind', '0', 'en_us', ' image '),
 ('94', 'slug', '0', 'en_us', ''),
 ('94', 'title', '0', 'en_us', ' q train '),
 ('95', 'filename', '0', 'en_us', ' r train svg '),
 ('95', 'extension', '0', 'en_us', ' svg '),
 ('95', 'kind', '0', 'en_us', ' image '),
 ('95', 'slug', '0', 'en_us', ''),
 ('95', 'title', '0', 'en_us', ' r train '),
 ('96', 'filename', '0', 'en_us', ' s train svg '),
 ('96', 'extension', '0', 'en_us', ' svg '),
 ('96', 'kind', '0', 'en_us', ' image '),
 ('96', 'slug', '0', 'en_us', ''),
 ('96', 'title', '0', 'en_us', ' s train '),
 ('97', 'filename', '0', 'en_us', ' z train svg '),
 ('97', 'extension', '0', 'en_us', ' svg '),
 ('97', 'kind', '0', 'en_us', ' image '),
 ('97', 'slug', '0', 'en_us', ''),
 ('97', 'title', '0', 'en_us', ' z train '),
 ('98', 'field', '1', 'en_us', ''),
 ('98', 'field', '16', 'en_us', ' 601 944 1403 '),
 ('98', 'field', '32', 'en_us', ' advocacy offices '),
 ('98', 'field', '29', 'en_us', ' to 931 hwy 80 w then the 14d bus to 10th st and avenue d 1 train 2 train 4 train '),
 ('98', 'field', '28', 'en_us', ''),
 ('98', 'field', '27', 'en_us', ' hwy 80 w suite 2 5 jackson jackson ms 39056 united states 32 33415470 90 33419930 6238 29436137 '),
 ('98', 'slug', '0', 'en_us', ' aaimaids action in mississippi '),
 ('98', 'title', '0', 'en_us', ' aaim aids action in mississippi '),
 ('99', 'field', '30', 'en_us', ' 1 train 2 train 4 train '),
 ('99', 'field', '31', 'en_us', ' to 931 hwy 80 w then the 14d bus to 10th st and avenue d '),
 ('99', 'slug', '0', 'en_us', ''),
 ('100', 'field', '1', 'en_us', ''),
 ('100', 'field', '16', 'en_us', ' 212 334 3324 '),
 ('100', 'field', '32', 'en_us', ' bookstore cafe '),
 ('100', 'field', '29', 'en_us', ' to 126 crosby street then the 14d bus to 10th st and avenue d e train f train j train '),
 ('100', 'field', '28', 'en_us', ''),
 ('100', 'field', '27', 'en_us', ' 126 crosby st new york ny 10012 united states 40 72460350 73 99657550 5385 46338739 '),
 ('100', 'slug', '0', 'en_us', ' bookstore cafe '),
 ('100', 'title', '0', 'en_us', ' bookstore cafe '),
 ('101', 'field', '30', 'en_us', ' e train f train j train '),
 ('101', 'field', '31', 'en_us', ' to 126 crosby street then the 14d bus to 10th st and avenue d '),
 ('101', 'slug', '0', 'en_us', ''),
 ('102', 'field', '1', 'en_us', ''),
 ('106', 'field', '27', 'en_us', ' 159 28th st brooklyn ny 11232 united states 40 65928520 74 00012410 5384 81662696 '),
 ('102', 'field', '16', 'en_us', ' 212 334 3324 '),
 ('102', 'field', '32', 'en_us', ' thrift shops '),
 ('102', 'field', '29', 'en_us', ' to2569 broadway then take the 27 bus north bound z train e train l train '),
 ('102', 'field', '28', 'en_us', ''),
 ('102', 'field', '27', 'en_us', ' 2569 broadway new york ny 10025 united states 40 79516390 73 97192150 5385 09320359 '),
 ('102', 'slug', '0', 'en_us', ' broadway 96th thrift shop '),
 ('102', 'title', '0', 'en_us', ' broadway 96th thrift shop '),
 ('103', 'field', '30', 'en_us', ' z train e train l train '),
 ('103', 'field', '31', 'en_us', ' to2569 broadway then take the 27 bus north bound '),
 ('103', 'slug', '0', 'en_us', ''),
 ('104', 'field', '1', 'en_us', ' what is a health home health homes are networks of services that coordinate comprehensive client care in the areas of access to primary and specialty medicalcaresubstance use treatmentmental health treatmentsupportive social services '),
 ('104', 'field', '16', 'en_us', ' 718 924 2252 '),
 ('104', 'field', '32', 'en_us', ' services '),
 ('104', 'field', '29', 'en_us', ' walk to1255 rev james polite ave bronx ny 10459 d train 5 train 4 train 6 train '),
 ('104', 'field', '28', 'en_us', ''),
 ('104', 'field', '27', 'en_us', ' 1255 rev james a polite ave bronx ny 10459 united states 40 829123 73 8962439 5381 63784172 '),
 ('104', 'slug', '0', 'en_us', ' bronx health home care management '),
 ('104', 'title', '0', 'en_us', ' bronx health home care management '),
 ('105', 'field', '30', 'en_us', ' d train 5 train 4 train 6 train '),
 ('105', 'field', '31', 'en_us', ' walk to1255 rev james polite ave bronx ny 10459 '),
 ('105', 'slug', '0', 'en_us', ''),
 ('106', 'field', '32', 'en_us', ' thrift shops '),
 ('106', 'field', '16', 'en_us', ' 718 840 2923 '),
 ('106', 'field', '1', 'en_us', ' website http www housingworks org events buy the bag '),
 ('106', 'field', '28', 'en_us', ''),
 ('106', 'field', '29', 'en_us', ' take the d 2 3train to159 28th st d train 2 train 3 train '),
 ('106', 'slug', '0', 'en_us', ' buy the bag shop '),
 ('106', 'title', '0', 'en_us', ' buy the bag shop '),
 ('107', 'field', '30', 'en_us', ' d train 2 train 3 train '),
 ('107', 'field', '31', 'en_us', ' take the d 2 3train to159 28th st '),
 ('107', 'slug', '0', 'en_us', ''),
 ('108', 'slug', '0', 'en_us', ' career page '),
 ('108', 'title', '0', 'en_us', ' career page '),
 ('108', 'field', '1', 'en_us', ''),
 ('108', 'field', '33', 'en_us', ' i joined housing works as a staff person a year ago but i ve been a member of the family for some time shortly after i moved to nyc eight years ago i stumbled across the bookstore cafe and fell in love i started volunteering and was a member of the thursday night posse for 5 years i got even more involved with housing works and its mission by serving on the inc board as the volunteer representative for 3 years '),
 ('108', 'field', '34', 'en_us', ' at housing works our community values shape our culture and how we further our mission we are looking for talented people who want to work in an environment that exudes these values '),
 ('108', 'field', '35', 'en_us', ' full time staff receive five weeks of paid time off their first year and it only goes up from there great comprehensive health and dental insurance after just 30 days of employment for full time and some part time staff help with student loans help with gym memberships and other health and educational needs retirement plan life insurance '),
 ('110', 'title', '0', 'en_us', ' employment social enterprises '),
 ('111', 'slug', '0', 'en_us', ' social services '),
 ('110', 'slug', '0', 'en_us', ' employment social enterprises '),
 ('111', 'title', '0', 'en_us', ' social services '),
 ('112', 'slug', '0', 'en_us', ' advocacy '),
 ('112', 'title', '0', 'en_us', ' advocacy ');
INSERT INTO `craft_searchindex` (`elementId`, `attribute`, `fieldId`, `locale`, `keywords`) VALUES
 ('113', 'slug', '0', 'en_us', ' administrative '),
 ('113', 'title', '0', 'en_us', ' administrative '),
 ('114', 'field', '39', 'en_us', ' social services '),
 ('114', 'field', '36', 'en_us', ' the adult day health care adhc program at housing works is a unique community based health care program that provides comprehensive nursing social work nutrition mental health and substance use services to individuals living with chronic illnesses includinghiv behavioral health conditions diabetes hypertension and others housing works is seeking a nurse coordinator to serve as lead nurse responsible for oversight of the nursing services at our twoadhclocations manhattan and downtown brooklyn this is a unique opportunity for community health focused registered nurse rn with clinical experience and management interest to work in a collaborative outcome focused setting housing works offers a competitive compensation package and values a diverse workplace '),
 ('114', 'field', '37', 'en_us', ' with the support of the chief medical officer clinical director and an interdisciplinary team of professionals the nursing coordinator will help achieve improved health outcomes for our client population the ideal candidate will be familiar with population health model and comfortable using data to guide practice '),
 ('114', 'field', '38', 'en_us', ' nysregistered nurse required master s degree preferred housing works provides equal employment opportunities eeo to all employees and applicants for employment without regard to race color religion sex national origin age disability or genetics in addition to federal law requirements housing works complies with applicable state and local laws governing nondiscrimination in employment in every location in which the company has facilities this policy applies to all terms and conditions of employment including recruiting hiring placement promotion termination layoff recall transfer leaves of absence compensation and training '),
 ('114', 'field', '18', 'en_us', ' https workforcenow adp com jobs apply posting html client=hsngwrks jobid=122177 lang=en_us source=cc3 '),
 ('114', 'slug', '0', 'en_us', ' nurse care coordinator rn '),
 ('114', 'title', '0', 'en_us', ' nurse care coordinator rn '),
 ('115', 'field', '39', 'en_us', ' employment social enterprises '),
 ('115', 'field', '36', 'en_us', ' the sales associate works to provide first rate customer and donor services maximizing sales and to support the daily operations of the store '),
 ('115', 'field', '37', 'en_us', ' customer service and sales to understand and fully implement housing works customer service program which includes o the 10 4 greeting o the 4 steps to great customer service o and the 5 steps to handling customer complaintsshowcase exemplary customer donor service including but not limited to greeting saying thank you and explaining policies clearly and politely to the satisfaction of the customer prioritize assisting customers over all other store tasks to be able to service multiple customers at one time with courtesy and sincerity to employ suggestive selling techniques to better meet the customer s needs know the daily sales goals and upcoming events or promotions actively promote upcoming events sales promotions and housing works mission at all stations and at all times assist with marketing store in neighborhood especially during upcoming events cultivate relationships with repeat customers in order to serve them better preserve positive work atmosphere by communicating with coworkers volunteers supervisors and customers donors cordially and effectively point of sale cash wrap complete cash charge transactions quickly and accurately bag purchases efficiently and communicate upcoming events and promotions to the customer conduct furniture sales as outlined in policies and procedures manual maintain register cleanliness cash wrap area must be clean and uncluttered bags and supplies must be stocked and organized for efficiency donations greet and thank donors with walk in donations and provide excellent customer service as per the housing works customer service program offer donor inventory form and provide assistance as necessary to the donor process merchandise according to store standards efficiently distribute goods to proper locations taking into account all safety processing guidelines general duties asset protection maintain cleanliness and organization of sales floor stock rooms cash wrap and fitting rooms demonstrate a high degree of integrity and enforce uphold all housing works policies and procedures utilizing the 10 4 greeting acknowledge all customers monitor fitting rooms and be aware of potential theft tag switching ensure register cash handling and banking practices are in compliance with housing works policies and procedures ensure that inventory and pricing guidelines are complied with and maintained report unsafe working conditions immediately and demonstrate safe work habits housing works ambassador participate in at least one direct action per quarter aimed at ending the twin crises of homelessness andhiv aids know the housing works mission statement and goals and be able to inform and discuss with customers create volunteer culture embraces the volunteer toolkit and assists the management team with implementation of the guidelines create and maintain a welcoming environment for volunteers work with all staff to train and develop volunteers actively recruit for volunteers from customers donors and neighborhood institutions community outreach develop reciprocal relationships with neighborhood establishments reach out to neighborhood to drive donations develop and utilize local store marketing kit and in store marketing tools '),
 ('115', 'field', '38', 'en_us', ' prior retail experience preferredcommitment to excellent customer serviceexperience knowledge of thrift store environment preferredexcellent communications skills both verbal and written interpersonal and team oriented skillsself starting self motivating mindsetattention to detailstrong interest in the hw mission to end the dual crises of homelessness andhiv aidsbasic mathematical skills to include adding subtracting multiplying dividing and calculating percentagesbasic knowledge of microsoft word excel and web based email applicationshigh school diploma or equivalentflexibility in schedule weekends and holidays are requiredability to stand walk kneel and bend for long periods of time and lift up to 40 poundshousing works provides equal employment opportunities eeo to all employees and applicants for employment without regard to race color religion sex national origin age disability or genetics in addition to federal law requirements housing works complies with applicable state and local laws governing nondiscrimination in employment in every location in which the company has facilities this policy applies to all terms and conditions of employment including recruiting hiring placement promotion termination layoff recall transfer leaves of absence compensation and training '),
 ('115', 'field', '18', 'en_us', ' https workforcenow adp com jobs apply posting html client=hsngwrks jobid=122590 lang=en_us source=cc3 '),
 ('115', 'slug', '0', 'en_us', ' sales associate full time west village thrift shop '),
 ('115', 'title', '0', 'en_us', ' sales associate full time west village thrift shop '),
 ('116', 'field', '39', 'en_us', ' advocacy '),
 ('116', 'field', '36', 'en_us', ' housing works inc seeks a community organizer to join its upstate team in albany new york this position will be responsible for tailored outreach to engage and activate persons withhivand service providers from across upstate new york and long island to connect them with the endaids2020 community coalition to further our collective goal of ending theaidsepidemic by 2020 in new york '),
 ('116', 'field', '37', 'en_us', ' conduct strategic outreach to specific populations build upon the existing endaids2020 community coalition serve as a spokesperson for both housing works and the coalition at events and meetings establish strengthen and maintain existing connections with community individuals and partners develop and maintain capital region advocacy group comprised of individuals and service providers dedicated to providing education and outreach to end theaidsepidemic work with housing works clients to provide education on ending theaidsepidemic initiatives and assist with legislative education events schedule meetings with various stakeholders including legislators agency representatives and community partners administrative functions including answering phones petty cash account reconciliation opening mail general office duties '),
 ('116', 'field', '38', 'en_us', ' previous outreach organizing and administrative experience ability and comfort approaching and speaking to a wide variety of people in a variety of circumstances ability to build and maintain relationships ability to work in a team and in collaboration with other organizations ability to work independently to meet goals must be willing to work occasional week nights and weekends comfort using technology including social media outlets microsoft office suite ability to engage motivate and inspire others ability and experience working with diverse communities must be willing to travel around the state and tonycheadquarters in brooklyn housing works provides equal employment opportunities eeo to all employees and applicants for employment without regard to race color religion sex national origin age disability or genetics in addition to federal law requirements housing works complies with applicable state and local laws governing nondiscrimination in employment in every location in which the company has facilities this policy applies to all terms and conditions of employment including recruiting hiring placement promotion termination layoff recall transfer leaves of absence compensation and training '),
 ('116', 'field', '18', 'en_us', ' https workforcenow adp com jobs apply posting html client=hsngwrks jobid=111408 lang=en_us source=cc3 '),
 ('116', 'slug', '0', 'en_us', ' nys community organizer '),
 ('116', 'title', '0', 'en_us', ' nys community organizer '),
 ('117', 'field', '39', 'en_us', ' administrative '),
 ('117', 'field', '36', 'en_us', ' provides support for implementation troubleshooting and maintenance of information technology it systems manages it system infrastructure and any processes related to these systems provides support to it systems including day to day operations monitoring and problem resolution for all of the client server storage network devices mobile devices etc '),
 ('117', 'field', '37', 'en_us', ' provides tier 1 help desk and tier 2 escalation problem identification diagnosis and resolution of problems provide support for the escalation and communication of status to agency management and internal customers assist network administrator maintain network servers such as file servers vpngateways intrusion detection systems assist network administrator maintains network performance by performing network monitoring and analysis and performance tuning troubleshooting network problems escalating problems to vendor secures network by developing network access monitoring control and evaluation maintaining documentation upgrades network by conferring with vendors developing testing evaluating and installing enhancements protects organization s value by keeping information confidential accomplishes organization goals by accepting ownership for accomplishing new and different requests exploring opportunities to add value to job accomplishments configures and manages windows operating systems and installs loads operating system software troubleshoots maintains integrity and configures network components along with implementing operating systems enhancements to improve reliability and performance '),
 ('117', 'field', '38', 'en_us', ' associates degree in networking cis or 2 years equivalent work experience experience withtcp ip active directory ms exchange general knowledge of network topology network performance tuning lanknowledge network design and implementation ability to communicate effectively both orally and in writing ability to plan and organize work ability to prioritize position requires working evening and or weekend hours when necessary housing works provides equal employment opportunities eeo to all employees and applicants for employment without regard to race color religion sex national origin age disability or genetics in addition to federal law requirements housing works complies with applicable state and local laws governing nondiscrimination in employment in every location in which the company has facilities this policy applies to all terms and conditions of employment including recruiting hiring placement promotion termination layoff recall transfer leaves of absence compensation and training '),
 ('117', 'field', '18', 'en_us', ' https workforcenow adp com jobs apply posting html client=hsngwrks jobid=114852 lang=en_us source=cc3 '),
 ('117', 'slug', '0', 'en_us', ' junior system administrator '),
 ('117', 'title', '0', 'en_us', ' junior system administrator '),
 ('118', 'field', '39', 'en_us', ' volunteer internships '),
 ('118', 'field', '36', 'en_us', ' the donations department is looking for an intern to help secure in kind donations for our thrift shops for the thrifts special events and for housing works two annual fundraisers please email your resume a thoughtful cover letter addressing why you are a great fit for this experience and your time availability to allison marino ata marino housingworks orgwith the subject header donation event internship available to work 15 hours per week minimum during 9am 6pm time frame any days monday through friday we are happy to work with your schedule preferred summer schedule is 12pm 6pm tuesday thursday our office is located inside of our soho thrift shop in new york 130 crosby street '),
 ('118', 'field', '37', 'en_us', ' support the manager of special events and systems in all administrative event preparations o conduct research on prospective event participants o conduct correspondence with event participants vendors and other event stakeholders o record and track incoming donations using our online database salesforce o process gift acknowledgement and event thank you letters o other administrative tasks as delegatedattend the events as a volunteer and see the finished product '),
 ('118', 'field', '38', 'en_us', ' detail orientedgreat at following directionsexperienced with basic computer programs microsoft word and excel proficient in internet researchexperienced in data entry and or database management salesforce or raiser s edge experience highly preferred a great communicator both written and spoken especially on the phone interest or experience in interior design special events fundraising nonprofit administration or similar preferred but not required excited to gain hands on experience in a nonprofit environmentavailable to commit to intern summer and fall terms at least through october 2016 with preference given to candidates that can commit to a long term internship through the spring semester of 2017what you get in return experience in using and managingcrmsoftware we will train you on your first day first hand experience in nonprofit events and in kind fundraisingadministrative support experienceschool credit if applicable we are prepared to work with your program and instructors to fulfill all requirements of credit based internships 25% off in housing works thrift shops '),
 ('118', 'field', '18', 'en_us', ' email resume to a marino housingworks org with the subject header donation event internship '),
 ('118', 'slug', '0', 'en_us', ' donations event intern '),
 ('118', 'title', '0', 'en_us', ' donations event intern '),
 ('119', 'slug', '0', 'en_us', ' volunteer internships '),
 ('119', 'title', '0', 'en_us', ' volunteer internships '),
 ('71', 'field', '1', 'en_us', ' housing worksis a healing community of people living with and affected by hiv aids our mission is to end the dual crises of homelessness and aids through relentless advocacy the provision of lifesaving services and entrepreneurial businesses that sustain our efforts '),
 ('120', 'filename', '0', 'en_us', ' books_by_the_foot jpg '),
 ('120', 'extension', '0', 'en_us', ' jpg '),
 ('120', 'kind', '0', 'en_us', ' image '),
 ('120', 'slug', '0', 'en_us', ''),
 ('120', 'title', '0', 'en_us', ' books by the foot '),
 ('121', 'field', '41', 'en_us', ' books by the foot '),
 ('121', 'field', '1', 'en_us', ' bookstore cafe what i enjoy most about volunteering at housing works aside from the relationships i ve built is the knowledge that my efforts directly affect a community that needs my help now more than ever it really feels good to know that i m making a difference we have many exciting volunteer opportunities for individuals and groups in the bookstore and cafe you can immerse yourself in a cozy cultured atmosphere and give back to the community at the same time also as a housing works volunteer you are encouraged to participate in any and all advocacy and activist activities we hold rallies and civil disobedience actions wherever we can have a meaningful impact on pressing issues that affect homeless people and families living withhiv aids volunteer requirements complete the online application at the bottom you must check that you have read and understand the housing works volunteer accepted duty to act and thehivattestation forms be at least 16 years of age to be a sales associate and at least 18 years of age to be a barista attend a new volunteer information session to which you will be invited shortly after you apply clickhereto see the list of upcoming info sessions commit to one four hour shift per week for a minimum of six months we are not recruiting short term volunteers so please apply if you can find a shift that will fit with your schedule for the next six months volunteer shifts monday friday 9 2p 2 6p 6 10p saturday sunday 10 2p 2 6p volunteer positions bookstore sales inventory our bookstore serves many purposes for the community and with that our volunteers enjoy a wide variety of responsibilities bookstore sales associates price and shelve books run the register take donations maintain sections and displays and help customers inventory internet sales volunteers inventory internet sales associates help to manage over 60 000 books listed online you will process all of our customer orders help pick books from shelves and pack them for shipping other responsibilities include helping to process donations organizing and maintaining shelves and the packing area and moving boxes of books barista cafe support if you are looking for something more fast paced and customer oriented join our team of baristas responsibilities include making espresso drinks serving food stocking and maintaining the cafe washing dishes working at the cash register and most importantly helping us sustain the warm welcoming and unique environment our cafe has come to provide in addition to assisting our baristas our cafe support volunteers primary tasks include bussing tables removing garbage clearing dishes taking stray books to the front register assist bookstore sales volunteers when needed and encourage customers and patrons to honor cafe rules cafe support volunteers are only mondays fridays 10 2p and 2 6p prerequisites this position is demanding you must be willing to work hard and work well with people food handling and espresso making experience are a plus but as long as you are passionate about working in the cafe we would love to train you finally we serve alcohol so baristas must be 18 special project volunteer our special project volunteers are ready to fill positions at major and designated events help out where we are understaffed and other projects when needed you must be prepared to transition store floor to and from performance space assemble disassemble stage set up clean up chairs set up break down extra bar assist with cafe needs manage large crowds empty trash cans sweep mop and other duties relevant to opening and closing during an event event volunteers also prepare manage and close ahwbcbooth at an off site event includes but not limited to networking selling books and otherhwbcitems and hauling donated books back to the store pre requisites interested special project volunteers must attend a mandatory orientation and volunteer a minimum of two projects a month for events you may be required to serve or sell alcohol you must be 18 and for off site opportunities a valid picture id for individuals and groups interested in completing community service at the bookstore please emailvolunteer housingworksbookstore org if you re interested in volunteering at our bookstore please '),
 ('121', 'field', '40', 'en_us', ' bookstore cafe '),
 ('121', 'slug', '0', 'en_us', ' bookstore cafe volunteers '),
 ('121', 'title', '0', 'en_us', ' bookstore cafe volunteers '),
 ('122', 'filename', '0', 'en_us', ' page_volunteer thrift_l jpg '),
 ('122', 'extension', '0', 'en_us', ' jpg '),
 ('122', 'kind', '0', 'en_us', ' image '),
 ('122', 'slug', '0', 'en_us', ''),
 ('122', 'title', '0', 'en_us', ' page volunteer thrift l '),
 ('123', 'field', '41', 'en_us', ' page volunteer thrift l '),
 ('123', 'field', '1', 'en_us', ' so many ways to help housing works depends on the generosity of volunteers in our fight to endaidsand homelessness our thrift shops cannot run without the commitment and hard work of our staff and volunteers volunteers like you started our very first thrift shop in chelsea and continue to support us to this day in our shops by volunteering at a housing works thrift shop you are directly responsible for providing funding to new yorkers affected by homelessness andhiv aids we re always on the lookout for dynamic and friendly people to help provide great customer service and an outstanding thrifting experience in our shops volunteers will accept merchandise donations assist customers at our fitting rooms refill and organize our clothing racks and housewares shelves assist to merchandise the shop and work with staff on a wide variety of special projects each volunteer is trained to have knowledge of each area of the shop and each person s volunteer experience can be tailored to their personal skills and interests we invite you to become part of our thrift shop family thrift sales associate the volunteer sales associate works to provide first rate customer and donor services maximizing sales and to support the daily operations of their respective thrift shop essential job functions include but are not limited to assist with marketing the shop in your neighborhood conducting and completing sales process donated merchandise maintaining cleanliness and organization of sales floor and ensure that inventory and pricing guidelines are complied with and maintained please click here to view the full job description administrative volunteer processing merchandising volunteer pdc ourprocessing distribution center pdc in long island city receives thousands of units of clothing per day pdcvolunteers help expedite processing donations and restocking stores which ultimately helps generate greatly needed revenue for our organization processing distribution volunteer tasks include sorting donations hanging and tagging merchandise and organizing inventory and back stock administrative volunteers assist staff with filing and organizing paperwork answering phones and all other administrative duties at thepdc volunteer shifts at thepdcare monday friday 8 12p and 1 4p p pre requistes future volunteers must fill out online form link is below and attend our volunteer information session a href= https drive google com file d 0b_uh_kiir2eyy2xcn0vvu2cznwc view usp=sharing target= _blank = click here to see the schedule of upcoming info sessions you must be able to commit to volunteer for one 1 four hour shift per 7 day work week for a minimum of 6 months shop hours vary and shift times can be flexible for store hours click on the store of your interest on the navbar on the right must be 16 and over to apply independently young people aged 14 and 15 must obtain working papers from their school and parent s permission before attending a session '),
 ('123', 'field', '40', 'en_us', ' broadway 96th thrift shop '),
 ('123', 'slug', '0', 'en_us', ' thrift shop processing distribution center volunteers '),
 ('123', 'title', '0', 'en_us', ' thrift shop processing distribution center volunteers '),
 ('124', 'filename', '0', 'en_us', ' btb jpeg '),
 ('124', 'extension', '0', 'en_us', ' jpeg '),
 ('124', 'kind', '0', 'en_us', ' image '),
 ('124', 'slug', '0', 'en_us', ''),
 ('124', 'title', '0', 'en_us', ' btb '),
 ('125', 'field', '41', 'en_us', ' btb '),
 ('125', 'field', '1', 'en_us', ' on december 1 2012 housing works opens its brand new and exciting buy the bag shop customers pay $25 and get a bag to fill up with contemporary designer and vintage apparel some in need of a littletlc known as thrifter s heaven by savvy shoppers bloggers and media includingthe new york timesandthe today show buy the bag is not your typical retail experience and we re looking for a few good volunteers up to the task we seek to provide customers with the same level of service that we are known for at our twelve thrift shops and are looking for hard working dedicated people to call this new shop their volunteer home volunteers at buy the bag will assist our staff by providing excellent customer service throughout the shop maintaining the neatness and cleanliness of the sales floor ringing purchases at the register talking to customers about housing works fight to endhiv aids and homelessness '),
 ('125', 'field', '40', 'en_us', ' aaim aids action in mississippi bronx health home care management '),
 ('125', 'slug', '0', 'en_us', ' buy the bag '),
 ('125', 'title', '0', 'en_us', ' buy the bag '),
 ('126', 'filename', '0', 'en_us', ' group_volunteer jpg '),
 ('126', 'extension', '0', 'en_us', ' jpg '),
 ('126', 'kind', '0', 'en_us', ' image '),
 ('126', 'slug', '0', 'en_us', ''),
 ('126', 'title', '0', 'en_us', ' group volunteer '),
 ('127', 'field', '41', 'en_us', ' group volunteer '),
 ('127', 'field', '1', 'en_us', ' your organization at housing works groups of volunteers assist our organization greatly by coming together to better the communities that they live and work in housing works is pleased to partner with corporations universities and community based groups in the creation and implementation of volunteer projects that benefit homeless men and women living withhiv aids we are one of new york city s largest and most successful support services for those in these under served communities and becoming a part of the housing work s family is an exciting way for companies to give back each project challenges volunteers to develop new skills and engage new people contributing to a greater sense of camaraderie we welcome the opportunity to work with corporations to find volunteer opportunities that meet their needs and priorities volunteering with housing works is a great way for companies to engage employees while demonstrating their commitment to the fight against homelessness andaids and the improvement of the lives of all at risk new yorkers housing works thrifts processing and distribution center housing works inc is a pioneer in the social enterprise business model movement our 12 city wide thrift shops generate revenue to support our programs and services the merchandise at our 12 thrift shops depends on the generous donations of all new yorkers all profits are used to aid our mission to end the dual crises ofaidsand homelessness their annual revenues total approximately $15 million all clothing donations are sent to our processing and distribution center pdc in long island city queens there a dedicated team of staff and volunteers prepare these donations to be sold in our thrift shops volunteer roles consist of sorting donations hanging and tagging merchandise inventory and back stock organizingvolunteer shifts are available mondays wednesdays and fridays from either 9am 12pm or 1pm 3pm thepdccan accommodate a maximum of 15 volunteers per shift and no prior experience is required how your group helps at thepdc thepdcreceives thousands of units of clothing per day pdcvolunteers help expedite processing donations and restocking stores which ultimately helps generate greatly needed revenue for our organization pdcvolunteers find the volunteer experience both incredibly rewarding and exciting we invite your company to join us in the fight against the dual crises of homelessness andaidsin new york city '),
 ('127', 'field', '40', 'en_us', ''),
 ('127', 'slug', '0', 'en_us', ' group volunteerism '),
 ('127', 'title', '0', 'en_us', ' group volunteerism '),
 ('128', 'filename', '0', 'en_us', ' page_internship2_l1 jpg '),
 ('128', 'extension', '0', 'en_us', ' jpg '),
 ('128', 'kind', '0', 'en_us', ' image '),
 ('128', 'slug', '0', 'en_us', ''),
 ('128', 'title', '0', 'en_us', ' page internship2 l1 '),
 ('129', 'field', '41', 'en_us', ' page internship2 l1 '),
 ('129', 'field', '1', 'en_us', ' housing works offers a wide variety of health preventive service opportunities for those looking to serve the volunteer intern positions listed in this section reflect our current needs '),
 ('129', 'field', '40', 'en_us', ''),
 ('129', 'slug', '0', 'en_us', ' health preventive service opportunities '),
 ('129', 'title', '0', 'en_us', ' health preventive service opportunities '),
 ('130', 'field', '41', 'en_us', ''),
 ('130', 'field', '1', 'en_us', ' pleasenotethefollowingbeforefillingoutthisapplication this application is for those interested in volunteering only for fashion for action you must attend an information session in order to be able to volunteer for the event please be sure to select a date from the drop down menu below that you are able to attend if you have volunteered at a housing works special event in the past or currently volunteer at a thrift shop do notfill out this application please contact us directly '),
 ('130', 'field', '40', 'en_us', ''),
 ('130', 'slug', '0', 'en_us', ' fashion for action volunteer application '),
 ('130', 'title', '0', 'en_us', ' fashion for action volunteer application '),
 ('131', 'field', '41', 'en_us', ''),
 ('131', 'field', '1', 'en_us', ' on april 21 2016 housing works will present new york city s most popular interior design benefit event at the metropolitan pavilion in chelsea design on a dime features more than 60 of the world s top interior designers who create unforgettable room vignettes with new merchandise which is donated and then sold for 50 to 70 percent off retail each year design on a dime depends on the hard work of hundreds of volunteers you can volunteer to help in many ways from event setup sales and breakdown to event merchandise preparation and sorting at our thrift shop warehouse individual corporate group and student group volunteer opportunities are available below is a list of days shifts and tasks to choose from multiple days and shifts are allowed tuesday april 1912 4p 4 8p volunteers will assist staff in one of three teams unloading merchandise from trucks setting up furniture around event space and trash removal volunteers must be able to lift up to 40 pounds 4 7p 7 10p volunteers will assist designers and staff with set up preparation and trash removal wednesday april 209 1 30p assist designers and staff with set up preparation and trash removal 1 5 30p 5 10p volunteers will assist staff with preparation and pricing of merchandise for sale throughout event space thursday april 219 12p 12 3p experienced retail volunteers needed to assist staff with last minute prep final touches and merchandise pricing 4 45 10 45p the evening is all about the gala night volunteers will assist with customer service on the sales floor running sold tickets between merchandise and register bagging purchases at the register providing excellent customer service to our patrons and closing at the end preparing the sales exhibit space for the next day prompt attendance required for gala night you must be able to arrive no later than by 5p friday april 228 30 12p today begins the first of two public day sales and volunteers are needed to help organize back stock and consolidate merchandise 9 1 30p 1 5p 4 30 7 30p volunteer tasks during these shifts include bagging at registers line help sold tag runners room sales assistance 7 10p volunteers on the friday night re set team will help condense the merchandise left to be sold on saturday and separate sold merchandise for pick up saturday april 229 1 30p 1 5p the second and last day of our public sale day continues with tasks including bagging at registers line help sold tag runners and room sales assistance 2 5p 4 8p the week s begin to sales wind down the clean up and clear out begins volunteers will help with organizing and loading out merchandise and emptying the event space 5 11p volunteers will report to our chelsea and gramercy thrifts to receive merchandise arriving from the design on a dime exhibit space b if you are interested in volunteering or would like to sign up your group to a volunteer for design on a dime 2016 please email a href= mailto volunteers housingworks org volunteers housingworks org '),
 ('131', 'field', '40', 'en_us', ' buy the bag shop aaim aids action in mississippi '),
 ('131', 'slug', '0', 'en_us', ' design on a dime volunteer opportunities '),
 ('131', 'title', '0', 'en_us', ' design on a dime volunteer opportunities ');
INSERT INTO `craft_searchindex` (`elementId`, `attribute`, `fieldId`, `locale`, `keywords`) VALUES
 ('132', 'slug', '0', 'en_us', ' health care centers '),
 ('132', 'title', '0', 'en_us', ' health care centers '),
 ('133', 'field', '27', 'en_us', ' 57 willoughby st brooklyn ny 11201 united states 40 6925071 73 9864748 5384 53543552 '),
 ('133', 'field', '32', 'en_us', ' health care centers '),
 ('133', 'field', '16', 'en_us', ' 718 907 6230 '),
 ('133', 'field', '1', 'en_us', ' our newly renovated downtown brooklyn health center offers a wide range of services from caring professionals in one convenient location we accept medicaid medicare and most insurance plans and offer a reduced sliding fee schedule based on a person s income and family size '),
 ('133', 'field', '28', 'en_us', ''),
 ('133', 'field', '29', 'en_us', ' take thetrain 2 train 3 train 4 train '),
 ('133', 'slug', '0', 'en_us', ' downtown brooklyn health center '),
 ('133', 'title', '0', 'en_us', ' downtown brooklyn health center '),
 ('134', 'field', '30', 'en_us', ' 2 train 3 train 4 train '),
 ('134', 'field', '31', 'en_us', ' take thetrain '),
 ('134', 'slug', '0', 'en_us', ''),
 ('135', 'field', '27', 'en_us', ' 2605 pitkin ave brooklyn ny 11208 united states 40 675023 73 875939 5378 62010907 '),
 ('135', 'field', '32', 'en_us', ' health care centers '),
 ('135', 'field', '16', 'en_us', ' 718 348 5900 '),
 ('135', 'field', '1', 'en_us', ' what is a health home health homes are networks of services that coordinate comprehensive client care in the areas of access to primary and specialty medicalcaresubstance use treatmentmental health treatmentsupportive social services '),
 ('135', 'field', '28', 'en_us', ''),
 ('135', 'field', '29', 'en_us', ' take the train 7 train a train b train c train '),
 ('135', 'slug', '0', 'en_us', ' positive health project '),
 ('135', 'title', '0', 'en_us', ' positive health project '),
 ('136', 'field', '30', 'en_us', ' 7 train a train b train c train '),
 ('136', 'field', '31', 'en_us', ' take the train '),
 ('136', 'slug', '0', 'en_us', ''),
 ('137', 'field', '27', 'en_us', ' 57 willoughby st 2nd floor brooklyn ny 11201 united states 40 69250710 73 98647480 5384 53543552 '),
 ('137', 'field', '32', 'en_us', ' health care centers '),
 ('137', 'field', '16', 'en_us', ' 347 473 7417 '),
 ('137', 'field', '1', 'en_us', ' how can health homes help the housing works health home care management program formerly known ascobra helps by removing barriers to careimproving access to health and social servicesimproving retention in health care and improve health outcomesreducing preventable hospitalizations and emergency room visits '),
 ('137', 'field', '28', 'en_us', ''),
 ('137', 'field', '29', 'en_us', ''),
 ('137', 'slug', '0', 'en_us', ' brooklyn west health home care management '),
 ('137', 'title', '0', 'en_us', ' brooklyn west health home care management '),
 ('138', 'field', '27', 'en_us', ' 130 crosby st new york ny 10012 united states 40 7247093 73 9963908 5385 45522506 '),
 ('138', 'field', '32', 'en_us', ' health care centers '),
 ('138', 'field', '16', 'en_us', ' 212 966 0466 '),
 ('138', 'field', '1', 'en_us', ' offerings syringe exchange program our manhattan syringe exchange center provides clean needles to injection drug users in order to reduce the spreed ofhivand hepatitis c infections what we offer syringe exchange clean needlesbleach kitscrack kitssyringes for hormone injectionsafer sex kitsoverdose prevention kithygiene kits '),
 ('138', 'field', '28', 'en_us', ''),
 ('138', 'field', '29', 'en_us', ' take the train g train j train l train '),
 ('138', 'slug', '0', 'en_us', ' manhattan harm reduction center '),
 ('138', 'title', '0', 'en_us', ' manhattan harm reduction center '),
 ('139', 'field', '30', 'en_us', ' g train j train l train '),
 ('139', 'field', '31', 'en_us', ' take the train '),
 ('139', 'slug', '0', 'en_us', ''),
 ('140', 'filename', '0', 'en_us', ' page_medical_dental_l jpg '),
 ('140', 'extension', '0', 'en_us', ' jpg '),
 ('140', 'kind', '0', 'en_us', ' image '),
 ('140', 'slug', '0', 'en_us', ''),
 ('140', 'title', '0', 'en_us', ' page medical dental l '),
 ('141', 'field', '5', 'en_us', ' bks summer fiction sale '),
 ('141', 'slug', '0', 'en_us', ''),
 ('142', 'field', '6', 'en_us', ' quinoa pork belly next level disrupt authentic four dollar toast craft beer artisan bespoke kale chips hella lo fi yr tote bag sustainable celiac before they sold out austin gastropub blue bottle forage crucifix lumbersexual retro portland readymade tote bag tacos trust fund mumblecore man bun roof party meditation blog tofu lo fi ethical shoreditch roof party authentic meggings church key lomo disrupt fap austin health goth you probably haven t heard of them hoodie wolf chartreuse jean shorts umami disrupt 8 bit four dollar toast shoreditch fashion axe skateboard taxidermy fanny pack wayfarers truffaut asymmetrical heirloom post ironic fap fixie selfies vice skateboard thundercats pinterest hammock pbrb '),
 ('142', 'slug', '0', 'en_us', ''),
 ('144', 'field', '7', 'en_us', ' aids free usa 2025 date graphic '),
 ('144', 'slug', '0', 'en_us', ''),
 ('145', 'field', '5', 'en_us', ' blm 7 7 16 '),
 ('145', 'slug', '0', 'en_us', ''),
 ('146', 'field', '7', 'en_us', ' page internship2 l1 btb group volunteer '),
 ('146', 'slug', '0', 'en_us', ''),
 ('147', 'field', '7', 'en_us', ''),
 ('147', 'slug', '0', 'en_us', ''),
 ('149', 'slug', '0', 'en_us', ''),
 ('150', 'field', '9', 'en_us', ' 2016 07 26 '),
 ('150', 'field', '3', 'en_us', ' org event ad storytime '),
 ('150', 'field', '1', 'en_us', ' blue bottle aesthetic freegan mustache xoxo hoodie lomo slow carb bushwick readymade wayfarers you probably haven t heard of them artisan cardigan cold pressed chillwave salvia truffaut pickled retro mumblecore fingerstache viral lumbersexual pbrb pitchfork pickled tattooed slow carb master cleanse vice wolf tousled tilde meditation leggings green juice keffiyeh four loko thundercats ramps drinking vinegar ennui yuccie farm to table slow carb fingerstache distillery kinfolk fashion axe viral pickled roof party typewriter meditation authentic banjo man braid echo park portland aesthetic stumptown pitchfork crucifix meggings next level vegan try hard forage tumblr fap jean shorts mustache meh fingerstache brooklyn craft beer hammock fashion axe sartorial squid actually butcher vice migas yolo 90 s viral affogato tattooed offal meditation lumbersexual pinterest normcore disrupt synth leggings raw denim pour over cornhole meh fanny pack normcore xoxo mustache taxidermy you probably haven t heard of them ennui actually hella man bun mlkshk deep v cornhole kogi heirloom cardigan ramps 1 four dollar toast skateboard aesthetic put a bird on it polaroid blue bottle synth mlkshk selfies pbrb ethical chartreuse godard kinfolk portland keytar swag skateboard lumbersexual master cleanse single origin coffee hella ugh '),
 ('150', 'field', '8', 'en_us', ' national advocacy '),
 ('150', 'field', '4', 'en_us', ''),
 ('150', 'slug', '0', 'en_us', ' blue bottle aesthetic freegan mustache '),
 ('150', 'title', '0', 'en_us', ' blue bottle aesthetic freegan mustache '),
 ('151', 'slug', '0', 'en_us', ' donations '),
 ('151', 'title', '0', 'en_us', ' donation '),
 ('152', 'mode', '0', 'en_us', ' test '),
 ('152', 'status', '0', 'en_us', ' test '),
 ('152', 'planamount', '0', 'en_us', ' 5 '),
 ('152', 'sourceurl', '0', 'en_us', ' donations '),
 ('152', 'customeremail', '0', 'en_us', ' briansbier gmail com '),
 ('152', 'type', '0', 'en_us', ' one off '),
 ('152', 'hash', '0', 'en_us', ' 3490a71fb3327be30b8bf11faa4ec726 '),
 ('152', 'meta', '0', 'en_us', ''),
 ('152', 'slug', '0', 'en_us', ' 3490a71fb3327be30b8bf11faa4ec726 '),
 ('153', 'mode', '0', 'en_us', ' test '),
 ('153', 'chargeid', '0', 'en_us', ' 152 '),
 ('153', 'stripeid', '0', 'en_us', ' ch_18bcldkk3sem3vxeehwp58vz '),
 ('153', 'customerid', '0', 'en_us', ' cus_8tp9yhp9s0v5xp '),
 ('153', 'userid', '0', 'en_us', ' 1 '),
 ('153', 'amount', '0', 'en_us', ' 500 '),
 ('153', 'slug', '0', 'en_us', ''),
 ('154', 'mode', '0', 'en_us', ' test '),
 ('154', 'status', '0', 'en_us', ' test '),
 ('154', 'planamount', '0', 'en_us', ' 5 '),
 ('154', 'sourceurl', '0', 'en_us', ' donations '),
 ('154', 'customeremail', '0', 'en_us', ' melissa gmail com '),
 ('154', 'type', '0', 'en_us', ' one off '),
 ('154', 'hash', '0', 'en_us', ' 41fec7e1ae41417413d12550e99db117 '),
 ('154', 'meta', '0', 'en_us', ''),
 ('154', 'slug', '0', 'en_us', ' 41fec7e1ae41417413d12550e99db117 '),
 ('155', 'mode', '0', 'en_us', ' test '),
 ('155', 'chargeid', '0', 'en_us', ' 154 '),
 ('155', 'stripeid', '0', 'en_us', ' ch_18bctkkk3sem3vxeslewj4vx '),
 ('155', 'customerid', '0', 'en_us', ' cus_8tp9yhp9s0v5xp '),
 ('155', 'userid', '0', 'en_us', ' 1 ');
INSERT INTO `craft_searchindex` (`elementId`, `attribute`, `fieldId`, `locale`, `keywords`) VALUES
 ('155', 'amount', '0', 'en_us', ' 500 '),
 ('155', 'slug', '0', 'en_us', ''),
 ('156', 'mode', '0', 'en_us', ' test '),
 ('156', 'status', '0', 'en_us', ' test '),
 ('156', 'planamount', '0', 'en_us', ' 5 '),
 ('156', 'sourceurl', '0', 'en_us', ' donations '),
 ('156', 'customeremail', '0', 'en_us', ' melissa gmail com '),
 ('156', 'type', '0', 'en_us', ' one off '),
 ('156', 'hash', '0', 'en_us', ' 06366ebe9e30db045e096c312b7f4167 '),
 ('156', 'meta', '0', 'en_us', ''),
 ('156', 'slug', '0', 'en_us', ' 06366ebe9e30db045e096c312b7f4167 '),
 ('157', 'mode', '0', 'en_us', ' test '),
 ('157', 'chargeid', '0', 'en_us', ' 156 '),
 ('157', 'stripeid', '0', 'en_us', ' ch_18bctukk3sem3vxegodqqysw '),
 ('157', 'customerid', '0', 'en_us', ' cus_8tp9yhp9s0v5xp '),
 ('157', 'userid', '0', 'en_us', ' 1 '),
 ('157', 'amount', '0', 'en_us', ' 500 '),
 ('157', 'slug', '0', 'en_us', ''),
 ('158', 'mode', '0', 'en_us', ' test '),
 ('158', 'status', '0', 'en_us', ' test '),
 ('158', 'planamount', '0', 'en_us', ' 5 '),
 ('158', 'sourceurl', '0', 'en_us', ' donations '),
 ('158', 'customeremail', '0', 'en_us', ' melissa gmail com '),
 ('158', 'type', '0', 'en_us', ' one off '),
 ('158', 'hash', '0', 'en_us', ' 3e3b34df4a755526dbb85dcd6773b01d '),
 ('158', 'meta', '0', 'en_us', ''),
 ('158', 'slug', '0', 'en_us', ' 3e3b34df4a755526dbb85dcd6773b01d '),
 ('159', 'mode', '0', 'en_us', ' test '),
 ('159', 'chargeid', '0', 'en_us', ' 158 '),
 ('159', 'stripeid', '0', 'en_us', ' ch_18bcwckk3sem3vxemca67ri9 '),
 ('159', 'customerid', '0', 'en_us', ' cus_8tp9yhp9s0v5xp '),
 ('159', 'userid', '0', 'en_us', ' 1 '),
 ('159', 'amount', '0', 'en_us', ' 500 '),
 ('159', 'slug', '0', 'en_us', ''),
 ('160', 'mode', '0', 'en_us', ' test '),
 ('160', 'status', '0', 'en_us', ' test '),
 ('160', 'planamount', '0', 'en_us', ' 5 '),
 ('160', 'sourceurl', '0', 'en_us', ' donations '),
 ('160', 'customeremail', '0', 'en_us', ' briansbier gmail com '),
 ('160', 'type', '0', 'en_us', ' one off '),
 ('160', 'hash', '0', 'en_us', ' 186522c27f5dba08cad29be29bd77360 '),
 ('160', 'meta', '0', 'en_us', ''),
 ('160', 'slug', '0', 'en_us', ' 186522c27f5dba08cad29be29bd77360 '),
 ('161', 'mode', '0', 'en_us', ' test '),
 ('161', 'chargeid', '0', 'en_us', ' 160 '),
 ('161', 'stripeid', '0', 'en_us', ' ch_18bcyfkk3sem3vxe91z2wibg '),
 ('161', 'customerid', '0', 'en_us', ' cus_8tp9yhp9s0v5xp '),
 ('161', 'userid', '0', 'en_us', ' 1 '),
 ('161', 'amount', '0', 'en_us', ' 500 '),
 ('161', 'slug', '0', 'en_us', ''),
 ('162', 'mode', '0', 'en_us', ' test '),
 ('162', 'status', '0', 'en_us', ' test '),
 ('162', 'planamount', '0', 'en_us', ' 5 '),
 ('162', 'sourceurl', '0', 'en_us', ' donations '),
 ('162', 'customeremail', '0', 'en_us', ' briansbier gmail com '),
 ('162', 'type', '0', 'en_us', ' one off '),
 ('162', 'hash', '0', 'en_us', ' f99108ca4ae63b72a3ff8484228d42f6 '),
 ('162', 'meta', '0', 'en_us', ''),
 ('162', 'slug', '0', 'en_us', ' f99108ca4ae63b72a3ff8484228d42f6 '),
 ('163', 'mode', '0', 'en_us', ' test '),
 ('163', 'chargeid', '0', 'en_us', ' 162 '),
 ('163', 'stripeid', '0', 'en_us', ' ch_18bd9kkk3sem3vxexikp7jge '),
 ('163', 'customerid', '0', 'en_us', ' cus_8tp9yhp9s0v5xp '),
 ('163', 'userid', '0', 'en_us', ' 1 '),
 ('163', 'amount', '0', 'en_us', ' 500 '),
 ('163', 'slug', '0', 'en_us', ''),
 ('164', 'mode', '0', 'en_us', ' test '),
 ('164', 'status', '0', 'en_us', ' test '),
 ('164', 'planamount', '0', 'en_us', ' 5 '),
 ('164', 'sourceurl', '0', 'en_us', ' donations '),
 ('164', 'customeremail', '0', 'en_us', ' briansbier gmail com '),
 ('164', 'type', '0', 'en_us', ' one off '),
 ('164', 'hash', '0', 'en_us', ' d320ad4d0de7cbadcdfbc4d211567d57 '),
 ('164', 'meta', '0', 'en_us', ''),
 ('164', 'slug', '0', 'en_us', ' d320ad4d0de7cbadcdfbc4d211567d57 '),
 ('165', 'mode', '0', 'en_us', ' test '),
 ('165', 'chargeid', '0', 'en_us', ' 164 '),
 ('165', 'stripeid', '0', 'en_us', ' ch_18bdb8kk3sem3vxeblzrxfpl '),
 ('165', 'customerid', '0', 'en_us', ' cus_8tp9yhp9s0v5xp '),
 ('165', 'userid', '0', 'en_us', ' 1 '),
 ('165', 'amount', '0', 'en_us', ' 500 '),
 ('165', 'slug', '0', 'en_us', ''),
 ('166', 'mode', '0', 'en_us', ' test '),
 ('166', 'status', '0', 'en_us', ' test '),
 ('166', 'planamount', '0', 'en_us', ' 5 '),
 ('166', 'sourceurl', '0', 'en_us', ' donations '),
 ('166', 'customeremail', '0', 'en_us', ' briansbier gmail com '),
 ('166', 'type', '0', 'en_us', ' one off '),
 ('166', 'hash', '0', 'en_us', ' 1b0cd75d51df8737254f4e4d45317d69 '),
 ('166', 'meta', '0', 'en_us', ''),
 ('166', 'slug', '0', 'en_us', ' 1b0cd75d51df8737254f4e4d45317d69 '),
 ('167', 'mode', '0', 'en_us', ' test '),
 ('167', 'chargeid', '0', 'en_us', ' 166 '),
 ('167', 'stripeid', '0', 'en_us', ' ch_18bdgdkk3sem3vxegrgvznl0 '),
 ('167', 'customerid', '0', 'en_us', ' cus_8tp9yhp9s0v5xp '),
 ('167', 'userid', '0', 'en_us', ' 1 '),
 ('167', 'amount', '0', 'en_us', ' 500 '),
 ('167', 'slug', '0', 'en_us', ''),
 ('168', 'mode', '0', 'en_us', ' test '),
 ('168', 'status', '0', 'en_us', ' test ');
INSERT INTO `craft_searchindex` (`elementId`, `attribute`, `fieldId`, `locale`, `keywords`) VALUES
 ('168', 'planamount', '0', 'en_us', ' 56 '),
 ('168', 'sourceurl', '0', 'en_us', ' donations '),
 ('168', 'customeremail', '0', 'en_us', ' defad fdf com '),
 ('168', 'type', '0', 'en_us', ' one off '),
 ('168', 'hash', '0', 'en_us', ' c045f73ea251ec08166e3f37093e3b50 '),
 ('168', 'meta', '0', 'en_us', ''),
 ('168', 'slug', '0', 'en_us', ' c045f73ea251ec08166e3f37093e3b50 '),
 ('169', 'mode', '0', 'en_us', ' test '),
 ('169', 'chargeid', '0', 'en_us', ' 168 '),
 ('169', 'stripeid', '0', 'en_us', ' ch_18bdvdkk3sem3vxetcraoo3m '),
 ('169', 'customerid', '0', 'en_us', ' cus_8tp9yhp9s0v5xp '),
 ('169', 'userid', '0', 'en_us', ' 1 '),
 ('169', 'amount', '0', 'en_us', ' 5600 '),
 ('169', 'slug', '0', 'en_us', ''),
 ('170', 'mode', '0', 'en_us', ' test '),
 ('170', 'status', '0', 'en_us', ' test '),
 ('170', 'planamount', '0', 'en_us', ' 10 '),
 ('170', 'sourceurl', '0', 'en_us', ' donations '),
 ('170', 'customeremail', '0', 'en_us', ' briansbier gmail com '),
 ('170', 'type', '0', 'en_us', ' one off '),
 ('170', 'hash', '0', 'en_us', ' c148f69c2ef5916b78bb87c21872fc27 '),
 ('170', 'meta', '0', 'en_us', ''),
 ('170', 'slug', '0', 'en_us', ' c148f69c2ef5916b78bb87c21872fc27 '),
 ('171', 'mode', '0', 'en_us', ' test '),
 ('171', 'chargeid', '0', 'en_us', ' 170 '),
 ('171', 'stripeid', '0', 'en_us', ' ch_18bdyskk3sem3vxetytelzk4 '),
 ('171', 'customerid', '0', 'en_us', ' cus_8tp9yhp9s0v5xp '),
 ('171', 'userid', '0', 'en_us', ' 1 '),
 ('171', 'amount', '0', 'en_us', ' 1000 '),
 ('171', 'slug', '0', 'en_us', ''),
 ('174', 'type', '0', 'en_us', ' one off '),
 ('174', 'planamount', '0', 'en_us', ' 100 '),
 ('174', 'sourceurl', '0', 'en_us', ' donations '),
 ('174', 'customeremail', '0', 'en_us', ' briansbier gmail com '),
 ('174', 'mode', '0', 'en_us', ' test '),
 ('174', 'status', '0', 'en_us', ' test '),
 ('173', 'mode', '0', 'en_us', ' test '),
 ('173', 'chargeid', '0', 'en_us', ' 172 '),
 ('173', 'stripeid', '0', 'en_us', ' ch_18bda1kk3sem3vxe97kehqtv '),
 ('173', 'customerid', '0', 'en_us', ' cus_8tp9yhp9s0v5xp '),
 ('173', 'userid', '0', 'en_us', ' 1 '),
 ('173', 'amount', '0', 'en_us', ' 1000 '),
 ('173', 'slug', '0', 'en_us', ''),
 ('174', 'hash', '0', 'en_us', ' 014bfbaec1333c21e036cff1761f9a8d '),
 ('174', 'meta', '0', 'en_us', ''),
 ('174', 'slug', '0', 'en_us', ' 014bfbaec1333c21e036cff1761f9a8d '),
 ('175', 'mode', '0', 'en_us', ' test '),
 ('175', 'chargeid', '0', 'en_us', ' 174 '),
 ('175', 'stripeid', '0', 'en_us', ' ch_18btsikk3sem3vxepnutfiux '),
 ('175', 'customerid', '0', 'en_us', ' cus_8tp9yhp9s0v5xp '),
 ('175', 'userid', '0', 'en_us', ' 1 '),
 ('175', 'amount', '0', 'en_us', ' 10000 '),
 ('175', 'slug', '0', 'en_us', ''),
 ('176', 'mode', '0', 'en_us', ' test '),
 ('176', 'status', '0', 'en_us', ' test '),
 ('176', 'planamount', '0', 'en_us', ' 1111 '),
 ('176', 'sourceurl', '0', 'en_us', ' donations '),
 ('176', 'customeremail', '0', 'en_us', ' briansbier gmail com '),
 ('176', 'type', '0', 'en_us', ' one off '),
 ('176', 'hash', '0', 'en_us', ' d0c3400ebe89a7109035d2d884975bb5 '),
 ('176', 'meta', '0', 'en_us', ' brian bier '),
 ('176', 'slug', '0', 'en_us', ' d0c3400ebe89a7109035d2d884975bb5 '),
 ('177', 'mode', '0', 'en_us', ' test '),
 ('177', 'chargeid', '0', 'en_us', ' 176 '),
 ('177', 'stripeid', '0', 'en_us', ' ch_18btkakk3sem3vxeqajzpupo '),
 ('177', 'customerid', '0', 'en_us', ' cus_8tp9yhp9s0v5xp '),
 ('177', 'userid', '0', 'en_us', ' 1 '),
 ('177', 'amount', '0', 'en_us', ' 111100 '),
 ('177', 'slug', '0', 'en_us', ''),
 ('178', 'mode', '0', 'en_us', ' test '),
 ('178', 'status', '0', 'en_us', ' test '),
 ('178', 'planamount', '0', 'en_us', ' 200 '),
 ('178', 'sourceurl', '0', 'en_us', ' donations '),
 ('178', 'customeremail', '0', 'en_us', ' briansbier gmail com '),
 ('178', 'type', '0', 'en_us', ' one off '),
 ('178', 'hash', '0', 'en_us', ' e6c43b7be71d0e8d4fbed71cb7aa444e '),
 ('178', 'meta', '0', 'en_us', ' brian bier 646 548 4363 '),
 ('178', 'slug', '0', 'en_us', ' e6c43b7be71d0e8d4fbed71cb7aa444e '),
 ('179', 'mode', '0', 'en_us', ' test '),
 ('179', 'chargeid', '0', 'en_us', ' 178 '),
 ('179', 'stripeid', '0', 'en_us', ' ch_18btlvkk3sem3vxegzezpd8e '),
 ('179', 'customerid', '0', 'en_us', ' cus_8tp9yhp9s0v5xp '),
 ('179', 'userid', '0', 'en_us', ' 1 '),
 ('179', 'amount', '0', 'en_us', ' 20000 '),
 ('179', 'slug', '0', 'en_us', ''),
 ('180', 'mode', '0', 'en_us', ' test '),
 ('180', 'status', '0', 'en_us', ' test '),
 ('180', 'planamount', '0', 'en_us', ' 134 '),
 ('180', 'sourceurl', '0', 'en_us', ' donations '),
 ('180', 'customeremail', '0', 'en_us', ' briansbier gmail com '),
 ('180', 'type', '0', 'en_us', ' recurring '),
 ('180', 'hash', '0', 'en_us', ' d1543b40d791b1079b64b9328fa28e6b '),
 ('180', 'meta', '0', 'en_us', ' brian bier 123456342 '),
 ('180', 'slug', '0', 'en_us', ' d1543b40d791b1079b64b9328fa28e6b '),
 ('181', 'mode', '0', 'en_us', ' test '),
 ('181', 'chargeid', '0', 'en_us', ' 180 '),
 ('181', 'stripeid', '0', 'en_us', ' ch_18btpjkk3sem3vxejwnwseor '),
 ('181', 'customerid', '0', 'en_us', ' cus_8tp9yhp9s0v5xp '),
 ('181', 'userid', '0', 'en_us', ' 1 '),
 ('181', 'amount', '0', 'en_us', ' 13400 ');
INSERT INTO `craft_searchindex` (`elementId`, `attribute`, `fieldId`, `locale`, `keywords`) VALUES
 ('181', 'slug', '0', 'en_us', ''),
 ('182', 'mode', '0', 'en_us', ' test '),
 ('182', 'status', '0', 'en_us', ' test '),
 ('182', 'planamount', '0', 'en_us', ' 60 '),
 ('182', 'sourceurl', '0', 'en_us', ' donations '),
 ('182', 'customeremail', '0', 'en_us', ' briansbier gmail com '),
 ('182', 'type', '0', 'en_us', ' one off '),
 ('182', 'hash', '0', 'en_us', ' 337e87effd172b7684f25192e6e814e4 '),
 ('182', 'meta', '0', 'en_us', ' brian bier 646 548 3333 '),
 ('182', 'slug', '0', 'en_us', ' 337e87effd172b7684f25192e6e814e4 '),
 ('183', 'mode', '0', 'en_us', ' test '),
 ('183', 'chargeid', '0', 'en_us', ' 182 '),
 ('183', 'stripeid', '0', 'en_us', ' ch_18bvxwkk3sem3vxespuq9afm '),
 ('183', 'customerid', '0', 'en_us', ' cus_8tp9yhp9s0v5xp '),
 ('183', 'userid', '0', 'en_us', ' 1 '),
 ('183', 'amount', '0', 'en_us', ' 6000 '),
 ('183', 'slug', '0', 'en_us', ''),
 ('184', 'mode', '0', 'en_us', ' test '),
 ('184', 'status', '0', 'en_us', ' test '),
 ('184', 'planamount', '0', 'en_us', ' 60 '),
 ('184', 'sourceurl', '0', 'en_us', ' donations '),
 ('184', 'customeremail', '0', 'en_us', ' briansbier gmail com '),
 ('184', 'type', '0', 'en_us', ' one off '),
 ('184', 'hash', '0', 'en_us', ' ed06661160a39590d2a5493be7c42e96 '),
 ('184', 'meta', '0', 'en_us', ' brian bier 88888888 '),
 ('184', 'slug', '0', 'en_us', ' ed06661160a39590d2a5493be7c42e96 '),
 ('185', 'mode', '0', 'en_us', ' test '),
 ('185', 'chargeid', '0', 'en_us', ' 184 '),
 ('185', 'stripeid', '0', 'en_us', ' ch_18bvkgkk3sem3vxefwysaoew '),
 ('185', 'customerid', '0', 'en_us', ' cus_8tp9yhp9s0v5xp '),
 ('185', 'userid', '0', 'en_us', ' 1 '),
 ('185', 'amount', '0', 'en_us', ' 6000 '),
 ('185', 'slug', '0', 'en_us', ''),
 ('186', 'mode', '0', 'en_us', ' test '),
 ('186', 'status', '0', 'en_us', ' test '),
 ('186', 'planamount', '0', 'en_us', ' 66 '),
 ('186', 'sourceurl', '0', 'en_us', ' donations '),
 ('186', 'customeremail', '0', 'en_us', ' dk fk vom '),
 ('186', 'type', '0', 'en_us', ' one off '),
 ('186', 'hash', '0', 'en_us', ' d860feab6496a644b149ea82b8680733 '),
 ('186', 'meta', '0', 'en_us', ' dave f '),
 ('186', 'slug', '0', 'en_us', ' d860feab6496a644b149ea82b8680733 '),
 ('187', 'mode', '0', 'en_us', ' test '),
 ('187', 'chargeid', '0', 'en_us', ' 186 '),
 ('187', 'stripeid', '0', 'en_us', ' ch_18bxarkk3sem3vxevfhsw5i8 '),
 ('187', 'customerid', '0', 'en_us', ' cus_8tp9yhp9s0v5xp '),
 ('187', 'userid', '0', 'en_us', ' 1 '),
 ('187', 'amount', '0', 'en_us', ' 6600 '),
 ('187', 'slug', '0', 'en_us', ''),
 ('188', 'mode', '0', 'en_us', ' test '),
 ('188', 'status', '0', 'en_us', ' test '),
 ('188', 'planamount', '0', 'en_us', ' 5 '),
 ('188', 'sourceurl', '0', 'en_us', ' donations '),
 ('188', 'customeremail', '0', 'en_us', ' briansbier gmail com '),
 ('188', 'type', '0', 'en_us', ' one off '),
 ('188', 'hash', '0', 'en_us', ' 60af75549a68d019fc6afc2cd37783ea '),
 ('188', 'meta', '0', 'en_us', ''),
 ('188', 'slug', '0', 'en_us', ' 60af75549a68d019fc6afc2cd37783ea '),
 ('189', 'mode', '0', 'en_us', ' test '),
 ('189', 'chargeid', '0', 'en_us', ' 188 '),
 ('189', 'stripeid', '0', 'en_us', ' ch_18byufkk3sem3vxeqy9utgd8 '),
 ('189', 'customerid', '0', 'en_us', ' cus_8tp9yhp9s0v5xp '),
 ('189', 'userid', '0', 'en_us', ' 1 '),
 ('189', 'amount', '0', 'en_us', ' 500 '),
 ('189', 'slug', '0', 'en_us', ''),
 ('190', 'mode', '0', 'en_us', ' test '),
 ('190', 'status', '0', 'en_us', ' test '),
 ('190', 'planamount', '0', 'en_us', ' 5 '),
 ('190', 'sourceurl', '0', 'en_us', ' donations '),
 ('190', 'customeremail', '0', 'en_us', ' joe example com '),
 ('190', 'type', '0', 'en_us', ' one off '),
 ('190', 'hash', '0', 'en_us', ' beafde79b27332cedc345141c4e23b75 '),
 ('190', 'meta', '0', 'en_us', ''),
 ('190', 'slug', '0', 'en_us', ' beafde79b27332cedc345141c4e23b75 '),
 ('191', 'mode', '0', 'en_us', ' test '),
 ('191', 'chargeid', '0', 'en_us', ' 190 '),
 ('191', 'stripeid', '0', 'en_us', ' ch_18byy4kk3sem3vxep0ni2seh '),
 ('191', 'customerid', '0', 'en_us', ' cus_8tp9yhp9s0v5xp '),
 ('191', 'userid', '0', 'en_us', ' 1 '),
 ('191', 'amount', '0', 'en_us', ' 500 '),
 ('191', 'slug', '0', 'en_us', ''),
 ('192', 'mode', '0', 'en_us', ' test '),
 ('192', 'status', '0', 'en_us', ' test '),
 ('192', 'planamount', '0', 'en_us', ' 5 '),
 ('192', 'sourceurl', '0', 'en_us', ' donations '),
 ('192', 'customeremail', '0', 'en_us', ' briansbier gmail com '),
 ('192', 'type', '0', 'en_us', ' one off '),
 ('192', 'hash', '0', 'en_us', ' 7aa6c97cbe862cde888fa7370ef5d267 '),
 ('192', 'meta', '0', 'en_us', ' brian '),
 ('192', 'slug', '0', 'en_us', ' 7aa6c97cbe862cde888fa7370ef5d267 '),
 ('193', 'mode', '0', 'en_us', ' test '),
 ('193', 'chargeid', '0', 'en_us', ' 192 '),
 ('193', 'stripeid', '0', 'en_us', ' ch_18bycckk3sem3vxe9rkqmfdi '),
 ('193', 'customerid', '0', 'en_us', ' cus_8tp9yhp9s0v5xp '),
 ('193', 'userid', '0', 'en_us', ' 1 '),
 ('193', 'amount', '0', 'en_us', ' 500 '),
 ('193', 'slug', '0', 'en_us', ''),
 ('194', 'mode', '0', 'en_us', ' test '),
 ('194', 'status', '0', 'en_us', ' test '),
 ('194', 'planamount', '0', 'en_us', ' 5 ');
INSERT INTO `craft_searchindex` (`elementId`, `attribute`, `fieldId`, `locale`, `keywords`) VALUES
 ('194', 'sourceurl', '0', 'en_us', ' donations '),
 ('194', 'customeremail', '0', 'en_us', ' briansbier gmail com '),
 ('194', 'type', '0', 'en_us', ' one off '),
 ('194', 'hash', '0', 'en_us', ' 69e8c41711185387877fe8897f4a16c6 '),
 ('194', 'meta', '0', 'en_us', ''),
 ('194', 'slug', '0', 'en_us', ' 69e8c41711185387877fe8897f4a16c6 '),
 ('195', 'mode', '0', 'en_us', ' test '),
 ('195', 'chargeid', '0', 'en_us', ' 194 '),
 ('195', 'stripeid', '0', 'en_us', ' ch_18byfkkk3sem3vxe5arkxmif '),
 ('195', 'customerid', '0', 'en_us', ' cus_8tp9yhp9s0v5xp '),
 ('195', 'userid', '0', 'en_us', ' 1 '),
 ('195', 'amount', '0', 'en_us', ' 500 '),
 ('195', 'slug', '0', 'en_us', ''),
 ('196', 'mode', '0', 'en_us', ' test '),
 ('196', 'status', '0', 'en_us', ' test '),
 ('196', 'planamount', '0', 'en_us', ' 5 '),
 ('196', 'sourceurl', '0', 'en_us', ' donations '),
 ('196', 'customeremail', '0', 'en_us', ' briansbier gmail com '),
 ('196', 'type', '0', 'en_us', ' one off '),
 ('196', 'hash', '0', 'en_us', ' 22c802797bd5dbc8280ddb345ee9dd3c '),
 ('196', 'meta', '0', 'en_us', ' brian '),
 ('196', 'slug', '0', 'en_us', ' 22c802797bd5dbc8280ddb345ee9dd3c '),
 ('197', 'mode', '0', 'en_us', ' test '),
 ('197', 'chargeid', '0', 'en_us', ' 196 '),
 ('197', 'stripeid', '0', 'en_us', ' ch_18bygjkk3sem3vxe7ol2zadi '),
 ('197', 'customerid', '0', 'en_us', ' cus_8tp9yhp9s0v5xp '),
 ('197', 'userid', '0', 'en_us', ' 1 '),
 ('197', 'amount', '0', 'en_us', ' 500 '),
 ('197', 'slug', '0', 'en_us', ''),
 ('198', 'mode', '0', 'en_us', ' test '),
 ('198', 'status', '0', 'en_us', ' test '),
 ('198', 'planamount', '0', 'en_us', ' 5 '),
 ('198', 'sourceurl', '0', 'en_us', ' donations '),
 ('198', 'customeremail', '0', 'en_us', ' briansbier gmail com '),
 ('198', 'type', '0', 'en_us', ' one off '),
 ('198', 'hash', '0', 'en_us', ' 20b7123c357f69706691502889dca2dd '),
 ('198', 'meta', '0', 'en_us', ' brian '),
 ('198', 'slug', '0', 'en_us', ' 20b7123c357f69706691502889dca2dd '),
 ('199', 'mode', '0', 'en_us', ' test '),
 ('199', 'chargeid', '0', 'en_us', ' 198 '),
 ('199', 'stripeid', '0', 'en_us', ' ch_18byhckk3sem3vxecvmdhdyt '),
 ('199', 'customerid', '0', 'en_us', ' cus_8tp9yhp9s0v5xp '),
 ('199', 'userid', '0', 'en_us', ' 1 '),
 ('199', 'amount', '0', 'en_us', ' 500 '),
 ('199', 'slug', '0', 'en_us', ''),
 ('200', 'mode', '0', 'en_us', ' test '),
 ('200', 'status', '0', 'en_us', ' test '),
 ('200', 'planamount', '0', 'en_us', ' 5 '),
 ('200', 'sourceurl', '0', 'en_us', ' donations '),
 ('200', 'customeremail', '0', 'en_us', ' briansbier gmail com '),
 ('200', 'type', '0', 'en_us', ' one off '),
 ('200', 'hash', '0', 'en_us', ' ea33d3e23933d1aaeeccacae643f3670 '),
 ('200', 'meta', '0', 'en_us', ' brian bier '),
 ('200', 'slug', '0', 'en_us', ' ea33d3e23933d1aaeeccacae643f3670 '),
 ('201', 'mode', '0', 'en_us', ' test '),
 ('201', 'chargeid', '0', 'en_us', ' 200 '),
 ('201', 'stripeid', '0', 'en_us', ' ch_18byhykk3sem3vxeqiabpxqo '),
 ('201', 'customerid', '0', 'en_us', ' cus_8tp9yhp9s0v5xp '),
 ('201', 'userid', '0', 'en_us', ' 1 '),
 ('201', 'amount', '0', 'en_us', ' 500 '),
 ('201', 'slug', '0', 'en_us', ''),
 ('202', 'mode', '0', 'en_us', ' test '),
 ('202', 'status', '0', 'en_us', ' test '),
 ('202', 'planamount', '0', 'en_us', ' 5 '),
 ('202', 'sourceurl', '0', 'en_us', ' donations '),
 ('202', 'customeremail', '0', 'en_us', ' briansbier gmail com '),
 ('202', 'type', '0', 'en_us', ' one off '),
 ('202', 'hash', '0', 'en_us', ' d8678df38fb8517ce3ca6084abeeb1bf '),
 ('202', 'meta', '0', 'en_us', ' brian bier '),
 ('202', 'slug', '0', 'en_us', ' d8678df38fb8517ce3ca6084abeeb1bf '),
 ('203', 'mode', '0', 'en_us', ' test '),
 ('203', 'chargeid', '0', 'en_us', ' 202 '),
 ('203', 'stripeid', '0', 'en_us', ' ch_18byiwkk3sem3vxehomstowo '),
 ('203', 'customerid', '0', 'en_us', ' cus_8tp9yhp9s0v5xp '),
 ('203', 'userid', '0', 'en_us', ' 1 '),
 ('203', 'amount', '0', 'en_us', ' 500 '),
 ('203', 'slug', '0', 'en_us', ''),
 ('204', 'mode', '0', 'en_us', ' test '),
 ('204', 'status', '0', 'en_us', ' test '),
 ('204', 'planamount', '0', 'en_us', ' 5 '),
 ('204', 'sourceurl', '0', 'en_us', ' donations '),
 ('204', 'customeremail', '0', 'en_us', ' briansbier gmail com '),
 ('204', 'type', '0', 'en_us', ' one off '),
 ('204', 'hash', '0', 'en_us', ' af6f3d943130629459c6ee6defe0e756 '),
 ('204', 'meta', '0', 'en_us', ''),
 ('204', 'slug', '0', 'en_us', ' af6f3d943130629459c6ee6defe0e756 '),
 ('205', 'mode', '0', 'en_us', ' test '),
 ('205', 'chargeid', '0', 'en_us', ' 204 '),
 ('205', 'stripeid', '0', 'en_us', ' ch_18bynhkk3sem3vxeb0cqct5a '),
 ('205', 'customerid', '0', 'en_us', ' cus_8tp9yhp9s0v5xp '),
 ('205', 'userid', '0', 'en_us', ' 1 '),
 ('205', 'amount', '0', 'en_us', ' 500 '),
 ('205', 'slug', '0', 'en_us', ''),
 ('206', 'mode', '0', 'en_us', ' test '),
 ('206', 'status', '0', 'en_us', ' test '),
 ('206', 'planamount', '0', 'en_us', ' 5 '),
 ('206', 'sourceurl', '0', 'en_us', ' donations '),
 ('206', 'customeremail', '0', 'en_us', ' briansbier gmail com '),
 ('206', 'type', '0', 'en_us', ' one off '),
 ('206', 'hash', '0', 'en_us', ' f67b15134fca36e0ce880ec329626d2d ');
INSERT INTO `craft_searchindex` (`elementId`, `attribute`, `fieldId`, `locale`, `keywords`) VALUES
 ('206', 'meta', '0', 'en_us', ' brian bier '),
 ('206', 'slug', '0', 'en_us', ' f67b15134fca36e0ce880ec329626d2d '),
 ('207', 'mode', '0', 'en_us', ' test '),
 ('207', 'chargeid', '0', 'en_us', ' 206 '),
 ('207', 'stripeid', '0', 'en_us', ' ch_18byxhkk3sem3vxenhauh8hq '),
 ('207', 'customerid', '0', 'en_us', ' cus_8tp9yhp9s0v5xp '),
 ('207', 'userid', '0', 'en_us', ' 1 '),
 ('207', 'amount', '0', 'en_us', ' 500 '),
 ('207', 'slug', '0', 'en_us', ''),
 ('208', 'mode', '0', 'en_us', ' test '),
 ('208', 'status', '0', 'en_us', ' test '),
 ('208', 'planamount', '0', 'en_us', ' 5 '),
 ('208', 'sourceurl', '0', 'en_us', ' donations '),
 ('208', 'customeremail', '0', 'en_us', ' briansbier gmail com '),
 ('208', 'type', '0', 'en_us', ' one off '),
 ('208', 'hash', '0', 'en_us', ' 9b5027547299dcd2b423963596a5e999 '),
 ('208', 'meta', '0', 'en_us', ' brian bier '),
 ('208', 'slug', '0', 'en_us', ' 9b5027547299dcd2b423963596a5e999 '),
 ('209', 'mode', '0', 'en_us', ' test '),
 ('209', 'chargeid', '0', 'en_us', ' 208 '),
 ('209', 'stripeid', '0', 'en_us', ' ch_18byxqkk3sem3vxemqznpeeg '),
 ('209', 'customerid', '0', 'en_us', ' cus_8tp9yhp9s0v5xp '),
 ('209', 'userid', '0', 'en_us', ' 1 '),
 ('209', 'amount', '0', 'en_us', ' 500 '),
 ('209', 'slug', '0', 'en_us', ''),
 ('210', 'mode', '0', 'en_us', ' test '),
 ('210', 'status', '0', 'en_us', ' test '),
 ('210', 'planamount', '0', 'en_us', ' 50 '),
 ('210', 'sourceurl', '0', 'en_us', ' donations '),
 ('210', 'customeremail', '0', 'en_us', ' briansbier gmail com '),
 ('210', 'type', '0', 'en_us', ' one off '),
 ('210', 'hash', '0', 'en_us', ' 44e08ec709b128461b42ce659b692d1a '),
 ('210', 'meta', '0', 'en_us', ' brian bier '),
 ('210', 'slug', '0', 'en_us', ' 44e08ec709b128461b42ce659b692d1a '),
 ('211', 'mode', '0', 'en_us', ' test '),
 ('211', 'chargeid', '0', 'en_us', ' 210 '),
 ('211', 'stripeid', '0', 'en_us', ' ch_18byyqkk3sem3vxejsfhfzyd '),
 ('211', 'customerid', '0', 'en_us', ' cus_8tp9yhp9s0v5xp '),
 ('211', 'userid', '0', 'en_us', ' 1 '),
 ('211', 'amount', '0', 'en_us', ' 5000 '),
 ('211', 'slug', '0', 'en_us', ''),
 ('212', 'mode', '0', 'en_us', ' test '),
 ('212', 'status', '0', 'en_us', ' test '),
 ('212', 'planamount', '0', 'en_us', ' 5 '),
 ('212', 'sourceurl', '0', 'en_us', ' donations '),
 ('212', 'customeremail', '0', 'en_us', ' briansbier gmail com '),
 ('212', 'type', '0', 'en_us', ' one off '),
 ('212', 'hash', '0', 'en_us', ' 6f1572d125d321c7752ddf6806f7f4d2 '),
 ('212', 'meta', '0', 'en_us', ' brian bier '),
 ('212', 'slug', '0', 'en_us', ' 6f1572d125d321c7752ddf6806f7f4d2 '),
 ('213', 'mode', '0', 'en_us', ' test '),
 ('213', 'chargeid', '0', 'en_us', ' 212 '),
 ('213', 'stripeid', '0', 'en_us', ' ch_18bz1ykk3sem3vxeoqxqskui '),
 ('213', 'customerid', '0', 'en_us', ' cus_8tp9yhp9s0v5xp '),
 ('213', 'userid', '0', 'en_us', ' 1 '),
 ('213', 'amount', '0', 'en_us', ' 500 '),
 ('213', 'slug', '0', 'en_us', ''),
 ('214', 'mode', '0', 'en_us', ' test '),
 ('214', 'status', '0', 'en_us', ' test '),
 ('214', 'planamount', '0', 'en_us', ' 5 '),
 ('214', 'sourceurl', '0', 'en_us', ' donations '),
 ('214', 'customeremail', '0', 'en_us', ' briansbier gmail com '),
 ('214', 'type', '0', 'en_us', ' one off '),
 ('214', 'hash', '0', 'en_us', ' 447c3329b97133dde64de863c8554123 '),
 ('214', 'meta', '0', 'en_us', ' brian bier '),
 ('214', 'slug', '0', 'en_us', ' 447c3329b97133dde64de863c8554123 '),
 ('215', 'mode', '0', 'en_us', ' test '),
 ('215', 'chargeid', '0', 'en_us', ' 214 '),
 ('215', 'stripeid', '0', 'en_us', ' ch_18bz2tkk3sem3vxeioe9darx '),
 ('215', 'customerid', '0', 'en_us', ' cus_8tp9yhp9s0v5xp '),
 ('215', 'userid', '0', 'en_us', ' 1 '),
 ('215', 'amount', '0', 'en_us', ' 500 '),
 ('215', 'slug', '0', 'en_us', ''),
 ('216', 'mode', '0', 'en_us', ' test '),
 ('216', 'status', '0', 'en_us', ' test '),
 ('216', 'planamount', '0', 'en_us', ' 50 '),
 ('216', 'sourceurl', '0', 'en_us', ' donations '),
 ('216', 'customeremail', '0', 'en_us', ' briansbier gmail com '),
 ('216', 'type', '0', 'en_us', ' one off '),
 ('216', 'hash', '0', 'en_us', ' 27b26d6374808399274a533d54fb3d7f '),
 ('216', 'meta', '0', 'en_us', ' brian bier '),
 ('216', 'slug', '0', 'en_us', ' 27b26d6374808399274a533d54fb3d7f '),
 ('217', 'mode', '0', 'en_us', ' test '),
 ('217', 'chargeid', '0', 'en_us', ' 216 '),
 ('217', 'stripeid', '0', 'en_us', ' ch_18bz3ekk3sem3vxemjigbaym '),
 ('217', 'customerid', '0', 'en_us', ' cus_8tp9yhp9s0v5xp '),
 ('217', 'userid', '0', 'en_us', ' 1 '),
 ('217', 'amount', '0', 'en_us', ' 5000 '),
 ('217', 'slug', '0', 'en_us', ''),
 ('218', 'mode', '0', 'en_us', ' test '),
 ('218', 'status', '0', 'en_us', ' test '),
 ('218', 'planamount', '0', 'en_us', ' 10 '),
 ('218', 'sourceurl', '0', 'en_us', ' donations '),
 ('218', 'customeremail', '0', 'en_us', ' briansbier gmail com '),
 ('218', 'type', '0', 'en_us', ' one off '),
 ('218', 'hash', '0', 'en_us', ' 3279ec86e9c9c874f1688207c8c3a10a '),
 ('218', 'meta', '0', 'en_us', ' brian bier '),
 ('218', 'slug', '0', 'en_us', ' 3279ec86e9c9c874f1688207c8c3a10a '),
 ('219', 'mode', '0', 'en_us', ' test '),
 ('219', 'chargeid', '0', 'en_us', ' 218 ');
INSERT INTO `craft_searchindex` (`elementId`, `attribute`, `fieldId`, `locale`, `keywords`) VALUES
 ('219', 'stripeid', '0', 'en_us', ' ch_18bz4fkk3sem3vxeimf3q7ah '),
 ('219', 'customerid', '0', 'en_us', ' cus_8tp9yhp9s0v5xp '),
 ('219', 'userid', '0', 'en_us', ' 1 '),
 ('219', 'amount', '0', 'en_us', ' 1000 '),
 ('219', 'slug', '0', 'en_us', ''),
 ('220', 'mode', '0', 'en_us', ' test '),
 ('220', 'status', '0', 'en_us', ' test '),
 ('220', 'planamount', '0', 'en_us', ' 12 '),
 ('220', 'sourceurl', '0', 'en_us', ' donations payment '),
 ('220', 'customeremail', '0', 'en_us', ' briansbier gmail com '),
 ('220', 'type', '0', 'en_us', ' one off '),
 ('220', 'hash', '0', 'en_us', ' 5999d16fee95eb2cb30b9756f325bae6 '),
 ('220', 'meta', '0', 'en_us', ' brian bier '),
 ('220', 'slug', '0', 'en_us', ' 5999d16fee95eb2cb30b9756f325bae6 '),
 ('221', 'mode', '0', 'en_us', ' test '),
 ('221', 'chargeid', '0', 'en_us', ' 220 '),
 ('221', 'stripeid', '0', 'en_us', ' ch_18bz7ckk3sem3vxewck7bz9q '),
 ('221', 'customerid', '0', 'en_us', ' cus_8tp9yhp9s0v5xp '),
 ('221', 'userid', '0', 'en_us', ' 1 '),
 ('221', 'amount', '0', 'en_us', ' 1200 '),
 ('221', 'slug', '0', 'en_us', ''),
 ('222', 'mode', '0', 'en_us', ' test '),
 ('222', 'status', '0', 'en_us', ' test '),
 ('222', 'planamount', '0', 'en_us', ' 10 '),
 ('222', 'sourceurl', '0', 'en_us', ' donations payment '),
 ('222', 'customeremail', '0', 'en_us', ' briansbier gmail com '),
 ('222', 'type', '0', 'en_us', ' one off '),
 ('222', 'hash', '0', 'en_us', ' 25fa2d3124b5498bf979c3922771617b '),
 ('222', 'meta', '0', 'en_us', ' brian bier '),
 ('222', 'slug', '0', 'en_us', ' 25fa2d3124b5498bf979c3922771617b '),
 ('223', 'mode', '0', 'en_us', ' test '),
 ('223', 'chargeid', '0', 'en_us', ' 222 '),
 ('223', 'stripeid', '0', 'en_us', ' ch_18bz8ukk3sem3vxeb4vac006 '),
 ('223', 'customerid', '0', 'en_us', ' cus_8tp9yhp9s0v5xp '),
 ('223', 'userid', '0', 'en_us', ' 1 '),
 ('223', 'amount', '0', 'en_us', ' 1000 '),
 ('223', 'slug', '0', 'en_us', ''),
 ('224', 'mode', '0', 'en_us', ' test '),
 ('224', 'status', '0', 'en_us', ' test '),
 ('224', 'planamount', '0', 'en_us', ' 60 '),
 ('224', 'sourceurl', '0', 'en_us', ' donations payment '),
 ('224', 'customeremail', '0', 'en_us', ' briansbier gmail com '),
 ('224', 'type', '0', 'en_us', ' one off '),
 ('224', 'hash', '0', 'en_us', ' 47e0cc045999f9227aab22ab382337a4 '),
 ('224', 'meta', '0', 'en_us', ' brian bier '),
 ('224', 'slug', '0', 'en_us', ' 47e0cc045999f9227aab22ab382337a4 '),
 ('225', 'mode', '0', 'en_us', ' test '),
 ('225', 'chargeid', '0', 'en_us', ' 224 '),
 ('225', 'stripeid', '0', 'en_us', ' ch_18bza7kk3sem3vxekmhro84q '),
 ('225', 'customerid', '0', 'en_us', ' cus_8tp9yhp9s0v5xp '),
 ('225', 'userid', '0', 'en_us', ' 1 '),
 ('225', 'amount', '0', 'en_us', ' 6000 '),
 ('225', 'slug', '0', 'en_us', ''),
 ('226', 'mode', '0', 'en_us', ' test '),
 ('226', 'status', '0', 'en_us', ' test '),
 ('226', 'planamount', '0', 'en_us', ' 1000 '),
 ('226', 'sourceurl', '0', 'en_us', ' donations payment '),
 ('226', 'customeremail', '0', 'en_us', ' briansbier gmail com '),
 ('226', 'type', '0', 'en_us', ' one off '),
 ('226', 'hash', '0', 'en_us', ' d31a3d4eb35ec8b399f9acb8e97437ee '),
 ('226', 'meta', '0', 'en_us', ' brian bier 646 548 3333 '),
 ('226', 'slug', '0', 'en_us', ' d31a3d4eb35ec8b399f9acb8e97437ee '),
 ('227', 'mode', '0', 'en_us', ' test '),
 ('227', 'chargeid', '0', 'en_us', ' 226 '),
 ('227', 'stripeid', '0', 'en_us', ' ch_18bzadkk3sem3vxerucjaywp '),
 ('227', 'customerid', '0', 'en_us', ' cus_8tp9yhp9s0v5xp '),
 ('227', 'userid', '0', 'en_us', ' 1 '),
 ('227', 'amount', '0', 'en_us', ' 100000 '),
 ('227', 'slug', '0', 'en_us', ''),
 ('228', 'mode', '0', 'en_us', ' test '),
 ('228', 'status', '0', 'en_us', ' test '),
 ('228', 'planamount', '0', 'en_us', ' 12121 '),
 ('228', 'sourceurl', '0', 'en_us', ' donations payment '),
 ('228', 'customeremail', '0', 'en_us', ' briansbier gmail com '),
 ('228', 'type', '0', 'en_us', ' one off '),
 ('228', 'hash', '0', 'en_us', ' 2ed75529e74dd7262ea9addc317efcac '),
 ('228', 'meta', '0', 'en_us', ' brian bier '),
 ('228', 'slug', '0', 'en_us', ' 2ed75529e74dd7262ea9addc317efcac '),
 ('229', 'mode', '0', 'en_us', ' test '),
 ('229', 'chargeid', '0', 'en_us', ' 228 '),
 ('229', 'stripeid', '0', 'en_us', ' ch_18bzdbkk3sem3vxerrmxz1xt '),
 ('229', 'customerid', '0', 'en_us', ' cus_8tp9yhp9s0v5xp '),
 ('229', 'userid', '0', 'en_us', ' 1 '),
 ('229', 'amount', '0', 'en_us', ' 1212100 '),
 ('229', 'slug', '0', 'en_us', ''),
 ('230', 'mode', '0', 'en_us', ' test '),
 ('230', 'status', '0', 'en_us', ' test '),
 ('230', 'planamount', '0', 'en_us', ' 13121 '),
 ('230', 'sourceurl', '0', 'en_us', ' donations payment '),
 ('230', 'customeremail', '0', 'en_us', ' briansbier gmail com '),
 ('230', 'type', '0', 'en_us', ' one off '),
 ('230', 'hash', '0', 'en_us', ' 3a7db39eb8ff7e14b0f1e1d7b9da6ece '),
 ('230', 'meta', '0', 'en_us', ' brian bier '),
 ('230', 'slug', '0', 'en_us', ' 3a7db39eb8ff7e14b0f1e1d7b9da6ece '),
 ('231', 'mode', '0', 'en_us', ' test '),
 ('231', 'chargeid', '0', 'en_us', ' 230 '),
 ('231', 'stripeid', '0', 'en_us', ' ch_18bzeekk3sem3vxejcbmmijm '),
 ('231', 'customerid', '0', 'en_us', ' cus_8tp9yhp9s0v5xp '),
 ('231', 'userid', '0', 'en_us', ' 1 '),
 ('231', 'amount', '0', 'en_us', ' 1312100 ');
INSERT INTO `craft_searchindex` (`elementId`, `attribute`, `fieldId`, `locale`, `keywords`) VALUES
 ('231', 'slug', '0', 'en_us', ''),
 ('232', 'mode', '0', 'en_us', ' test '),
 ('232', 'status', '0', 'en_us', ' test '),
 ('232', 'planamount', '0', 'en_us', ' 3000 '),
 ('232', 'sourceurl', '0', 'en_us', ' donations payment '),
 ('232', 'customeremail', '0', 'en_us', ' briansbier gmail com '),
 ('232', 'type', '0', 'en_us', ' one off '),
 ('232', 'hash', '0', 'en_us', ' a4cba0c5940f190e43a87d79d1198e83 '),
 ('232', 'meta', '0', 'en_us', ' brian bier '),
 ('232', 'slug', '0', 'en_us', ' a4cba0c5940f190e43a87d79d1198e83 '),
 ('233', 'mode', '0', 'en_us', ' test '),
 ('233', 'chargeid', '0', 'en_us', ' 232 '),
 ('233', 'stripeid', '0', 'en_us', ' ch_18bzi8kk3sem3vxemujemrr2 '),
 ('233', 'customerid', '0', 'en_us', ' cus_8tp9yhp9s0v5xp '),
 ('233', 'userid', '0', 'en_us', ' 1 '),
 ('233', 'amount', '0', 'en_us', ' 300000 '),
 ('233', 'slug', '0', 'en_us', ''),
 ('234', 'mode', '0', 'en_us', ' test '),
 ('234', 'status', '0', 'en_us', ' test '),
 ('234', 'planamount', '0', 'en_us', ' 30 '),
 ('234', 'sourceurl', '0', 'en_us', ' donations payment '),
 ('234', 'customeremail', '0', 'en_us', ' briansbier gmail com '),
 ('234', 'type', '0', 'en_us', ' one off '),
 ('234', 'hash', '0', 'en_us', ' ccea44e1eb3f0e437d04269e32da923a '),
 ('234', 'meta', '0', 'en_us', ' brian bier '),
 ('234', 'slug', '0', 'en_us', ' ccea44e1eb3f0e437d04269e32da923a '),
 ('235', 'mode', '0', 'en_us', ' test '),
 ('235', 'chargeid', '0', 'en_us', ' 234 '),
 ('235', 'stripeid', '0', 'en_us', ' ch_18bzprkk3sem3vxel65qp8sy '),
 ('235', 'customerid', '0', 'en_us', ' cus_8tp9yhp9s0v5xp '),
 ('235', 'userid', '0', 'en_us', ' 1 '),
 ('235', 'amount', '0', 'en_us', ' 3000 '),
 ('235', 'slug', '0', 'en_us', ''),
 ('236', 'mode', '0', 'en_us', ' test '),
 ('236', 'status', '0', 'en_us', ' test '),
 ('236', 'planamount', '0', 'en_us', ' 323 '),
 ('236', 'sourceurl', '0', 'en_us', ' donations payment '),
 ('236', 'customeremail', '0', 'en_us', ' briansbier gmail com '),
 ('236', 'type', '0', 'en_us', ' one off '),
 ('236', 'hash', '0', 'en_us', ' 933d09798d9f43c22d2ac296556de260 '),
 ('236', 'meta', '0', 'en_us', ' brian bier '),
 ('236', 'slug', '0', 'en_us', ' 933d09798d9f43c22d2ac296556de260 '),
 ('237', 'mode', '0', 'en_us', ' test '),
 ('237', 'chargeid', '0', 'en_us', ' 236 '),
 ('237', 'stripeid', '0', 'en_us', ' ch_18bzumkk3sem3vxec9tghd2f '),
 ('237', 'customerid', '0', 'en_us', ' cus_8tp9yhp9s0v5xp '),
 ('237', 'userid', '0', 'en_us', ' 1 '),
 ('237', 'amount', '0', 'en_us', ' 32300 '),
 ('237', 'slug', '0', 'en_us', ''),
 ('238', 'mode', '0', 'en_us', ' test '),
 ('238', 'status', '0', 'en_us', ' test '),
 ('238', 'planamount', '0', 'en_us', ' 21 '),
 ('238', 'sourceurl', '0', 'en_us', ' donations payment '),
 ('238', 'customeremail', '0', 'en_us', ' briansbier gmail com '),
 ('238', 'type', '0', 'en_us', ' one off '),
 ('238', 'hash', '0', 'en_us', ' e66f0130c0f04b684646f10e0cd1fb3e '),
 ('238', 'meta', '0', 'en_us', ' brian bier '),
 ('238', 'slug', '0', 'en_us', ' e66f0130c0f04b684646f10e0cd1fb3e '),
 ('239', 'mode', '0', 'en_us', ' test '),
 ('239', 'chargeid', '0', 'en_us', ' 238 '),
 ('239', 'stripeid', '0', 'en_us', ' ch_18bzwzkk3sem3vxeecdhhjbp '),
 ('239', 'customerid', '0', 'en_us', ' cus_8tp9yhp9s0v5xp '),
 ('239', 'userid', '0', 'en_us', ' 1 '),
 ('239', 'amount', '0', 'en_us', ' 2100 '),
 ('239', 'slug', '0', 'en_us', ''),
 ('240', 'mode', '0', 'en_us', ' test '),
 ('240', 'status', '0', 'en_us', ' test '),
 ('240', 'planamount', '0', 'en_us', ' 50 '),
 ('240', 'sourceurl', '0', 'en_us', ' donations '),
 ('240', 'customeremail', '0', 'en_us', ' briansbier gmail com '),
 ('240', 'type', '0', 'en_us', ' one off '),
 ('240', 'hash', '0', 'en_us', ' 723a59f3c4a2ebd0f3036d9c0e85e90a '),
 ('240', 'meta', '0', 'en_us', ''),
 ('240', 'slug', '0', 'en_us', ' 723a59f3c4a2ebd0f3036d9c0e85e90a '),
 ('241', 'mode', '0', 'en_us', ' test '),
 ('241', 'chargeid', '0', 'en_us', ' 240 '),
 ('241', 'stripeid', '0', 'en_us', ' ch_18bzydkk3sem3vxedjcevang '),
 ('241', 'customerid', '0', 'en_us', ' cus_8tp9yhp9s0v5xp '),
 ('241', 'userid', '0', 'en_us', ' 1 '),
 ('241', 'amount', '0', 'en_us', ' 5000 '),
 ('241', 'slug', '0', 'en_us', ''),
 ('242', 'mode', '0', 'en_us', ' test '),
 ('242', 'status', '0', 'en_us', ' test '),
 ('242', 'planamount', '0', 'en_us', ' 5 '),
 ('242', 'sourceurl', '0', 'en_us', ' donations '),
 ('242', 'customeremail', '0', 'en_us', ' briansbier gmail com '),
 ('242', 'type', '0', 'en_us', ' recurring '),
 ('242', 'hash', '0', 'en_us', ' c8cdc33e0515d90586473aa941df031a '),
 ('242', 'meta', '0', 'en_us', ''),
 ('242', 'slug', '0', 'en_us', ' c8cdc33e0515d90586473aa941df031a '),
 ('243', 'mode', '0', 'en_us', ' test '),
 ('243', 'chargeid', '0', 'en_us', ' 242 '),
 ('243', 'stripeid', '0', 'en_us', ' ch_18bzzckk3sem3vxeokafotas '),
 ('243', 'customerid', '0', 'en_us', ' cus_8tp9yhp9s0v5xp '),
 ('243', 'userid', '0', 'en_us', ' 1 '),
 ('243', 'amount', '0', 'en_us', ' 500 '),
 ('243', 'slug', '0', 'en_us', ''),
 ('244', 'mode', '0', 'en_us', ' test '),
 ('244', 'status', '0', 'en_us', ' test '),
 ('244', 'planamount', '0', 'en_us', ' 100 ');
INSERT INTO `craft_searchindex` (`elementId`, `attribute`, `fieldId`, `locale`, `keywords`) VALUES
 ('244', 'sourceurl', '0', 'en_us', ' donations payment '),
 ('244', 'customeremail', '0', 'en_us', ' briansbier gmail com '),
 ('244', 'type', '0', 'en_us', ' one off '),
 ('244', 'hash', '0', 'en_us', ' 6cab0d33e200ea481c3d8f45912a5bdc '),
 ('244', 'meta', '0', 'en_us', ' brian bier 6465484363 '),
 ('244', 'slug', '0', 'en_us', ' 6cab0d33e200ea481c3d8f45912a5bdc '),
 ('245', 'mode', '0', 'en_us', ' test '),
 ('245', 'chargeid', '0', 'en_us', ' 244 '),
 ('245', 'stripeid', '0', 'en_us', ' ch_18e4idkk3sem3vxefgeijn1f '),
 ('245', 'customerid', '0', 'en_us', ' cus_8tp9yhp9s0v5xp '),
 ('245', 'userid', '0', 'en_us', ' 1 '),
 ('245', 'amount', '0', 'en_us', ' 10000 '),
 ('245', 'slug', '0', 'en_us', ''),
 ('246', 'mode', '0', 'en_us', ' test '),
 ('246', 'status', '0', 'en_us', ' test '),
 ('246', 'planamount', '0', 'en_us', ' 30 '),
 ('246', 'sourceurl', '0', 'en_us', ' donations payment '),
 ('246', 'customeremail', '0', 'en_us', ' briansbier gmail com '),
 ('246', 'type', '0', 'en_us', ' one off '),
 ('246', 'hash', '0', 'en_us', ' ac0f83e6f0dd3f43b19adb1fbb126e20 '),
 ('246', 'meta', '0', 'en_us', ' brian bier '),
 ('246', 'slug', '0', 'en_us', ' ac0f83e6f0dd3f43b19adb1fbb126e20 '),
 ('247', 'mode', '0', 'en_us', ' test '),
 ('247', 'chargeid', '0', 'en_us', ' 246 '),
 ('247', 'stripeid', '0', 'en_us', ' ch_18e4kukk3sem3vxeqxp4aier '),
 ('247', 'customerid', '0', 'en_us', ' cus_8tp9yhp9s0v5xp '),
 ('247', 'userid', '0', 'en_us', ' 1 '),
 ('247', 'amount', '0', 'en_us', ' 3000 '),
 ('247', 'slug', '0', 'en_us', ''),
 ('248', 'mode', '0', 'en_us', ' test '),
 ('248', 'status', '0', 'en_us', ' test '),
 ('248', 'planamount', '0', 'en_us', ' 30 '),
 ('248', 'sourceurl', '0', 'en_us', ' donations payment '),
 ('248', 'customeremail', '0', 'en_us', ' briansbier gmail com '),
 ('248', 'type', '0', 'en_us', ' one off '),
 ('248', 'hash', '0', 'en_us', ' 3bca7af110c80f38b010456029a64521 '),
 ('248', 'meta', '0', 'en_us', ' brian bier '),
 ('248', 'slug', '0', 'en_us', ' 3bca7af110c80f38b010456029a64521 '),
 ('249', 'mode', '0', 'en_us', ' test '),
 ('249', 'chargeid', '0', 'en_us', ' 248 '),
 ('249', 'stripeid', '0', 'en_us', ' ch_18e4nakk3sem3vxelthi4iw6 '),
 ('249', 'customerid', '0', 'en_us', ' cus_8tp9yhp9s0v5xp '),
 ('249', 'userid', '0', 'en_us', ' 1 '),
 ('249', 'amount', '0', 'en_us', ' 3000 '),
 ('249', 'slug', '0', 'en_us', ''),
 ('250', 'mode', '0', 'en_us', ' test '),
 ('250', 'status', '0', 'en_us', ' test '),
 ('250', 'planamount', '0', 'en_us', ' 111 '),
 ('250', 'sourceurl', '0', 'en_us', ' donations payment '),
 ('250', 'customeremail', '0', 'en_us', ' briansbier gmail com '),
 ('250', 'type', '0', 'en_us', ' one off '),
 ('250', 'hash', '0', 'en_us', ' dff4aba3c16c4caa9ff1a69d4f8f8dca '),
 ('250', 'meta', '0', 'en_us', ' brian bier '),
 ('250', 'slug', '0', 'en_us', ' dff4aba3c16c4caa9ff1a69d4f8f8dca '),
 ('251', 'mode', '0', 'en_us', ' test '),
 ('251', 'chargeid', '0', 'en_us', ' 250 '),
 ('251', 'stripeid', '0', 'en_us', ' ch_18eqtwkk3sem3vxe8tmderez '),
 ('251', 'customerid', '0', 'en_us', ' cus_8tp9yhp9s0v5xp '),
 ('251', 'userid', '0', 'en_us', ' 1 '),
 ('251', 'amount', '0', 'en_us', ' 11100 '),
 ('251', 'slug', '0', 'en_us', ''),
 ('252', 'mode', '0', 'en_us', ' test '),
 ('252', 'status', '0', 'en_us', ' test '),
 ('252', 'planamount', '0', 'en_us', ' 89 '),
 ('252', 'sourceurl', '0', 'en_us', ' donations payment '),
 ('252', 'customeremail', '0', 'en_us', ' briansbier gmail com '),
 ('252', 'type', '0', 'en_us', ' one off '),
 ('252', 'hash', '0', 'en_us', ' bb009e568db8443b28c2c6b0c707e4ed '),
 ('252', 'meta', '0', 'en_us', ' brian bier '),
 ('252', 'slug', '0', 'en_us', ' bb009e568db8443b28c2c6b0c707e4ed '),
 ('253', 'mode', '0', 'en_us', ' test '),
 ('253', 'chargeid', '0', 'en_us', ' 252 '),
 ('253', 'stripeid', '0', 'en_us', ' ch_18eqwhkk3sem3vxeqzjyvsfc '),
 ('253', 'customerid', '0', 'en_us', ' cus_8tp9yhp9s0v5xp '),
 ('253', 'userid', '0', 'en_us', ' 1 '),
 ('253', 'amount', '0', 'en_us', ' 8900 '),
 ('253', 'slug', '0', 'en_us', ''),
 ('254', 'mode', '0', 'en_us', ' test '),
 ('254', 'status', '0', 'en_us', ' test '),
 ('254', 'planamount', '0', 'en_us', ' 60 '),
 ('254', 'sourceurl', '0', 'en_us', ' donations payment '),
 ('254', 'customeremail', '0', 'en_us', ' briansbier gmail com '),
 ('254', 'type', '0', 'en_us', ' one off '),
 ('254', 'hash', '0', 'en_us', ' 153cc07205afb46b0b832083dd0379fd '),
 ('254', 'meta', '0', 'en_us', ' brian bier 6465484363 '),
 ('254', 'slug', '0', 'en_us', ' 153cc07205afb46b0b832083dd0379fd '),
 ('255', 'mode', '0', 'en_us', ' test '),
 ('255', 'chargeid', '0', 'en_us', ' 254 '),
 ('255', 'stripeid', '0', 'en_us', ' ch_18eqwwkk3sem3vxefticjbuy '),
 ('255', 'customerid', '0', 'en_us', ' cus_8tp9yhp9s0v5xp '),
 ('255', 'userid', '0', 'en_us', ' 1 '),
 ('255', 'amount', '0', 'en_us', ' 6000 '),
 ('255', 'slug', '0', 'en_us', ''),
 ('256', 'mode', '0', 'en_us', ' test '),
 ('256', 'status', '0', 'en_us', ' test '),
 ('256', 'planamount', '0', 'en_us', ' 60 '),
 ('256', 'sourceurl', '0', 'en_us', ' donations payment '),
 ('256', 'customeremail', '0', 'en_us', ' briansbier gmail com '),
 ('256', 'type', '0', 'en_us', ' one off '),
 ('256', 'hash', '0', 'en_us', ' 9c30f71b12e840dc2d0092d6271bc696 ');
INSERT INTO `craft_searchindex` (`elementId`, `attribute`, `fieldId`, `locale`, `keywords`) VALUES
 ('256', 'meta', '0', 'en_us', ' brian bier '),
 ('256', 'slug', '0', 'en_us', ' 9c30f71b12e840dc2d0092d6271bc696 '),
 ('257', 'mode', '0', 'en_us', ' test '),
 ('257', 'chargeid', '0', 'en_us', ' 256 '),
 ('257', 'stripeid', '0', 'en_us', ' ch_18erb9kk3sem3vxepjozmdyr '),
 ('257', 'customerid', '0', 'en_us', ' cus_8tp9yhp9s0v5xp '),
 ('257', 'userid', '0', 'en_us', ' 1 '),
 ('257', 'amount', '0', 'en_us', ' 6000 '),
 ('257', 'slug', '0', 'en_us', ''),
 ('258', 'mode', '0', 'en_us', ' test '),
 ('258', 'status', '0', 'en_us', ' test '),
 ('258', 'planamount', '0', 'en_us', ' 30 '),
 ('258', 'sourceurl', '0', 'en_us', ' donations payment '),
 ('258', 'customeremail', '0', 'en_us', ' briansbier gmail com '),
 ('258', 'type', '0', 'en_us', ' one off '),
 ('258', 'hash', '0', 'en_us', ' 2ea77fb234ebbb664765c773f1e5760a '),
 ('258', 'meta', '0', 'en_us', ' brian bier '),
 ('258', 'slug', '0', 'en_us', ' 2ea77fb234ebbb664765c773f1e5760a '),
 ('259', 'mode', '0', 'en_us', ' test '),
 ('259', 'chargeid', '0', 'en_us', ' 258 '),
 ('259', 'stripeid', '0', 'en_us', ' ch_18erulkk3sem3vxedg9ohip2 '),
 ('259', 'customerid', '0', 'en_us', ' cus_8tp9yhp9s0v5xp '),
 ('259', 'userid', '0', 'en_us', ' 1 '),
 ('259', 'amount', '0', 'en_us', ' 3000 '),
 ('259', 'slug', '0', 'en_us', ''),
 ('260', 'mode', '0', 'en_us', ' test '),
 ('260', 'status', '0', 'en_us', ' test '),
 ('260', 'planamount', '0', 'en_us', ' 30 '),
 ('260', 'sourceurl', '0', 'en_us', ' donations payment '),
 ('260', 'customeremail', '0', 'en_us', ' briansbier gmail com '),
 ('260', 'type', '0', 'en_us', ' one off '),
 ('260', 'hash', '0', 'en_us', ' c4f88001b3d81f00ea4921bd9e57052e '),
 ('260', 'meta', '0', 'en_us', ' brian bier '),
 ('260', 'slug', '0', 'en_us', ' c4f88001b3d81f00ea4921bd9e57052e '),
 ('261', 'mode', '0', 'en_us', ' test '),
 ('261', 'chargeid', '0', 'en_us', ' 260 '),
 ('261', 'stripeid', '0', 'en_us', ' ch_18erymkk3sem3vxek1jopxxo '),
 ('261', 'customerid', '0', 'en_us', ' cus_8tp9yhp9s0v5xp '),
 ('261', 'userid', '0', 'en_us', ' 1 '),
 ('261', 'amount', '0', 'en_us', ' 3000 '),
 ('261', 'slug', '0', 'en_us', ''),
 ('262', 'mode', '0', 'en_us', ' test '),
 ('262', 'status', '0', 'en_us', ' test '),
 ('262', 'planamount', '0', 'en_us', ' 30 '),
 ('262', 'sourceurl', '0', 'en_us', ' donations payment '),
 ('262', 'customeremail', '0', 'en_us', ' briansbier gmail com '),
 ('262', 'type', '0', 'en_us', ' one off '),
 ('262', 'hash', '0', 'en_us', ' d7037b2c3b5d1648509b56cb68644d4a '),
 ('262', 'meta', '0', 'en_us', ' brian bier '),
 ('262', 'slug', '0', 'en_us', ' d7037b2c3b5d1648509b56cb68644d4a '),
 ('263', 'mode', '0', 'en_us', ' test '),
 ('263', 'chargeid', '0', 'en_us', ' 262 '),
 ('263', 'stripeid', '0', 'en_us', ' ch_18erhlkk3sem3vxet7amzqra '),
 ('263', 'customerid', '0', 'en_us', ' cus_8tp9yhp9s0v5xp '),
 ('263', 'userid', '0', 'en_us', ' 1 '),
 ('263', 'amount', '0', 'en_us', ' 3000 '),
 ('263', 'slug', '0', 'en_us', ''),
 ('264', 'mode', '0', 'en_us', ' test '),
 ('264', 'status', '0', 'en_us', ' test '),
 ('264', 'planamount', '0', 'en_us', ' 30 '),
 ('264', 'sourceurl', '0', 'en_us', ' donations payment '),
 ('264', 'customeremail', '0', 'en_us', ' briansbier gmail com '),
 ('264', 'type', '0', 'en_us', ' one off '),
 ('264', 'hash', '0', 'en_us', ' f557c46f3cca59ff4ee071d649481a84 '),
 ('264', 'meta', '0', 'en_us', ' brian bier '),
 ('264', 'slug', '0', 'en_us', ' f557c46f3cca59ff4ee071d649481a84 '),
 ('265', 'mode', '0', 'en_us', ' test '),
 ('265', 'chargeid', '0', 'en_us', ' 264 '),
 ('265', 'stripeid', '0', 'en_us', ' ch_18erjokk3sem3vxephlyxiik '),
 ('265', 'customerid', '0', 'en_us', ' cus_8tp9yhp9s0v5xp '),
 ('265', 'userid', '0', 'en_us', ' 1 '),
 ('265', 'amount', '0', 'en_us', ' 3000 '),
 ('265', 'slug', '0', 'en_us', ''),
 ('266', 'mode', '0', 'en_us', ' test '),
 ('266', 'status', '0', 'en_us', ' test '),
 ('266', 'planamount', '0', 'en_us', ' 30 '),
 ('266', 'sourceurl', '0', 'en_us', ' donations payment '),
 ('266', 'customeremail', '0', 'en_us', ' briansbier gmail com '),
 ('266', 'type', '0', 'en_us', ' one off '),
 ('266', 'hash', '0', 'en_us', ' 99918bd6f222bf8f54084b724b780734 '),
 ('266', 'meta', '0', 'en_us', ' brian bier '),
 ('266', 'slug', '0', 'en_us', ' 99918bd6f222bf8f54084b724b780734 '),
 ('267', 'mode', '0', 'en_us', ' test '),
 ('267', 'chargeid', '0', 'en_us', ' 266 '),
 ('267', 'stripeid', '0', 'en_us', ' ch_18es6wkk3sem3vxelnsnbmj6 '),
 ('267', 'customerid', '0', 'en_us', ' cus_8tp9yhp9s0v5xp '),
 ('267', 'userid', '0', 'en_us', ' 1 '),
 ('267', 'amount', '0', 'en_us', ' 3000 '),
 ('267', 'slug', '0', 'en_us', ''),
 ('268', 'mode', '0', 'en_us', ' test '),
 ('268', 'status', '0', 'en_us', ' test '),
 ('268', 'planamount', '0', 'en_us', ' 200 '),
 ('268', 'sourceurl', '0', 'en_us', ' donations payment '),
 ('268', 'customeremail', '0', 'en_us', ' briansbier gmail com '),
 ('268', 'type', '0', 'en_us', ' one off '),
 ('268', 'hash', '0', 'en_us', ' 5e846874243ffdb1f3ecb7b95b2caa51 '),
 ('268', 'meta', '0', 'en_us', ' brian bier 12123123123123 '),
 ('268', 'slug', '0', 'en_us', ' 5e846874243ffdb1f3ecb7b95b2caa51 '),
 ('269', 'mode', '0', 'en_us', ' test '),
 ('269', 'chargeid', '0', 'en_us', ' 268 ');
INSERT INTO `craft_searchindex` (`elementId`, `attribute`, `fieldId`, `locale`, `keywords`) VALUES
 ('269', 'stripeid', '0', 'en_us', ' ch_18es8bkk3sem3vxeqybcbcst '),
 ('269', 'customerid', '0', 'en_us', ' cus_8tp9yhp9s0v5xp '),
 ('269', 'userid', '0', 'en_us', ' 1 '),
 ('269', 'amount', '0', 'en_us', ' 20000 '),
 ('269', 'slug', '0', 'en_us', '');



DROP TABLE IF EXISTS `craft_sections`;


--
-- Schema for table `craft_sections`
--
CREATE TABLE `craft_sections` (
  `id` int(11) NOT NULL AUTO_INCREMENT,
  `structureId` int(11) DEFAULT NULL,
  `name` varchar(255) COLLATE utf8_unicode_ci NOT NULL,
  `handle` varchar(255) COLLATE utf8_unicode_ci NOT NULL,
  `type` enum('single','channel','structure') COLLATE utf8_unicode_ci NOT NULL DEFAULT 'channel',
  `hasUrls` tinyint(1) unsigned NOT NULL DEFAULT '1',
  `template` varchar(500) COLLATE utf8_unicode_ci DEFAULT NULL,
  `enableVersioning` tinyint(1) unsigned NOT NULL DEFAULT '0',
  `dateCreated` datetime NOT NULL,
  `dateUpdated` datetime NOT NULL,
  `uid` char(36) COLLATE utf8_unicode_ci NOT NULL DEFAULT '0',
  PRIMARY KEY (`id`),
  UNIQUE KEY `craft_sections_name_unq_idx` (`name`),
  UNIQUE KEY `craft_sections_handle_unq_idx` (`handle`),
  KEY `craft_sections_structureId_fk` (`structureId`)
) ENGINE=InnoDB AUTO_INCREMENT=17 DEFAULT CHARSET=utf8 COLLATE=utf8_unicode_ci;

--
-- Data for table `craft_sections`
--

INSERT INTO `craft_sections` (`id`, `structureId`, `name`, `handle`, `type`, `hasUrls`, `template`, `enableVersioning`, `dateCreated`, `dateUpdated`, `uid`) VALUES
 ('1', NULL, 'Homepage', 'homepage', 'single', '1', 'index', '1', '2016-07-11 16:21:55', '2016-07-11 16:21:55', '04707f51-abdd-46b0-a9e6-2e0d7e5f7a65'),
 ('3', NULL, 'Blogs', 'blogs', 'channel', '1', 'blogs/_entry', '1', '2016-07-11 16:28:07', '2016-07-18 19:36:39', '0ace945c-10e3-4d22-a31f-55be36eb473d'),
 ('4', '3', 'Press Coverage', 'pressCoverage', 'structure', '0', NULL, '1', '2016-07-12 14:45:21', '2016-07-18 16:49:54', '7b76f145-4827-415c-a9e8-0af1665f738a'),
 ('5', NULL, 'Press Release', 'pressRelease', 'channel', '1', 'press/_entry', '1', '2016-07-12 18:38:21', '2016-07-26 15:28:36', '3b001237-bc9f-423c-ad89-0e5dfaac21d0'),
 ('6', NULL, 'Press Page', 'press', 'single', '1', 'press', '1', '2016-07-12 19:57:50', '2016-07-26 16:07:11', '50c8c2bd-399d-4d50-9bd6-919d7847a458'),
 ('8', NULL, 'Events', 'events', 'channel', '1', 'events/_entry', '1', '2016-07-13 14:16:29', '2016-07-19 17:23:42', '79f10800-0403-4396-9bd3-50a9da7f8ecf'),
 ('10', NULL, 'Locations', 'locations', 'channel', '1', 'locations/_entry', '1', '2016-07-19 14:12:53', '2016-07-19 14:35:49', 'a7390b10-879c-4270-9eed-e6dee7e64123'),
 ('11', NULL, 'Career Page', 'career', 'single', '1', 'career', '1', '2016-07-19 19:44:20', '2016-07-19 20:49:10', '6194bd33-26b0-419a-a683-2087a5793fde'),
 ('13', NULL, 'Career Job', 'careerJob', 'channel', '1', 'career/_entry', '1', '2016-07-19 20:40:06', '2016-07-19 21:12:57', '5e3a868f-866e-4020-985e-9d1e9dcf1b0c'),
 ('14', '9', 'Volunteer', 'volunteer', 'structure', '1', 'volunteer/_entry', '1', '2016-07-20 14:45:30', '2016-07-20 19:22:56', '2a8bf9b8-93eb-4066-8d70-1e5f47cbc888'),
 ('15', NULL, 'Board Page', 'board', 'single', '1', 'board', '1', '2016-07-26 14:09:52', '2016-07-26 14:10:08', '4e31357d-2547-40eb-9dd6-f6cf2e1df3d0'),
 ('16', NULL, 'Donations', 'donations', 'single', '1', 'donations', '1', '2016-07-26 19:48:28', '2016-07-26 19:48:28', '150d7f50-6e44-4858-ad1e-4a40c3168efd');



DROP TABLE IF EXISTS `craft_sections_i18n`;


--
-- Schema for table `craft_sections_i18n`
--
CREATE TABLE `craft_sections_i18n` (
  `id` int(11) NOT NULL AUTO_INCREMENT,
  `sectionId` int(11) NOT NULL,
  `locale` char(12) COLLATE utf8_unicode_ci NOT NULL,
  `enabledByDefault` tinyint(1) unsigned NOT NULL DEFAULT '1',
  `urlFormat` text COLLATE utf8_unicode_ci,
  `nestedUrlFormat` text COLLATE utf8_unicode_ci,
  `dateCreated` datetime NOT NULL,
  `dateUpdated` datetime NOT NULL,
  `uid` char(36) COLLATE utf8_unicode_ci NOT NULL DEFAULT '0',
  PRIMARY KEY (`id`),
  UNIQUE KEY `craft_sections_i18n_sectionId_locale_unq_idx` (`sectionId`,`locale`),
  KEY `craft_sections_i18n_locale_fk` (`locale`)
) ENGINE=InnoDB AUTO_INCREMENT=17 DEFAULT CHARSET=utf8 COLLATE=utf8_unicode_ci;

--
-- Data for table `craft_sections_i18n`
--

INSERT INTO `craft_sections_i18n` (`id`, `sectionId`, `locale`, `enabledByDefault`, `urlFormat`, `nestedUrlFormat`, `dateCreated`, `dateUpdated`, `uid`) VALUES
 ('1', '1', 'en_us', '1', '__home__', NULL, '2016-07-11 16:21:55', '2016-07-11 16:21:55', '31e493fc-7bfc-433a-b762-955e7d1575c6'),
 ('3', '3', 'en_us', '1', 'blogs/{slug}', NULL, '2016-07-11 16:28:07', '2016-07-18 19:35:51', '0f052a62-2b0a-4f24-988a-16edd42f327b'),
 ('4', '4', 'en_us', '1', NULL, NULL, '2016-07-12 14:45:21', '2016-07-18 16:49:54', '479fb1e0-7683-4d0d-b903-c3fe56a57936'),
 ('5', '5', 'en_us', '1', 'press/release/{slug}', NULL, '2016-07-12 18:38:21', '2016-07-18 16:47:27', '2da87027-b5c4-41fa-a610-78b822710b95'),
 ('6', '6', 'en_us', '1', 'press', NULL, '2016-07-12 19:57:50', '2016-07-12 19:57:50', 'fcbbfe0d-3629-4bc4-94fa-d10191d4e687'),
 ('8', '8', 'en_us', '1', 'events/{slug}', NULL, '2016-07-13 14:16:29', '2016-07-13 16:06:35', 'db293f7d-cbf2-4a1c-981c-699bf306497d'),
 ('10', '10', 'en_us', '1', 'locations/{slug}', NULL, '2016-07-19 14:12:53', '2016-07-19 14:12:53', '8f201f00-5191-4a97-b4dd-9adb7892b2f2'),
 ('11', '11', 'en_us', '1', 'career', NULL, '2016-07-19 19:44:20', '2016-07-19 19:44:20', '47cbc08d-db18-4889-91a4-111c45678704'),
 ('13', '13', 'en_us', '1', 'career/{slug}', NULL, '2016-07-19 20:40:06', '2016-07-19 21:12:57', 'fe4dd0e3-27ba-4422-a403-71dc31e37fbc'),
 ('14', '14', 'en_us', '1', 'volunteer/{slug}', '{parent.uri}/{slug}', '2016-07-20 14:45:30', '2016-07-20 16:37:40', '58088c76-ed6a-415c-973f-1804df1e1185'),
 ('15', '15', 'en_us', '1', 'board', NULL, '2016-07-26 14:09:52', '2016-07-26 14:09:52', '925fa00c-6f36-4ab2-9ef8-3743bb8754ad'),
 ('16', '16', 'en_us', '1', 'donations', NULL, '2016-07-26 19:48:28', '2016-07-26 19:48:28', 'fcb118c5-0f7a-49be-8511-e83da97d781c');



DROP TABLE IF EXISTS `craft_seomatic_meta`;


--
-- Schema for table `craft_seomatic_meta`
--
CREATE TABLE `craft_seomatic_meta` (
  `id` int(11) NOT NULL,
  `seoImageId` int(11) DEFAULT NULL,
  `locale` varchar(255) COLLATE utf8_unicode_ci DEFAULT 'en_us',
  `elementId` int(10) DEFAULT '0',
  `metaType` enum('default','template') COLLATE utf8_unicode_ci DEFAULT 'template',
  `metaPath` varchar(255) COLLATE utf8_unicode_ci DEFAULT '',
  `seoTitle` varchar(255) COLLATE utf8_unicode_ci DEFAULT '',
  `seoDescription` varchar(255) COLLATE utf8_unicode_ci DEFAULT '',
  `seoKeywords` varchar(255) COLLATE utf8_unicode_ci DEFAULT '',
  `twitterCardType` varchar(255) COLLATE utf8_unicode_ci DEFAULT 'summary',
  `openGraphType` varchar(255) COLLATE utf8_unicode_ci DEFAULT 'website',
  `robots` varchar(255) COLLATE utf8_unicode_ci DEFAULT '',
  `dateCreated` datetime NOT NULL,
  `dateUpdated` datetime NOT NULL,
  `uid` char(36) COLLATE utf8_unicode_ci NOT NULL DEFAULT '0',
  PRIMARY KEY (`id`),
  KEY `craft_seomatic_meta_seoImageId_fk` (`seoImageId`)
) ENGINE=InnoDB DEFAULT CHARSET=utf8 COLLATE=utf8_unicode_ci;

DROP TABLE IF EXISTS `craft_seomatic_settings`;


--
-- Schema for table `craft_seomatic_settings`
--
CREATE TABLE `craft_seomatic_settings` (
  `id` int(11) NOT NULL AUTO_INCREMENT,
  `siteSeoImageId` int(11) DEFAULT NULL,
  `genericOwnerImageId` int(11) DEFAULT NULL,
  `genericCreatorImageId` int(11) DEFAULT NULL,
  `locale` varchar(255) COLLATE utf8_unicode_ci DEFAULT '',
  `siteSeoName` varchar(255) COLLATE utf8_unicode_ci DEFAULT '',
  `siteSeoTitle` varchar(255) COLLATE utf8_unicode_ci DEFAULT '',
  `siteSeoTitleSeparator` varchar(255) COLLATE utf8_unicode_ci DEFAULT '|',
  `siteSeoTitlePlacement` enum('before','after','none') COLLATE utf8_unicode_ci DEFAULT 'after',
  `siteSeoDescription` varchar(255) COLLATE utf8_unicode_ci DEFAULT '',
  `siteSeoKeywords` varchar(255) COLLATE utf8_unicode_ci DEFAULT '',
  `siteTwitterCardType` varchar(255) COLLATE utf8_unicode_ci DEFAULT '',
  `siteOpenGraphType` varchar(255) COLLATE utf8_unicode_ci DEFAULT '',
  `siteRobots` varchar(255) COLLATE utf8_unicode_ci DEFAULT '',
  `siteRobotsTxt` text COLLATE utf8_unicode_ci,
  `siteLinksSearchTargets` text COLLATE utf8_unicode_ci,
  `siteLinksQueryInput` varchar(255) COLLATE utf8_unicode_ci DEFAULT '',
  `googleSiteVerification` varchar(255) COLLATE utf8_unicode_ci DEFAULT '',
  `bingSiteVerification` varchar(255) COLLATE utf8_unicode_ci DEFAULT '',
  `googleAnalyticsUID` varchar(255) COLLATE utf8_unicode_ci DEFAULT '',
  `googleTagManagerID` varchar(255) COLLATE utf8_unicode_ci DEFAULT '',
  `googleAnalyticsSendPageview` tinyint(1) unsigned NOT NULL DEFAULT '1',
  `googleAnalyticsAdvertising` tinyint(1) unsigned NOT NULL DEFAULT '0',
  `googleAnalyticsEcommerce` tinyint(1) unsigned NOT NULL DEFAULT '0',
  `googleAnalyticsEEcommerce` tinyint(1) unsigned NOT NULL DEFAULT '0',
  `googleAnalyticsLinkAttribution` tinyint(1) unsigned NOT NULL DEFAULT '0',
  `googleAnalyticsLinker` tinyint(1) unsigned NOT NULL DEFAULT '0',
  `siteOwnerType` varchar(255) COLLATE utf8_unicode_ci DEFAULT '',
  `siteOwnerSubType` varchar(255) COLLATE utf8_unicode_ci DEFAULT '',
  `siteOwnerSpecificType` varchar(255) COLLATE utf8_unicode_ci DEFAULT '',
  `genericOwnerName` varchar(255) COLLATE utf8_unicode_ci DEFAULT '',
  `genericOwnerAlternateName` varchar(255) COLLATE utf8_unicode_ci DEFAULT '',
  `genericOwnerDescription` varchar(1024) COLLATE utf8_unicode_ci DEFAULT '',
  `genericOwnerUrl` varchar(255) COLLATE utf8_unicode_ci DEFAULT '',
  `genericOwnerTelephone` varchar(255) COLLATE utf8_unicode_ci DEFAULT '',
  `genericOwnerEmail` varchar(255) COLLATE utf8_unicode_ci DEFAULT '',
  `genericOwnerStreetAddress` varchar(255) COLLATE utf8_unicode_ci DEFAULT '',
  `genericOwnerAddressLocality` varchar(255) COLLATE utf8_unicode_ci DEFAULT '',
  `genericOwnerAddressRegion` varchar(255) COLLATE utf8_unicode_ci DEFAULT '',
  `genericOwnerPostalCode` varchar(255) COLLATE utf8_unicode_ci DEFAULT '',
  `genericOwnerAddressCountry` varchar(255) COLLATE utf8_unicode_ci DEFAULT '',
  `genericOwnerGeoLatitude` varchar(255) COLLATE utf8_unicode_ci DEFAULT '',
  `genericOwnerGeoLongitude` varchar(255) COLLATE utf8_unicode_ci DEFAULT '',
  `organizationOwnerDuns` varchar(255) COLLATE utf8_unicode_ci DEFAULT '',
  `organizationOwnerFounder` varchar(255) COLLATE utf8_unicode_ci DEFAULT '',
  `organizationOwnerFoundingDate` varchar(255) COLLATE utf8_unicode_ci DEFAULT '',
  `organizationOwnerFoundingLocation` varchar(255) COLLATE utf8_unicode_ci DEFAULT '',
  `organizationOwnerContactPoints` text COLLATE utf8_unicode_ci,
  `localBusinessOwnerOpeningHours` text COLLATE utf8_unicode_ci,
  `corporationOwnerTickerSymbol` varchar(255) COLLATE utf8_unicode_ci DEFAULT '',
  `restaurantOwnerServesCuisine` varchar(255) COLLATE utf8_unicode_ci DEFAULT '',
  `restaurantOwnerMenuUrl` varchar(255) COLLATE utf8_unicode_ci DEFAULT '',
  `restaurantOwnerReservationsUrl` varchar(255) COLLATE utf8_unicode_ci DEFAULT '',
  `personOwnerGender` varchar(255) COLLATE utf8_unicode_ci DEFAULT '',
  `personOwnerBirthPlace` varchar(255) COLLATE utf8_unicode_ci DEFAULT '',
  `twitterHandle` varchar(255) COLLATE utf8_unicode_ci DEFAULT '',
  `facebookHandle` varchar(255) COLLATE utf8_unicode_ci DEFAULT '',
  `facebookProfileId` varchar(255) COLLATE utf8_unicode_ci DEFAULT '',
  `facebookAppId` varchar(255) COLLATE utf8_unicode_ci DEFAULT '',
  `linkedInHandle` varchar(255) COLLATE utf8_unicode_ci DEFAULT '',
  `googlePlusHandle` varchar(255) COLLATE utf8_unicode_ci DEFAULT '',
  `youtubeHandle` varchar(255) COLLATE utf8_unicode_ci DEFAULT '',
  `youtubeChannelHandle` varchar(255) COLLATE utf8_unicode_ci DEFAULT '',
  `instagramHandle` varchar(255) COLLATE utf8_unicode_ci DEFAULT '',
  `pinterestHandle` varchar(255) COLLATE utf8_unicode_ci DEFAULT '',
  `githubHandle` varchar(255) COLLATE utf8_unicode_ci DEFAULT '',
  `siteCreatorType` varchar(255) COLLATE utf8_unicode_ci DEFAULT '',
  `siteCreatorSubType` varchar(255) COLLATE utf8_unicode_ci DEFAULT '',
  `siteCreatorSpecificType` varchar(255) COLLATE utf8_unicode_ci DEFAULT '',
  `genericCreatorName` varchar(255) COLLATE utf8_unicode_ci DEFAULT '',
  `genericCreatorAlternateName` varchar(255) COLLATE utf8_unicode_ci DEFAULT '',
  `genericCreatorDescription` varchar(1024) COLLATE utf8_unicode_ci DEFAULT '',
  `genericCreatorUrl` varchar(255) COLLATE utf8_unicode_ci DEFAULT '',
  `genericCreatorTelephone` varchar(255) COLLATE utf8_unicode_ci DEFAULT '',
  `genericCreatorEmail` varchar(255) COLLATE utf8_unicode_ci DEFAULT '',
  `genericCreatorStreetAddress` varchar(255) COLLATE utf8_unicode_ci DEFAULT '',
  `genericCreatorAddressLocality` varchar(255) COLLATE utf8_unicode_ci DEFAULT '',
  `genericCreatorAddressRegion` varchar(255) COLLATE utf8_unicode_ci DEFAULT '',
  `genericCreatorPostalCode` varchar(255) COLLATE utf8_unicode_ci DEFAULT '',
  `genericCreatorAddressCountry` varchar(255) COLLATE utf8_unicode_ci DEFAULT '',
  `genericCreatorGeoLatitude` varchar(255) COLLATE utf8_unicode_ci DEFAULT '',
  `genericCreatorGeoLongitude` varchar(255) COLLATE utf8_unicode_ci DEFAULT '',
  `organizationCreatorDuns` varchar(255) COLLATE utf8_unicode_ci DEFAULT '',
  `organizationCreatorFounder` varchar(255) COLLATE utf8_unicode_ci DEFAULT '',
  `organizationCreatorFoundingDate` varchar(255) COLLATE utf8_unicode_ci DEFAULT '',
  `organizationCreatorFoundingLocation` varchar(255) COLLATE utf8_unicode_ci DEFAULT '',
  `organizationCreatorContactPoints` text COLLATE utf8_unicode_ci,
  `localBusinessCreatorOpeningHours` text COLLATE utf8_unicode_ci,
  `corporationCreatorTickerSymbol` varchar(255) COLLATE utf8_unicode_ci DEFAULT '',
  `restaurantCreatorServesCuisine` varchar(255) COLLATE utf8_unicode_ci DEFAULT '',
  `restaurantCreatorMenuUrl` varchar(255) COLLATE utf8_unicode_ci DEFAULT '',
  `restaurantCreatorReservationsUrl` varchar(255) COLLATE utf8_unicode_ci DEFAULT '',
  `personCreatorGender` varchar(255) COLLATE utf8_unicode_ci DEFAULT '',
  `personCreatorBirthPlace` varchar(255) COLLATE utf8_unicode_ci DEFAULT '',
  `genericCreatorHumansTxt` text COLLATE utf8_unicode_ci,
  `dateCreated` datetime NOT NULL,
  `dateUpdated` datetime NOT NULL,
  `uid` char(36) COLLATE utf8_unicode_ci NOT NULL DEFAULT '0',
  PRIMARY KEY (`id`),
  KEY `craft_seomatic_settings_siteSeoImageId_fk` (`siteSeoImageId`),
  KEY `craft_seomatic_settings_genericOwnerImageId_fk` (`genericOwnerImageId`),
  KEY `craft_seomatic_settings_genericCreatorImageId_fk` (`genericCreatorImageId`)
) ENGINE=InnoDB AUTO_INCREMENT=2 DEFAULT CHARSET=utf8 COLLATE=utf8_unicode_ci;

--
-- Data for table `craft_seomatic_settings`
--

INSERT INTO `craft_seomatic_settings` (`id`, `siteSeoImageId`, `genericOwnerImageId`, `genericCreatorImageId`, `locale`, `siteSeoName`, `siteSeoTitle`, `siteSeoTitleSeparator`, `siteSeoTitlePlacement`, `siteSeoDescription`, `siteSeoKeywords`, `siteTwitterCardType`, `siteOpenGraphType`, `siteRobots`, `siteRobotsTxt`, `siteLinksSearchTargets`, `siteLinksQueryInput`, `googleSiteVerification`, `bingSiteVerification`, `googleAnalyticsUID`, `googleTagManagerID`, `googleAnalyticsSendPageview`, `googleAnalyticsAdvertising`, `googleAnalyticsEcommerce`, `googleAnalyticsEEcommerce`, `googleAnalyticsLinkAttribution`, `googleAnalyticsLinker`, `siteOwnerType`, `siteOwnerSubType`, `siteOwnerSpecificType`, `genericOwnerName`, `genericOwnerAlternateName`, `genericOwnerDescription`, `genericOwnerUrl`, `genericOwnerTelephone`, `genericOwnerEmail`, `genericOwnerStreetAddress`, `genericOwnerAddressLocality`, `genericOwnerAddressRegion`, `genericOwnerPostalCode`, `genericOwnerAddressCountry`, `genericOwnerGeoLatitude`, `genericOwnerGeoLongitude`, `organizationOwnerDuns`, `organizationOwnerFounder`, `organizationOwnerFoundingDate`, `organizationOwnerFoundingLocation`, `organizationOwnerContactPoints`, `localBusinessOwnerOpeningHours`, `corporationOwnerTickerSymbol`, `restaurantOwnerServesCuisine`, `restaurantOwnerMenuUrl`, `restaurantOwnerReservationsUrl`, `personOwnerGender`, `personOwnerBirthPlace`, `twitterHandle`, `facebookHandle`, `facebookProfileId`, `facebookAppId`, `linkedInHandle`, `googlePlusHandle`, `youtubeHandle`, `youtubeChannelHandle`, `instagramHandle`, `pinterestHandle`, `githubHandle`, `siteCreatorType`, `siteCreatorSubType`, `siteCreatorSpecificType`, `genericCreatorName`, `genericCreatorAlternateName`, `genericCreatorDescription`, `genericCreatorUrl`, `genericCreatorTelephone`, `genericCreatorEmail`, `genericCreatorStreetAddress`, `genericCreatorAddressLocality`, `genericCreatorAddressRegion`, `genericCreatorPostalCode`, `genericCreatorAddressCountry`, `genericCreatorGeoLatitude`, `genericCreatorGeoLongitude`, `organizationCreatorDuns`, `organizationCreatorFounder`, `organizationCreatorFoundingDate`, `organizationCreatorFoundingLocation`, `organizationCreatorContactPoints`, `localBusinessCreatorOpeningHours`, `corporationCreatorTickerSymbol`, `restaurantCreatorServesCuisine`, `restaurantCreatorMenuUrl`, `restaurantCreatorReservationsUrl`, `personCreatorGender`, `personCreatorBirthPlace`, `genericCreatorHumansTxt`, `dateCreated`, `dateUpdated`, `uid`) VALUES
 ('1', NULL, NULL, NULL, 'en_us', 'Housingworks', '', '|', 'after', 'Housing Works Community Healthcare has built a network of providers committed to making sure your healing happens close to home. ', 'healthcare, housing, aids, shop', 'summary_large_image', 'website', 'all', '# robots.txt for {{ siteUrl }}\r\n\r\nSitemap: {{ siteUrl }}/sitemap.xml\r\n\r\n# Don\'t allow web crawlers to index Craft\r\n\r\nUser-agent: *\r\nDisallow: /craft/\r\n', '[]', '', '', '', '', '', '1', '0', '0', '0', '0', '0', 'Organization', 'NGO', '', 'Housingworks', 'Housing Works Community Healthcare', 'Housing Works is a healing community of people living with and affected by HIV/AIDS. Our mission is to end the dual crises of homelessness and AIDS through relentless advocacy, the provision of lifesaving services, and entrepreneurial businesses that sustain our efforts.', 'http://housingworks.dev/', '347-473-7407', 'info@housingworks.org', '57 Willoughby St', 'Brooklyn', 'NY', '11205', 'USA', '40.6916248', '-73.9708278', '', 'Charles King', '1990', 'New York, NY', '[]', '[{\"open\":\"\",\"close\":\"\"},{\"open\":\"\",\"close\":\"\"},{\"open\":\"\",\"close\":\"\"},{\"open\":\"\",\"close\":\"\"},{\"open\":\"\",\"close\":\"\"},{\"open\":\"\",\"close\":\"\"},{\"open\":\"\",\"close\":\"\"}]', '', '', '', '', 'Male', '', 'housingworks', 'housingworks.org', '', '1568654333431549', 'HousingWorks', '103957478683684699032', '', 'UCnHDEiQSTBHObIwLI1Ts9cg', 'HousingWorks', '', 'HousingWorks', 'Organization', 'Corporation', '', 'Familiar Studio', 'Familiar', 'Weve partnered with artists, nonprofits, and creative businesses for more than a decade. We design and develop communication tools that matterthey matter to us, to our clients and their audiences.', 'https://familiar-studio.com/', '646-678-3731', 'inquiries@familiar-studio.com', '59 Franklin St, Suite 403', 'New York', 'NY', '10013', 'USA', '40.7170387', '-74.0030338', '', '', '2012', 'New York, NY', '[]', '', '', '', '', '', 'Male', '', '/* TEAM */\r\n\r\n{% if seomaticCreator.name is defined and seomaticCreator.name %}\r\nCreator: {{ seomaticCreator.name }}\r\n{% endif %}\r\n{% if seomaticCreator.url is defined and seomaticCreator.url %}\r\nURL: {{ seomaticCreator.url }}\r\n{% endif %}\r\n{% if seomaticCreator.description is defined and seomaticCreator.description %}\r\nDescription: {{ seomaticCreator.description }}\r\n{% endif %}\r\n\r\n/* THANKS */\r\n\r\nPixel & Tonic - https://pixelandtonic.com\r\n\r\n/* SITE */\r\n\r\nStandards: HTML5, CSS3\r\nComponents: Craft CMS, Yii, PHP, Javascript, SEOmatic', '2016-07-12 14:41:36', '2016-08-03 17:01:56', '65c7539d-4d87-4432-a2f4-a33d75740800');



DROP TABLE IF EXISTS `craft_sessions`;


--
-- Schema for table `craft_sessions`
--
CREATE TABLE `craft_sessions` (
  `id` int(11) NOT NULL AUTO_INCREMENT,
  `userId` int(11) NOT NULL,
  `token` char(100) COLLATE utf8_unicode_ci NOT NULL,
  `dateCreated` datetime NOT NULL,
  `dateUpdated` datetime NOT NULL,
  `uid` char(36) COLLATE utf8_unicode_ci NOT NULL DEFAULT '0',
  PRIMARY KEY (`id`),
  KEY `craft_sessions_uid_idx` (`uid`),
  KEY `craft_sessions_token_idx` (`token`),
  KEY `craft_sessions_dateUpdated_idx` (`dateUpdated`),
  KEY `craft_sessions_userId_fk` (`userId`)
) ENGINE=InnoDB AUTO_INCREMENT=18 DEFAULT CHARSET=utf8 COLLATE=utf8_unicode_ci;

DROP TABLE IF EXISTS `craft_shunnedmessages`;


--
-- Schema for table `craft_shunnedmessages`
--
CREATE TABLE `craft_shunnedmessages` (
  `id` int(11) NOT NULL AUTO_INCREMENT,
  `userId` int(11) NOT NULL,
  `message` varchar(255) COLLATE utf8_unicode_ci NOT NULL,
  `expiryDate` datetime DEFAULT NULL,
  `dateCreated` datetime NOT NULL,
  `dateUpdated` datetime NOT NULL,
  `uid` char(36) COLLATE utf8_unicode_ci NOT NULL DEFAULT '0',
  PRIMARY KEY (`id`),
  UNIQUE KEY `craft_shunnedmessages_userId_message_unq_idx` (`userId`,`message`)
) ENGINE=InnoDB DEFAULT CHARSET=utf8 COLLATE=utf8_unicode_ci;

DROP TABLE IF EXISTS `craft_smartmap_addresses`;


--
-- Schema for table `craft_smartmap_addresses`
--
CREATE TABLE `craft_smartmap_addresses` (
  `id` int(11) NOT NULL AUTO_INCREMENT,
  `elementId` int(11) NOT NULL,
  `fieldId` int(11) NOT NULL,
  `street1` varchar(255) COLLATE utf8_unicode_ci DEFAULT NULL,
  `street2` varchar(255) COLLATE utf8_unicode_ci DEFAULT NULL,
  `city` varchar(255) COLLATE utf8_unicode_ci DEFAULT NULL,
  `state` varchar(255) COLLATE utf8_unicode_ci DEFAULT NULL,
  `zip` varchar(255) COLLATE utf8_unicode_ci DEFAULT NULL,
  `country` varchar(255) COLLATE utf8_unicode_ci DEFAULT NULL,
  `lat` decimal(12,8) DEFAULT NULL,
  `lng` decimal(12,8) DEFAULT NULL,
  `dateCreated` datetime NOT NULL,
  `dateUpdated` datetime NOT NULL,
  `uid` char(36) COLLATE utf8_unicode_ci NOT NULL DEFAULT '0',
  PRIMARY KEY (`id`),
  KEY `craft_smartmap_addresses_elementId_fk` (`elementId`),
  KEY `craft_smartmap_addresses_fieldId_fk` (`fieldId`)
) ENGINE=InnoDB AUTO_INCREMENT=14 DEFAULT CHARSET=utf8 COLLATE=utf8_unicode_ci;

--
-- Data for table `craft_smartmap_addresses`
--

INSERT INTO `craft_smartmap_addresses` (`id`, `elementId`, `fieldId`, `street1`, `street2`, `city`, `state`, `zip`, `country`, `lat`, `lng`, `dateCreated`, `dateUpdated`, `uid`) VALUES
 ('1', '69', '27', '126 Crosby St', NULL, 'New York', 'NY', '10012', 'United States', '40.72460350', '-73.99657550', '2016-07-13 19:57:58', '2016-07-26 18:42:29', 'cdb944d0-978c-4039-a1a3-328ac9dcadfd'),
 ('2', '68', '27', '122 Montague St', NULL, 'Brooklyn', 'NY', '11201', 'United States', '40.69464680', '-73.99461790', '2016-07-13 19:59:08', '2016-08-02 15:29:44', '55994723-f499-48e4-800a-b39ffe26dceb'),
 ('3', '66', '27', '126 Crosby St', NULL, 'New York', 'NY', '10012', 'United States', '40.72460350', '-73.99657550', '2016-07-13 19:59:53', '2016-07-26 18:42:39', '6178dd9f-4588-4893-b5d3-5b05e0d64eab'),
 ('4', '62', '27', '126 Crosby St', NULL, 'New York', 'NY', '10012', 'United States', '40.72460350', '-73.99657550', '2016-07-13 20:00:24', '2016-07-26 18:42:48', '1484cfc5-0411-4e3b-8b69-a5da97ab5926'),
 ('5', '98', '27', 'Hwy 80 W', 'Suite 2-5 Jackson', 'Jackson', 'MS', '39056', 'United States', '32.33415470', '-90.33419930', '2016-07-19 14:43:50', '2016-07-19 14:58:45', 'f1c892e7-bc37-4f6d-b2fe-2d8962df4d23'),
 ('6', '100', '27', '126 Crosby St', NULL, 'New York', 'NY', '10012', 'United States', '40.72460350', '-73.99657550', '2016-07-19 14:43:50', '2016-07-20 14:53:13', 'ae34c5b2-dd31-4700-b071-be69b1fbe58c'),
 ('7', '102', '27', '2569 Broadway', NULL, 'New York', 'NY', '10025', 'United States', '40.79516390', '-73.97192150', '2016-07-19 14:50:28', '2016-07-20 17:09:10', '7ac98aed-b606-49b7-8118-349ba91dd2be'),
 ('8', '104', '27', '1255 Rev James A Polite Ave', NULL, 'Bronx', 'NY', '10459', 'United States', '40.82912300', '-73.89624390', '2016-07-19 14:56:05', '2016-07-19 14:56:05', 'b0f87d31-49f4-4294-9269-9a68b5965684'),
 ('9', '106', '27', '159 28th St', NULL, 'Brooklyn', 'NY', '11232', 'United States', '40.65928520', '-74.00012410', '2016-07-19 15:00:33', '2016-07-20 18:49:22', '4a869914-5462-4119-85be-685388433b77'),
 ('10', '133', '27', '57 Willoughby St', NULL, 'Brooklyn', 'NY', '11201', 'United States', '40.69250710', '-73.98647480', '2016-07-20 19:01:05', '2016-07-20 19:01:05', 'e1ef7d9d-afc0-4c7e-9bc8-9caf6dd5de95'),
 ('11', '135', '27', '2605 Pitkin Ave', NULL, 'Brooklyn', 'NY', '11208', 'United States', '40.67502300', '-73.87593900', '2016-07-20 19:04:40', '2016-07-20 19:04:40', '7b729626-7906-4d2a-b74e-de0ea56fb05b'),
 ('12', '137', '27', '57 Willoughby St', ' 2nd Floor', ' Brooklyn', 'NY', '11201', 'United States', '40.69250710', '-73.98647480', '2016-07-20 19:06:53', '2016-07-20 19:18:42', 'c3c2b66b-9ac2-4109-a75b-6b5797a62a32'),
 ('13', '138', '27', '130 Crosby St', NULL, 'New York', 'NY', '10012', 'United States', '40.72470930', '-73.99639080', '2016-07-20 19:17:48', '2016-07-20 19:17:48', '62ae968c-8f57-4f26-819f-0d4582cc9f34');



DROP TABLE IF EXISTS `craft_socialposter_accounts`;


--
-- Schema for table `craft_socialposter_accounts`
--
CREATE TABLE `craft_socialposter_accounts` (
  `id` int(11) NOT NULL AUTO_INCREMENT,
  `tokenId` int(10) DEFAULT NULL,
  `handle` varchar(255) COLLATE utf8_unicode_ci NOT NULL,
  `providerSettings` text COLLATE utf8_unicode_ci,
  `dateCreated` datetime NOT NULL,
  `dateUpdated` datetime NOT NULL,
  `uid` char(36) COLLATE utf8_unicode_ci NOT NULL DEFAULT '0',
  PRIMARY KEY (`id`),
  UNIQUE KEY `craft_socialposter_accounts_handle_unq_idx` (`handle`)
) ENGINE=InnoDB DEFAULT CHARSET=utf8 COLLATE=utf8_unicode_ci;

DROP TABLE IF EXISTS `craft_socialposter_posts`;


--
-- Schema for table `craft_socialposter_posts`
--
CREATE TABLE `craft_socialposter_posts` (
  `id` int(11) NOT NULL AUTO_INCREMENT,
  `elementId` int(11) NOT NULL,
  `handle` varchar(255) COLLATE utf8_unicode_ci NOT NULL,
  `providerSettings` text COLLATE utf8_unicode_ci,
  `success` tinyint(1) unsigned NOT NULL DEFAULT '0',
  `response` text COLLATE utf8_unicode_ci,
  `dateCreated` datetime NOT NULL,
  `dateUpdated` datetime NOT NULL,
  `uid` char(36) COLLATE utf8_unicode_ci NOT NULL DEFAULT '0',
  PRIMARY KEY (`id`),
  KEY `craft_socialposter_posts_elementId_fk` (`elementId`)
) ENGINE=InnoDB DEFAULT CHARSET=utf8 COLLATE=utf8_unicode_ci;

DROP TABLE IF EXISTS `craft_structureelements`;


--
-- Schema for table `craft_structureelements`
--
CREATE TABLE `craft_structureelements` (
  `id` int(11) NOT NULL AUTO_INCREMENT,
  `structureId` int(11) NOT NULL,
  `elementId` int(11) DEFAULT NULL,
  `root` int(11) unsigned DEFAULT NULL,
  `lft` int(11) unsigned NOT NULL,
  `rgt` int(11) unsigned NOT NULL,
  `level` smallint(6) unsigned NOT NULL,
  `dateCreated` datetime NOT NULL,
  `dateUpdated` datetime NOT NULL,
  `uid` char(36) COLLATE utf8_unicode_ci NOT NULL DEFAULT '0',
  PRIMARY KEY (`id`),
  UNIQUE KEY `craft_structureelements_structureId_elementId_unq_idx` (`structureId`,`elementId`),
  KEY `craft_structureelements_root_idx` (`root`),
  KEY `craft_structureelements_lft_idx` (`lft`),
  KEY `craft_structureelements_rgt_idx` (`rgt`),
  KEY `craft_structureelements_level_idx` (`level`),
  KEY `craft_structureelements_elementId_fk` (`elementId`)
) ENGINE=InnoDB AUTO_INCREMENT=56 DEFAULT CHARSET=utf8 COLLATE=utf8_unicode_ci;

--
-- Data for table `craft_structureelements`
--

INSERT INTO `craft_structureelements` (`id`, `structureId`, `elementId`, `root`, `lft`, `rgt`, `level`, `dateCreated`, `dateUpdated`, `uid`) VALUES
 ('1', '1', NULL, '1', '1', '18', '0', '2016-07-11 18:25:49', '2016-07-11 18:25:49', '7ce2ea73-857b-4f09-aaca-a9b7ba6bb646'),
 ('2', '1', '10', '1', '8', '11', '1', '2016-07-11 18:25:49', '2016-07-11 18:25:49', '17710690-98c7-4370-a2ec-8a094a06cd40'),
 ('3', '1', '13', '1', '9', '10', '2', '2016-07-11 19:04:38', '2016-07-11 19:04:38', '93b16d68-e8c9-4b9a-ac59-32ac1c3d90ff'),
 ('4', '1', '14', '1', '12', '15', '1', '2016-07-11 19:44:53', '2016-07-11 19:44:53', 'a3eae753-5682-4d6d-b998-abbef1fdce07'),
 ('5', '1', '16', '1', '13', '14', '2', '2016-07-11 19:45:58', '2016-07-11 19:45:58', 'a68978e0-5439-4544-8460-43dbbcdbd7e3'),
 ('6', '1', '18', '1', '2', '7', '1', '2016-07-11 20:12:44', '2016-07-11 20:12:44', 'ba67408d-0f32-4f96-86b4-d9936b48e8ea'),
 ('7', '1', '22', '1', '3', '4', '2', '2016-07-11 20:15:04', '2016-07-11 20:15:04', 'cb8ccf37-ab08-41d1-af19-29dc4fe64504'),
 ('8', '1', '23', '1', '16', '17', '1', '2016-07-11 20:39:21', '2016-07-11 20:39:21', '6322ee68-0a63-45fd-b834-0dcaaf0571f4'),
 ('9', '1', '27', '1', '5', '6', '2', '2016-07-11 22:05:26', '2016-07-11 22:05:26', '951e7d5e-344f-4964-ae41-ba43b1f7d409'),
 ('11', '2', NULL, '11', '1', '16', '0', '2016-07-12 15:53:27', '2016-07-12 15:53:27', 'd176f81f-4d1a-498c-b2d9-4d1983bbd4a1'),
 ('12', '2', '31', '11', '2', '3', '1', '2016-07-12 15:53:27', '2016-07-12 15:53:27', '4bb728e1-feaa-483c-9fc3-e69e6111cdae'),
 ('13', '2', '32', '11', '4', '5', '1', '2016-07-12 15:54:31', '2016-07-12 15:54:31', 'b6330db4-f5c3-4199-a11c-bda7724f7a1d'),
 ('14', '2', '33', '11', '6', '7', '1', '2016-07-12 15:56:00', '2016-07-12 15:56:00', 'aba7e8d0-a4b1-4efc-9f6c-3dfb68f4f0d6'),
 ('15', '2', '34', '11', '8', '13', '1', '2016-07-12 15:56:27', '2016-07-12 15:56:27', '35bb4879-cc04-4bef-afb4-cbee7277e122'),
 ('17', '2', '39', '11', '14', '15', '1', '2016-07-12 16:04:59', '2016-07-12 16:04:59', 'b73ce65f-3b5d-4e5e-80b6-de92fa725ddd'),
 ('18', '2', '40', '11', '9', '10', '2', '2016-07-12 16:44:27', '2016-07-12 16:44:27', '143b825a-4285-4dea-a6bf-7d00a82563db'),
 ('19', '2', '42', '11', '11', '12', '2', '2016-07-12 17:05:49', '2016-07-12 17:05:49', '9b47f875-daa8-4cee-94f7-6231ce95c02b'),
 ('21', '3', NULL, '21', '1', '12', '0', '2016-07-12 19:58:17', '2016-07-12 19:58:17', '913ad3ce-0881-481a-8459-095b2ac699a0'),
 ('22', '3', '30', '21', '4', '5', '1', '2016-07-12 19:58:17', '2016-07-12 19:58:17', '9cf2b394-7601-4475-8781-4793f84ce8cd'),
 ('23', '3', '38', '21', '6', '7', '1', '2016-07-12 19:58:17', '2016-07-12 19:58:17', '0bb12c6c-6ab9-4b16-9015-d0331f7822f5'),
 ('24', '3', '41', '21', '2', '3', '1', '2016-07-12 19:58:17', '2016-07-12 19:58:17', '63bd2096-bc23-4b72-a168-c47bc0b8a09e'),
 ('25', '3', '44', '21', '8', '9', '1', '2016-07-12 19:58:17', '2016-07-12 19:58:17', '3b24f43e-5ebb-4c96-b845-46e8549a01e8'),
 ('26', '3', '46', '21', '10', '11', '1', '2016-07-12 19:58:17', '2016-07-12 19:58:17', '01adaf06-0fa7-4e41-b808-2e8254272f9b'),
 ('27', '4', NULL, '27', '1', '16', '0', '2016-07-13 14:29:33', '2016-07-13 14:29:33', '466b5397-d776-416c-9a2a-7bd3a1b2c8c9'),
 ('28', '4', '55', '27', '2', '3', '1', '2016-07-13 14:29:33', '2016-07-13 14:29:33', 'cfc5aa60-d4a9-4e7c-9f7a-70e9f7d45b0a'),
 ('29', '4', '56', '27', '6', '7', '1', '2016-07-13 14:31:17', '2016-07-13 14:31:17', '001f7fcb-a6f9-4377-980f-425f36881615'),
 ('30', '4', '57', '27', '4', '5', '1', '2016-07-13 14:31:29', '2016-07-13 14:31:29', '0b965947-49cc-4192-89e2-bc415cb93d2c'),
 ('31', '4', '58', '27', '8', '9', '1', '2016-07-13 14:31:39', '2016-07-13 14:31:39', '9aa5a76c-be82-4b93-a017-2fd741c404bc'),
 ('32', '4', '59', '27', '10', '11', '1', '2016-07-13 14:31:55', '2016-07-13 14:31:55', '4b28c3b2-f31f-4a31-83d1-33015085218a'),
 ('33', '4', '60', '27', '12', '13', '1', '2016-07-13 14:32:05', '2016-07-13 14:32:05', '9f6849e6-6fb7-438b-ba7a-ad3e3bfeade3'),
 ('34', '4', '61', '27', '14', '15', '1', '2016-07-13 14:32:16', '2016-07-13 14:32:16', 'a882cf6e-d7db-4c7f-9328-c1748692c670'),
 ('35', '6', NULL, '35', '1', '12', '0', '2016-07-19 14:29:13', '2016-07-19 14:29:13', '28d35ad7-0003-40cb-9534-eff9c322b732'),
 ('36', '6', '72', '35', '2', '3', '1', '2016-07-19 14:29:13', '2016-07-19 14:29:13', '664bd84c-028c-4e77-80f3-a11b39ee7f0a'),
 ('37', '6', '73', '35', '4', '5', '1', '2016-07-19 14:29:25', '2016-07-19 14:29:25', '6987044f-6a5a-4710-a4fe-df16c01df877'),
 ('38', '6', '74', '35', '6', '7', '1', '2016-07-19 14:29:43', '2016-07-19 14:29:43', 'a0f4c47c-4454-4596-822c-5035aa1baba7'),
 ('39', '6', '75', '35', '8', '9', '1', '2016-07-19 14:34:57', '2016-07-19 14:34:57', '76c1e1d5-7818-4704-84b1-70518b72489c'),
 ('41', '7', NULL, '41', '1', '12', '0', '2016-07-19 20:27:44', '2016-07-19 20:27:44', '2ce6c647-45b6-481f-8625-25e8489d3947'),
 ('42', '7', '110', '41', '2', '3', '1', '2016-07-19 20:27:44', '2016-07-19 20:27:44', 'e049415f-f00b-48a0-9b31-2dcaa89855ea'),
 ('43', '7', '111', '41', '4', '5', '1', '2016-07-19 20:27:57', '2016-07-19 20:27:57', '95052059-cb5b-4e26-be67-51e56b383cbf'),
 ('44', '7', '112', '41', '6', '7', '1', '2016-07-19 20:28:08', '2016-07-19 20:28:08', '73a023a0-32ad-4580-b24a-364d1b81ca6a'),
 ('45', '7', '113', '41', '8', '9', '1', '2016-07-19 20:28:23', '2016-07-19 20:28:23', 'd8e196c7-f172-4de3-840a-0b457a288121'),
 ('46', '7', '119', '41', '10', '11', '1', '2016-07-19 21:24:14', '2016-07-19 21:24:14', 'e49879bc-99f8-4a7c-96d2-9aea3715883e'),
 ('47', '9', NULL, '47', '1', '16', '0', '2016-07-20 16:37:40', '2016-07-20 16:37:40', '269ca283-30a8-474d-b459-e0fe25e7ebaa'),
 ('48', '9', '121', '47', '2', '3', '1', '2016-07-20 16:37:40', '2016-07-20 16:37:40', '9ce9789f-5afb-4c61-ac02-32c62682b25b'),
 ('49', '9', '123', '47', '4', '5', '1', '2016-07-20 16:37:40', '2016-07-20 16:37:40', '1f180404-717c-4018-8412-1dc8f5dbe2b1'),
 ('50', '9', '125', '47', '6', '7', '1', '2016-07-20 16:37:40', '2016-07-20 16:37:40', 'd026e57a-7374-4113-8c54-5c9d07ae4d74'),
 ('51', '9', '127', '47', '8', '9', '1', '2016-07-20 16:37:40', '2016-07-20 16:37:40', '18b661e7-72e8-4781-854f-c8fb17cd2415'),
 ('52', '9', '129', '47', '10', '11', '1', '2016-07-20 16:37:40', '2016-07-20 16:37:40', '0d0580f0-fd39-4311-96ba-4a452deaa108'),
 ('53', '9', '130', '47', '12', '13', '1', '2016-07-20 16:47:11', '2016-07-20 16:47:11', '976c9387-c5d2-4caf-9345-9dfa318ab61c'),
 ('54', '9', '131', '47', '14', '15', '1', '2016-07-20 16:48:24', '2016-07-20 16:48:24', 'd97d4510-abf8-4f71-b7ca-01e2b09aafd3'),
 ('55', '6', '132', '35', '10', '11', '1', '2016-07-20 18:53:39', '2016-07-20 18:53:39', 'ff07d803-b356-4b47-8055-3abbd52152bb');



DROP TABLE IF EXISTS `craft_structures`;


--
-- Schema for table `craft_structures`
--
CREATE TABLE `craft_structures` (
  `id` int(11) NOT NULL AUTO_INCREMENT,
  `maxLevels` smallint(6) unsigned DEFAULT NULL,
  `dateCreated` datetime NOT NULL,
  `dateUpdated` datetime NOT NULL,
  `uid` char(36) COLLATE utf8_unicode_ci NOT NULL DEFAULT '0',
  PRIMARY KEY (`id`)
) ENGINE=InnoDB AUTO_INCREMENT=10 DEFAULT CHARSET=utf8 COLLATE=utf8_unicode_ci;

--
-- Data for table `craft_structures`
--

INSERT INTO `craft_structures` (`id`, `maxLevels`, `dateCreated`, `dateUpdated`, `uid`) VALUES
 ('1', '2', '2016-07-11 18:24:55', '2016-07-18 19:54:47', 'd43d5d6c-cec9-4cd9-aceb-9124ea2440c3'),
 ('2', '2', '2016-07-12 15:14:42', '2016-07-18 21:55:43', 'd221769b-8682-4ae2-b993-55d0c6e4e68b'),
 ('3', '1', '2016-07-12 19:58:17', '2016-07-18 16:49:54', '785007db-1125-42b4-83f6-6aabfbca1f7d'),
 ('4', '2', '2016-07-13 14:25:23', '2016-07-18 17:24:21', '32011fa0-65a1-4c7b-a437-b6e8518cd019'),
 ('5', '2', '2016-07-18 16:10:22', '2016-07-18 16:10:22', 'd1ad4395-35d1-4129-9844-7697d1a3025e'),
 ('6', '2', '2016-07-19 14:28:35', '2016-07-19 20:26:43', '65a58099-324b-423a-9528-0cf3c0dd957a'),
 ('7', '1', '2016-07-19 20:19:32', '2016-07-19 20:26:34', '6a7ccd0a-8b02-4284-98e1-29592c55191b'),
 ('8', '1', '2016-07-20 14:50:43', '2016-07-20 14:50:43', 'b5ce469a-ce09-4d96-bcb3-f954a06916f8'),
 ('9', NULL, '2016-07-20 16:37:40', '2016-07-20 19:22:56', '67be2985-f21e-42bb-9893-3bcb3ae65057');



DROP TABLE IF EXISTS `craft_systemsettings`;


--
-- Schema for table `craft_systemsettings`
--
CREATE TABLE `craft_systemsettings` (
  `id` int(11) NOT NULL AUTO_INCREMENT,
  `category` varchar(15) COLLATE utf8_unicode_ci NOT NULL,
  `settings` text COLLATE utf8_unicode_ci,
  `dateCreated` datetime NOT NULL,
  `dateUpdated` datetime NOT NULL,
  `uid` char(36) COLLATE utf8_unicode_ci NOT NULL DEFAULT '0',
  PRIMARY KEY (`id`),
  UNIQUE KEY `craft_systemsettings_category_unq_idx` (`category`)
) ENGINE=InnoDB AUTO_INCREMENT=2 DEFAULT CHARSET=utf8 COLLATE=utf8_unicode_ci;

--
-- Data for table `craft_systemsettings`
--

INSERT INTO `craft_systemsettings` (`id`, `category`, `settings`, `dateCreated`, `dateUpdated`, `uid`) VALUES
 ('1', 'email', '{\"protocol\":\"php\",\"emailAddress\":\"briansbier@gmail.com\",\"senderName\":\"Housingworks\"}', '2016-07-11 16:21:55', '2016-07-11 16:21:55', '2ba19541-a51a-48c7-ad65-8a5ef12ed1a1');



DROP TABLE IF EXISTS `craft_taggroups`;


--
-- Schema for table `craft_taggroups`
--
CREATE TABLE `craft_taggroups` (
  `id` int(11) NOT NULL AUTO_INCREMENT,
  `name` varchar(255) COLLATE utf8_unicode_ci NOT NULL,
  `handle` varchar(255) COLLATE utf8_unicode_ci NOT NULL,
  `fieldLayoutId` int(10) DEFAULT NULL,
  `dateCreated` datetime NOT NULL,
  `dateUpdated` datetime NOT NULL,
  `uid` char(36) COLLATE utf8_unicode_ci NOT NULL DEFAULT '0',
  PRIMARY KEY (`id`),
  UNIQUE KEY `craft_taggroups_name_unq_idx` (`name`),
  UNIQUE KEY `craft_taggroups_handle_unq_idx` (`handle`),
  KEY `craft_taggroups_fieldLayoutId_fk` (`fieldLayoutId`)
) ENGINE=InnoDB AUTO_INCREMENT=2 DEFAULT CHARSET=utf8 COLLATE=utf8_unicode_ci;

--
-- Data for table `craft_taggroups`
--

INSERT INTO `craft_taggroups` (`id`, `name`, `handle`, `fieldLayoutId`, `dateCreated`, `dateUpdated`, `uid`) VALUES
 ('1', 'Default', 'default', '1', '2016-07-11 16:21:55', '2016-07-11 16:21:55', '4a22644e-6d79-4e5b-8f3d-0d3e0e5b00a9');



DROP TABLE IF EXISTS `craft_tags`;


--
-- Schema for table `craft_tags`
--
CREATE TABLE `craft_tags` (
  `id` int(11) NOT NULL,
  `groupId` int(11) NOT NULL,
  `dateCreated` datetime NOT NULL,
  `dateUpdated` datetime NOT NULL,
  `uid` char(36) COLLATE utf8_unicode_ci NOT NULL DEFAULT '0',
  PRIMARY KEY (`id`),
  KEY `craft_tags_groupId_fk` (`groupId`)
) ENGINE=InnoDB DEFAULT CHARSET=utf8 COLLATE=utf8_unicode_ci;

DROP TABLE IF EXISTS `craft_tasks`;


--
-- Schema for table `craft_tasks`
--
CREATE TABLE `craft_tasks` (
  `id` int(11) NOT NULL AUTO_INCREMENT,
  `root` int(11) unsigned DEFAULT NULL,
  `lft` int(11) unsigned NOT NULL,
  `rgt` int(11) unsigned NOT NULL,
  `level` smallint(6) unsigned NOT NULL,
  `currentStep` int(11) unsigned DEFAULT NULL,
  `totalSteps` int(11) unsigned DEFAULT NULL,
  `status` enum('pending','error','running') COLLATE utf8_unicode_ci DEFAULT NULL,
  `type` varchar(150) COLLATE utf8_unicode_ci NOT NULL,
  `description` varchar(255) COLLATE utf8_unicode_ci DEFAULT NULL,
  `settings` mediumtext COLLATE utf8_unicode_ci,
  `dateCreated` datetime NOT NULL,
  `dateUpdated` datetime NOT NULL,
  `uid` char(36) COLLATE utf8_unicode_ci NOT NULL DEFAULT '0',
  PRIMARY KEY (`id`),
  KEY `craft_tasks_root_idx` (`root`),
  KEY `craft_tasks_lft_idx` (`lft`),
  KEY `craft_tasks_rgt_idx` (`rgt`),
  KEY `craft_tasks_level_idx` (`level`)
) ENGINE=InnoDB AUTO_INCREMENT=9 DEFAULT CHARSET=utf8 COLLATE=utf8_unicode_ci;

DROP TABLE IF EXISTS `craft_templatecachecriteria`;


--
-- Schema for table `craft_templatecachecriteria`
--
CREATE TABLE `craft_templatecachecriteria` (
  `id` int(11) NOT NULL AUTO_INCREMENT,
  `cacheId` int(11) NOT NULL,
  `type` varchar(150) COLLATE utf8_unicode_ci NOT NULL,
  `criteria` text COLLATE utf8_unicode_ci NOT NULL,
  PRIMARY KEY (`id`),
  KEY `craft_templatecachecriteria_cacheId_fk` (`cacheId`),
  KEY `craft_templatecachecriteria_type_idx` (`type`)
) ENGINE=InnoDB DEFAULT CHARSET=utf8 COLLATE=utf8_unicode_ci;

DROP TABLE IF EXISTS `craft_templatecacheelements`;


--
-- Schema for table `craft_templatecacheelements`
--
CREATE TABLE `craft_templatecacheelements` (
  `cacheId` int(11) NOT NULL,
  `elementId` int(11) NOT NULL,
  KEY `craft_templatecacheelements_cacheId_fk` (`cacheId`),
  KEY `craft_templatecacheelements_elementId_fk` (`elementId`)
) ENGINE=InnoDB DEFAULT CHARSET=utf8 COLLATE=utf8_unicode_ci;

DROP TABLE IF EXISTS `craft_templatecaches`;


--
-- Schema for table `craft_templatecaches`
--
CREATE TABLE `craft_templatecaches` (
  `id` int(11) NOT NULL AUTO_INCREMENT,
  `cacheKey` varchar(255) COLLATE utf8_unicode_ci NOT NULL,
  `locale` char(12) COLLATE utf8_unicode_ci NOT NULL,
  `path` varchar(255) COLLATE utf8_unicode_ci DEFAULT NULL,
  `expiryDate` datetime NOT NULL,
  `body` mediumtext COLLATE utf8_unicode_ci NOT NULL,
  PRIMARY KEY (`id`),
  KEY `craft_templatecaches_expiryDate_cacheKey_locale_path_idx` (`expiryDate`,`cacheKey`,`locale`,`path`),
  KEY `craft_templatecaches_locale_fk` (`locale`)
) ENGINE=InnoDB DEFAULT CHARSET=utf8 COLLATE=utf8_unicode_ci;

DROP TABLE IF EXISTS `craft_tokens`;


--
-- Schema for table `craft_tokens`
--
CREATE TABLE `craft_tokens` (
  `id` int(11) NOT NULL AUTO_INCREMENT,
  `token` char(32) COLLATE utf8_unicode_ci NOT NULL,
  `route` text COLLATE utf8_unicode_ci,
  `usageLimit` tinyint(3) unsigned DEFAULT NULL,
  `usageCount` tinyint(3) unsigned DEFAULT NULL,
  `expiryDate` datetime NOT NULL,
  `dateCreated` datetime NOT NULL,
  `dateUpdated` datetime NOT NULL,
  `uid` char(36) COLLATE utf8_unicode_ci NOT NULL DEFAULT '0',
  PRIMARY KEY (`id`),
  UNIQUE KEY `craft_tokens_token_unq_idx` (`token`),
  KEY `craft_tokens_expiryDate_idx` (`expiryDate`)
) ENGINE=InnoDB DEFAULT CHARSET=utf8 COLLATE=utf8_unicode_ci;

DROP TABLE IF EXISTS `craft_usergroups`;


--
-- Schema for table `craft_usergroups`
--
CREATE TABLE `craft_usergroups` (
  `id` int(11) NOT NULL AUTO_INCREMENT,
  `name` varchar(255) COLLATE utf8_unicode_ci NOT NULL,
  `handle` varchar(255) COLLATE utf8_unicode_ci NOT NULL,
  `dateCreated` datetime NOT NULL,
  `dateUpdated` datetime NOT NULL,
  `uid` char(36) COLLATE utf8_unicode_ci NOT NULL DEFAULT '0',
  PRIMARY KEY (`id`)
) ENGINE=InnoDB DEFAULT CHARSET=utf8 COLLATE=utf8_unicode_ci;

DROP TABLE IF EXISTS `craft_usergroups_users`;


--
-- Schema for table `craft_usergroups_users`
--
CREATE TABLE `craft_usergroups_users` (
  `id` int(11) NOT NULL AUTO_INCREMENT,
  `groupId` int(11) NOT NULL,
  `userId` int(11) NOT NULL,
  `dateCreated` datetime NOT NULL,
  `dateUpdated` datetime NOT NULL,
  `uid` char(36) COLLATE utf8_unicode_ci NOT NULL DEFAULT '0',
  PRIMARY KEY (`id`),
  UNIQUE KEY `craft_usergroups_users_groupId_userId_unq_idx` (`groupId`,`userId`),
  KEY `craft_usergroups_users_userId_fk` (`userId`)
) ENGINE=InnoDB DEFAULT CHARSET=utf8 COLLATE=utf8_unicode_ci;

DROP TABLE IF EXISTS `craft_userpermissions`;


--
-- Schema for table `craft_userpermissions`
--
CREATE TABLE `craft_userpermissions` (
  `id` int(11) NOT NULL AUTO_INCREMENT,
  `name` varchar(255) COLLATE utf8_unicode_ci NOT NULL,
  `dateCreated` datetime NOT NULL,
  `dateUpdated` datetime NOT NULL,
  `uid` char(36) COLLATE utf8_unicode_ci NOT NULL DEFAULT '0',
  PRIMARY KEY (`id`),
  UNIQUE KEY `craft_userpermissions_name_unq_idx` (`name`)
) ENGINE=InnoDB DEFAULT CHARSET=utf8 COLLATE=utf8_unicode_ci;

DROP TABLE IF EXISTS `craft_userpermissions_usergroups`;


--
-- Schema for table `craft_userpermissions_usergroups`
--
CREATE TABLE `craft_userpermissions_usergroups` (
  `id` int(11) NOT NULL AUTO_INCREMENT,
  `permissionId` int(11) NOT NULL,
  `groupId` int(11) NOT NULL,
  `dateCreated` datetime NOT NULL,
  `dateUpdated` datetime NOT NULL,
  `uid` char(36) COLLATE utf8_unicode_ci NOT NULL DEFAULT '0',
  PRIMARY KEY (`id`),
  UNIQUE KEY `craft_userpermissions_usergroups_permissionId_groupId_unq_idx` (`permissionId`,`groupId`),
  KEY `craft_userpermissions_usergroups_groupId_fk` (`groupId`)
) ENGINE=InnoDB DEFAULT CHARSET=utf8 COLLATE=utf8_unicode_ci;

DROP TABLE IF EXISTS `craft_userpermissions_users`;


--
-- Schema for table `craft_userpermissions_users`
--
CREATE TABLE `craft_userpermissions_users` (
  `id` int(11) NOT NULL AUTO_INCREMENT,
  `permissionId` int(11) NOT NULL,
  `userId` int(11) NOT NULL,
  `dateCreated` datetime NOT NULL,
  `dateUpdated` datetime NOT NULL,
  `uid` char(36) COLLATE utf8_unicode_ci NOT NULL DEFAULT '0',
  PRIMARY KEY (`id`),
  UNIQUE KEY `craft_userpermissions_users_permissionId_userId_unq_idx` (`permissionId`,`userId`),
  KEY `craft_userpermissions_users_userId_fk` (`userId`)
) ENGINE=InnoDB DEFAULT CHARSET=utf8 COLLATE=utf8_unicode_ci;

DROP TABLE IF EXISTS `craft_users`;


--
-- Schema for table `craft_users`
--
CREATE TABLE `craft_users` (
  `id` int(11) NOT NULL,
  `username` varchar(100) COLLATE utf8_unicode_ci NOT NULL,
  `photo` varchar(100) COLLATE utf8_unicode_ci DEFAULT NULL,
  `firstName` varchar(100) COLLATE utf8_unicode_ci DEFAULT NULL,
  `lastName` varchar(100) COLLATE utf8_unicode_ci DEFAULT NULL,
  `email` varchar(255) COLLATE utf8_unicode_ci NOT NULL,
  `password` char(255) COLLATE utf8_unicode_ci DEFAULT NULL,
  `preferredLocale` char(12) COLLATE utf8_unicode_ci DEFAULT NULL,
  `weekStartDay` tinyint(1) unsigned NOT NULL DEFAULT '0',
  `admin` tinyint(1) unsigned NOT NULL DEFAULT '0',
  `client` tinyint(1) unsigned NOT NULL DEFAULT '0',
  `locked` tinyint(1) unsigned NOT NULL DEFAULT '0',
  `suspended` tinyint(1) unsigned NOT NULL DEFAULT '0',
  `pending` tinyint(1) unsigned NOT NULL DEFAULT '0',
  `archived` tinyint(1) unsigned NOT NULL DEFAULT '0',
  `lastLoginDate` datetime DEFAULT NULL,
  `lastLoginAttemptIPAddress` varchar(45) COLLATE utf8_unicode_ci DEFAULT NULL,
  `invalidLoginWindowStart` datetime DEFAULT NULL,
  `invalidLoginCount` tinyint(4) unsigned DEFAULT NULL,
  `lastInvalidLoginDate` datetime DEFAULT NULL,
  `lockoutDate` datetime DEFAULT NULL,
  `verificationCode` char(100) COLLATE utf8_unicode_ci DEFAULT NULL,
  `verificationCodeIssuedDate` datetime DEFAULT NULL,
  `unverifiedEmail` varchar(255) COLLATE utf8_unicode_ci DEFAULT NULL,
  `passwordResetRequired` tinyint(1) unsigned NOT NULL DEFAULT '0',
  `lastPasswordChangeDate` datetime DEFAULT NULL,
  `dateCreated` datetime NOT NULL,
  `dateUpdated` datetime NOT NULL,
  `uid` char(36) COLLATE utf8_unicode_ci NOT NULL DEFAULT '0',
  PRIMARY KEY (`id`),
  UNIQUE KEY `craft_users_username_unq_idx` (`username`),
  UNIQUE KEY `craft_users_email_unq_idx` (`email`),
  KEY `craft_users_verificationCode_idx` (`verificationCode`),
  KEY `craft_users_uid_idx` (`uid`),
  KEY `craft_users_preferredLocale_fk` (`preferredLocale`)
) ENGINE=InnoDB DEFAULT CHARSET=utf8 COLLATE=utf8_unicode_ci;

--
-- Data for table `craft_users`
--

INSERT INTO `craft_users` (`id`, `username`, `photo`, `firstName`, `lastName`, `email`, `password`, `preferredLocale`, `weekStartDay`, `admin`, `client`, `locked`, `suspended`, `pending`, `archived`, `lastLoginDate`, `lastLoginAttemptIPAddress`, `invalidLoginWindowStart`, `invalidLoginCount`, `lastInvalidLoginDate`, `lockoutDate`, `verificationCode`, `verificationCodeIssuedDate`, `unverifiedEmail`, `passwordResetRequired`, `lastPasswordChangeDate`, `dateCreated`, `dateUpdated`, `uid`) VALUES
 ('1', 'briansbier@gmail.com', NULL, NULL, NULL, 'briansbier@gmail.com', '$2y$13$759V9PZ9iWOGO30XZuzP8Ow6ON.WvBvvOufqpqjR/p1Dhul9EDez.', NULL, '0', '1', '0', '0', '0', '0', '0', '2016-08-03 17:45:56', '127.0.0.1', NULL, NULL, '2016-08-02 14:04:24', NULL, NULL, NULL, NULL, '0', '2016-08-03 17:45:43', '2016-07-11 16:21:52', '2016-08-03 17:45:56', '7bb183bf-27ba-42e1-aff4-056930741a3a');



DROP TABLE IF EXISTS `craft_widgets`;


--
-- Schema for table `craft_widgets`
--
CREATE TABLE `craft_widgets` (
  `id` int(11) NOT NULL AUTO_INCREMENT,
  `userId` int(11) NOT NULL,
  `type` varchar(150) COLLATE utf8_unicode_ci NOT NULL,
  `sortOrder` smallint(6) unsigned DEFAULT NULL,
  `colspan` tinyint(4) unsigned DEFAULT NULL,
  `settings` text COLLATE utf8_unicode_ci,
  `enabled` tinyint(1) unsigned NOT NULL DEFAULT '1',
  `dateCreated` datetime NOT NULL,
  `dateUpdated` datetime NOT NULL,
  `uid` char(36) COLLATE utf8_unicode_ci NOT NULL DEFAULT '0',
  PRIMARY KEY (`id`),
  KEY `craft_widgets_userId_fk` (`userId`)
) ENGINE=InnoDB AUTO_INCREMENT=5 DEFAULT CHARSET=utf8 COLLATE=utf8_unicode_ci;

--
-- Data for table `craft_widgets`
--

INSERT INTO `craft_widgets` (`id`, `userId`, `type`, `sortOrder`, `colspan`, `settings`, `enabled`, `dateCreated`, `dateUpdated`, `uid`) VALUES
 ('1', '1', 'RecentEntries', '1', NULL, NULL, '1', '2016-07-11 16:21:59', '2016-07-11 16:21:59', '8bdf8a34-42ac-4f3e-a352-5523f8586ad4'),
 ('2', '1', 'GetHelp', '2', NULL, NULL, '1', '2016-07-11 16:21:59', '2016-07-11 16:21:59', '1c002fed-17da-4f87-aebb-2658708730ab'),
 ('3', '1', 'Updates', '3', NULL, NULL, '1', '2016-07-11 16:21:59', '2016-07-11 16:21:59', '65effb63-0b9a-4ef9-84ce-f5180b1ae789'),
 ('4', '1', 'Feed', '4', NULL, '{\"url\":\"https:\\/\\/craftcms.com\\/news.rss\",\"title\":\"Craft News\"}', '1', '2016-07-11 16:21:59', '2016-07-11 16:21:59', 'c26a5e6a-4fd6-4882-95d7-2a5e4c149b32');


--
-- Constraints for tables
--


--
-- Constraints for table `craft_assetfiles`
--
ALTER TABLE `craft_assetfiles`
	ADD CONSTRAINT `craft_assetfiles_folderId_fk` FOREIGN KEY (`folderId`) REFERENCES `craft_assetfolders` (`id`) ON DELETE CASCADE,
	ADD CONSTRAINT `craft_assetfiles_id_fk` FOREIGN KEY (`id`) REFERENCES `craft_elements` (`id`) ON DELETE CASCADE,
	ADD CONSTRAINT `craft_assetfiles_sourceId_fk` FOREIGN KEY (`sourceId`) REFERENCES `craft_assetsources` (`id`) ON DELETE CASCADE;

--
-- Constraints for table `craft_assetfolders`
--
ALTER TABLE `craft_assetfolders`
	ADD CONSTRAINT `craft_assetfolders_parentId_fk` FOREIGN KEY (`parentId`) REFERENCES `craft_assetfolders` (`id`) ON DELETE CASCADE,
	ADD CONSTRAINT `craft_assetfolders_sourceId_fk` FOREIGN KEY (`sourceId`) REFERENCES `craft_assetsources` (`id`) ON DELETE CASCADE;

--
-- Constraints for table `craft_assetindexdata`
--
ALTER TABLE `craft_assetindexdata`
	ADD CONSTRAINT `craft_assetindexdata_sourceId_fk` FOREIGN KEY (`sourceId`) REFERENCES `craft_assetsources` (`id`) ON DELETE CASCADE;

--
-- Constraints for table `craft_assetsources`
--
ALTER TABLE `craft_assetsources`
	ADD CONSTRAINT `craft_assetsources_fieldLayoutId_fk` FOREIGN KEY (`fieldLayoutId`) REFERENCES `craft_fieldlayouts` (`id`) ON DELETE SET NULL;

--
-- Constraints for table `craft_categories`
--
ALTER TABLE `craft_categories`
	ADD CONSTRAINT `craft_categories_groupId_fk` FOREIGN KEY (`groupId`) REFERENCES `craft_categorygroups` (`id`) ON DELETE CASCADE,
	ADD CONSTRAINT `craft_categories_id_fk` FOREIGN KEY (`id`) REFERENCES `craft_elements` (`id`) ON DELETE CASCADE;

--
-- Constraints for table `craft_categorygroups`
--
ALTER TABLE `craft_categorygroups`
	ADD CONSTRAINT `craft_categorygroups_fieldLayoutId_fk` FOREIGN KEY (`fieldLayoutId`) REFERENCES `craft_fieldlayouts` (`id`) ON DELETE SET NULL,
	ADD CONSTRAINT `craft_categorygroups_structureId_fk` FOREIGN KEY (`structureId`) REFERENCES `craft_structures` (`id`) ON DELETE CASCADE;

--
-- Constraints for table `craft_categorygroups_i18n`
--
ALTER TABLE `craft_categorygroups_i18n`
	ADD CONSTRAINT `craft_categorygroups_i18n_groupId_fk` FOREIGN KEY (`groupId`) REFERENCES `craft_categorygroups` (`id`) ON DELETE CASCADE,
	ADD CONSTRAINT `craft_categorygroups_i18n_locale_fk` FOREIGN KEY (`locale`) REFERENCES `craft_locales` (`locale`) ON DELETE CASCADE ON UPDATE CASCADE;

--
-- Constraints for table `craft_charge_membershipsubscription_emails`
--
ALTER TABLE `craft_charge_membershipsubscription_emails`
	ADD CONSTRAINT `craft_charg_membershipsubscripti_email_membershipSubscription_fk` FOREIGN KEY (`membershipSubscriptionId`) REFERENCES `craft_charge_membershipsubscriptions` (`id`) ON DELETE CASCADE ON UPDATE CASCADE,
	ADD CONSTRAINT `craft_charge_membershipsubscription_emails_emailId_fk` FOREIGN KEY (`emailId`) REFERENCES `craft_charge_emails` (`id`) ON DELETE CASCADE ON UPDATE CASCADE;

--
-- Constraints for table `craft_charge_payments`
--
ALTER TABLE `craft_charge_payments`
	ADD CONSTRAINT `craft_charge_payments_chargeId_fk` FOREIGN KEY (`chargeId`) REFERENCES `craft_charges` (`id`) ON DELETE CASCADE,
	ADD CONSTRAINT `craft_charge_payments_id_fk` FOREIGN KEY (`id`) REFERENCES `craft_elements` (`id`) ON DELETE CASCADE,
	ADD CONSTRAINT `craft_charge_payments_userId_fk` FOREIGN KEY (`userId`) REFERENCES `craft_users` (`id`) ON DELETE SET NULL;

--
-- Constraints for table `craft_charge_subscriber`
--
ALTER TABLE `craft_charge_subscriber`
	ADD CONSTRAINT `craft_charge_subscriber_chargeId_fk` FOREIGN KEY (`chargeId`) REFERENCES `craft_charges` (`id`) ON DELETE CASCADE ON UPDATE CASCADE,
	ADD CONSTRAINT `craft_charge_subscriber_id_fk` FOREIGN KEY (`id`) REFERENCES `craft_elements` (`id`) ON DELETE CASCADE,
	ADD CONSTRAINT `craft_charge_subscriber_membershipSubscriptionId_fk` FOREIGN KEY (`membershipSubscriptionId`) REFERENCES `craft_charge_membershipsubscriptions` (`id`) ON DELETE CASCADE ON UPDATE CASCADE,
	ADD CONSTRAINT `craft_charge_subscriber_userId_fk` FOREIGN KEY (`userId`) REFERENCES `craft_users` (`id`) ON DELETE CASCADE ON UPDATE CASCADE;

--
-- Constraints for table `craft_charge_subscriptions`
--
ALTER TABLE `craft_charge_subscriptions`
	ADD CONSTRAINT `craft_charge_subscriptions_chargeId_fk` FOREIGN KEY (`chargeId`) REFERENCES `craft_charges` (`id`) ON DELETE CASCADE,
	ADD CONSTRAINT `craft_charge_subscriptions_userId_fk` FOREIGN KEY (`userId`) REFERENCES `craft_users` (`id`) ON DELETE SET NULL;

--
-- Constraints for table `craft_charges`
--
ALTER TABLE `craft_charges`
	ADD CONSTRAINT `craft_charges_id_fk` FOREIGN KEY (`id`) REFERENCES `craft_elements` (`id`) ON DELETE CASCADE,
	ADD CONSTRAINT `craft_charges_userId_fk` FOREIGN KEY (`userId`) REFERENCES `craft_users` (`id`) ON DELETE SET NULL;

--
-- Constraints for table `craft_content`
--
ALTER TABLE `craft_content`
	ADD CONSTRAINT `craft_content_elementId_fk` FOREIGN KEY (`elementId`) REFERENCES `craft_elements` (`id`) ON DELETE CASCADE,
	ADD CONSTRAINT `craft_content_locale_fk` FOREIGN KEY (`locale`) REFERENCES `craft_locales` (`locale`) ON DELETE CASCADE ON UPDATE CASCADE;

--
-- Constraints for table `craft_elements_i18n`
--
ALTER TABLE `craft_elements_i18n`
	ADD CONSTRAINT `craft_elements_i18n_elementId_fk` FOREIGN KEY (`elementId`) REFERENCES `craft_elements` (`id`) ON DELETE CASCADE,
	ADD CONSTRAINT `craft_elements_i18n_locale_fk` FOREIGN KEY (`locale`) REFERENCES `craft_locales` (`locale`) ON DELETE CASCADE ON UPDATE CASCADE;

--
-- Constraints for table `craft_emailmessages`
--
ALTER TABLE `craft_emailmessages`
	ADD CONSTRAINT `craft_emailmessages_locale_fk` FOREIGN KEY (`locale`) REFERENCES `craft_locales` (`locale`) ON DELETE CASCADE ON UPDATE CASCADE;

--
-- Constraints for table `craft_entries`
--
ALTER TABLE `craft_entries`
	ADD CONSTRAINT `craft_entries_authorId_fk` FOREIGN KEY (`authorId`) REFERENCES `craft_users` (`id`) ON DELETE CASCADE,
	ADD CONSTRAINT `craft_entries_id_fk` FOREIGN KEY (`id`) REFERENCES `craft_elements` (`id`) ON DELETE CASCADE,
	ADD CONSTRAINT `craft_entries_sectionId_fk` FOREIGN KEY (`sectionId`) REFERENCES `craft_sections` (`id`) ON DELETE CASCADE,
	ADD CONSTRAINT `craft_entries_typeId_fk` FOREIGN KEY (`typeId`) REFERENCES `craft_entrytypes` (`id`) ON DELETE CASCADE;

--
-- Constraints for table `craft_entrydrafts`
--
ALTER TABLE `craft_entrydrafts`
	ADD CONSTRAINT `craft_entrydrafts_creatorId_fk` FOREIGN KEY (`creatorId`) REFERENCES `craft_users` (`id`) ON DELETE CASCADE,
	ADD CONSTRAINT `craft_entrydrafts_entryId_fk` FOREIGN KEY (`entryId`) REFERENCES `craft_entries` (`id`) ON DELETE CASCADE,
	ADD CONSTRAINT `craft_entrydrafts_locale_fk` FOREIGN KEY (`locale`) REFERENCES `craft_locales` (`locale`) ON DELETE CASCADE ON UPDATE CASCADE,
	ADD CONSTRAINT `craft_entrydrafts_sectionId_fk` FOREIGN KEY (`sectionId`) REFERENCES `craft_sections` (`id`) ON DELETE CASCADE;

--
-- Constraints for table `craft_entrytypes`
--
ALTER TABLE `craft_entrytypes`
	ADD CONSTRAINT `craft_entrytypes_fieldLayoutId_fk` FOREIGN KEY (`fieldLayoutId`) REFERENCES `craft_fieldlayouts` (`id`) ON DELETE SET NULL,
	ADD CONSTRAINT `craft_entrytypes_sectionId_fk` FOREIGN KEY (`sectionId`) REFERENCES `craft_sections` (`id`) ON DELETE CASCADE;

--
-- Constraints for table `craft_entryversions`
--
ALTER TABLE `craft_entryversions`
	ADD CONSTRAINT `craft_entryversions_creatorId_fk` FOREIGN KEY (`creatorId`) REFERENCES `craft_users` (`id`) ON DELETE SET NULL,
	ADD CONSTRAINT `craft_entryversions_entryId_fk` FOREIGN KEY (`entryId`) REFERENCES `craft_entries` (`id`) ON DELETE CASCADE,
	ADD CONSTRAINT `craft_entryversions_locale_fk` FOREIGN KEY (`locale`) REFERENCES `craft_locales` (`locale`) ON DELETE CASCADE ON UPDATE CASCADE,
	ADD CONSTRAINT `craft_entryversions_sectionId_fk` FOREIGN KEY (`sectionId`) REFERENCES `craft_sections` (`id`) ON DELETE CASCADE;

--
-- Constraints for table `craft_fieldlayoutfields`
--
ALTER TABLE `craft_fieldlayoutfields`
	ADD CONSTRAINT `craft_fieldlayoutfields_fieldId_fk` FOREIGN KEY (`fieldId`) REFERENCES `craft_fields` (`id`) ON DELETE CASCADE,
	ADD CONSTRAINT `craft_fieldlayoutfields_layoutId_fk` FOREIGN KEY (`layoutId`) REFERENCES `craft_fieldlayouts` (`id`) ON DELETE CASCADE,
	ADD CONSTRAINT `craft_fieldlayoutfields_tabId_fk` FOREIGN KEY (`tabId`) REFERENCES `craft_fieldlayouttabs` (`id`) ON DELETE CASCADE;

--
-- Constraints for table `craft_fieldlayouttabs`
--
ALTER TABLE `craft_fieldlayouttabs`
	ADD CONSTRAINT `craft_fieldlayouttabs_layoutId_fk` FOREIGN KEY (`layoutId`) REFERENCES `craft_fieldlayouts` (`id`) ON DELETE CASCADE;

--
-- Constraints for table `craft_fields`
--
ALTER TABLE `craft_fields`
	ADD CONSTRAINT `craft_fields_groupId_fk` FOREIGN KEY (`groupId`) REFERENCES `craft_fieldgroups` (`id`) ON DELETE CASCADE;

--
-- Constraints for table `craft_globalsets`
--
ALTER TABLE `craft_globalsets`
	ADD CONSTRAINT `craft_globalsets_fieldLayoutId_fk` FOREIGN KEY (`fieldLayoutId`) REFERENCES `craft_fieldlayouts` (`id`) ON DELETE SET NULL,
	ADD CONSTRAINT `craft_globalsets_id_fk` FOREIGN KEY (`id`) REFERENCES `craft_elements` (`id`) ON DELETE CASCADE;

--
-- Constraints for table `craft_matrixblocks`
--
ALTER TABLE `craft_matrixblocks`
	ADD CONSTRAINT `craft_matrixblocks_fieldId_fk` FOREIGN KEY (`fieldId`) REFERENCES `craft_fields` (`id`) ON DELETE CASCADE,
	ADD CONSTRAINT `craft_matrixblocks_id_fk` FOREIGN KEY (`id`) REFERENCES `craft_elements` (`id`) ON DELETE CASCADE,
	ADD CONSTRAINT `craft_matrixblocks_ownerId_fk` FOREIGN KEY (`ownerId`) REFERENCES `craft_elements` (`id`) ON DELETE CASCADE,
	ADD CONSTRAINT `craft_matrixblocks_ownerLocale_fk` FOREIGN KEY (`ownerLocale`) REFERENCES `craft_locales` (`locale`) ON DELETE CASCADE ON UPDATE CASCADE,
	ADD CONSTRAINT `craft_matrixblocks_typeId_fk` FOREIGN KEY (`typeId`) REFERENCES `craft_matrixblocktypes` (`id`) ON DELETE CASCADE;

--
-- Constraints for table `craft_matrixblocktypes`
--
ALTER TABLE `craft_matrixblocktypes`
	ADD CONSTRAINT `craft_matrixblocktypes_fieldId_fk` FOREIGN KEY (`fieldId`) REFERENCES `craft_fields` (`id`) ON DELETE CASCADE,
	ADD CONSTRAINT `craft_matrixblocktypes_fieldLayoutId_fk` FOREIGN KEY (`fieldLayoutId`) REFERENCES `craft_fieldlayouts` (`id`) ON DELETE SET NULL;

--
-- Constraints for table `craft_matrixcontent_boardmatrix`
--
ALTER TABLE `craft_matrixcontent_boardmatrix`
	ADD CONSTRAINT `craft_matrixcontent_boardmatrix_elementId_fk` FOREIGN KEY (`elementId`) REFERENCES `craft_elements` (`id`) ON DELETE CASCADE,
	ADD CONSTRAINT `craft_matrixcontent_boardmatrix_locale_fk` FOREIGN KEY (`locale`) REFERENCES `craft_locales` (`locale`) ON DELETE CASCADE ON UPDATE CASCADE;

--
-- Constraints for table `craft_matrixcontent_matrix`
--
ALTER TABLE `craft_matrixcontent_matrix`
	ADD CONSTRAINT `craft_matrixcontent_matrix_elementId_fk` FOREIGN KEY (`elementId`) REFERENCES `craft_elements` (`id`) ON DELETE CASCADE,
	ADD CONSTRAINT `craft_matrixcontent_matrix_locale_fk` FOREIGN KEY (`locale`) REFERENCES `craft_locales` (`locale`) ON DELETE CASCADE ON UPDATE CASCADE;

--
-- Constraints for table `craft_matrixcontent_transportationmatrix`
--
ALTER TABLE `craft_matrixcontent_transportationmatrix`
	ADD CONSTRAINT `craft_matrixcontent_transportationmatrix_elementId_fk` FOREIGN KEY (`elementId`) REFERENCES `craft_elements` (`id`) ON DELETE CASCADE,
	ADD CONSTRAINT `craft_matrixcontent_transportationmatrix_locale_fk` FOREIGN KEY (`locale`) REFERENCES `craft_locales` (`locale`) ON DELETE CASCADE ON UPDATE CASCADE;

--
-- Constraints for table `craft_migrations`
--
ALTER TABLE `craft_migrations`
	ADD CONSTRAINT `craft_migrations_pluginId_fk` FOREIGN KEY (`pluginId`) REFERENCES `craft_plugins` (`id`) ON DELETE CASCADE;

--
-- Constraints for table `craft_relations`
--
ALTER TABLE `craft_relations`
	ADD CONSTRAINT `craft_relations_fieldId_fk` FOREIGN KEY (`fieldId`) REFERENCES `craft_fields` (`id`) ON DELETE CASCADE,
	ADD CONSTRAINT `craft_relations_sourceId_fk` FOREIGN KEY (`sourceId`) REFERENCES `craft_elements` (`id`) ON DELETE CASCADE,
	ADD CONSTRAINT `craft_relations_sourceLocale_fk` FOREIGN KEY (`sourceLocale`) REFERENCES `craft_locales` (`locale`) ON DELETE CASCADE ON UPDATE CASCADE,
	ADD CONSTRAINT `craft_relations_targetId_fk` FOREIGN KEY (`targetId`) REFERENCES `craft_elements` (`id`) ON DELETE CASCADE;

--
-- Constraints for table `craft_retour_redirects`
--
ALTER TABLE `craft_retour_redirects`
	ADD CONSTRAINT `craft_retour_redirects_associatedElementId_fk` FOREIGN KEY (`associatedElementId`) REFERENCES `craft_elements` (`id`) ON DELETE CASCADE,
	ADD CONSTRAINT `craft_retour_redirects_locale_fk` FOREIGN KEY (`locale`) REFERENCES `craft_locales` (`locale`) ON DELETE CASCADE ON UPDATE CASCADE;

--
-- Constraints for table `craft_routes`
--
ALTER TABLE `craft_routes`
	ADD CONSTRAINT `craft_routes_locale_fk` FOREIGN KEY (`locale`) REFERENCES `craft_locales` (`locale`) ON DELETE CASCADE ON UPDATE CASCADE;

--
-- Constraints for table `craft_sections`
--
ALTER TABLE `craft_sections`
	ADD CONSTRAINT `craft_sections_structureId_fk` FOREIGN KEY (`structureId`) REFERENCES `craft_structures` (`id`) ON DELETE SET NULL;

--
-- Constraints for table `craft_sections_i18n`
--
ALTER TABLE `craft_sections_i18n`
	ADD CONSTRAINT `craft_sections_i18n_locale_fk` FOREIGN KEY (`locale`) REFERENCES `craft_locales` (`locale`) ON DELETE CASCADE ON UPDATE CASCADE,
	ADD CONSTRAINT `craft_sections_i18n_sectionId_fk` FOREIGN KEY (`sectionId`) REFERENCES `craft_sections` (`id`) ON DELETE CASCADE;

--
-- Constraints for table `craft_seomatic_meta`
--
ALTER TABLE `craft_seomatic_meta`
	ADD CONSTRAINT `craft_seomatic_meta_id_fk` FOREIGN KEY (`id`) REFERENCES `craft_elements` (`id`) ON DELETE CASCADE,
	ADD CONSTRAINT `craft_seomatic_meta_seoImageId_fk` FOREIGN KEY (`seoImageId`) REFERENCES `craft_assetfiles` (`id`) ON DELETE SET NULL;

--
-- Constraints for table `craft_seomatic_settings`
--
ALTER TABLE `craft_seomatic_settings`
	ADD CONSTRAINT `craft_seomatic_settings_genericCreatorImageId_fk` FOREIGN KEY (`genericCreatorImageId`) REFERENCES `craft_assetfiles` (`id`) ON DELETE SET NULL,
	ADD CONSTRAINT `craft_seomatic_settings_genericOwnerImageId_fk` FOREIGN KEY (`genericOwnerImageId`) REFERENCES `craft_assetfiles` (`id`) ON DELETE SET NULL,
	ADD CONSTRAINT `craft_seomatic_settings_siteSeoImageId_fk` FOREIGN KEY (`siteSeoImageId`) REFERENCES `craft_assetfiles` (`id`) ON DELETE SET NULL;

--
-- Constraints for table `craft_sessions`
--
ALTER TABLE `craft_sessions`
	ADD CONSTRAINT `craft_sessions_userId_fk` FOREIGN KEY (`userId`) REFERENCES `craft_users` (`id`) ON DELETE CASCADE;

--
-- Constraints for table `craft_shunnedmessages`
--
ALTER TABLE `craft_shunnedmessages`
	ADD CONSTRAINT `craft_shunnedmessages_userId_fk` FOREIGN KEY (`userId`) REFERENCES `craft_users` (`id`) ON DELETE CASCADE;

--
-- Constraints for table `craft_smartmap_addresses`
--
ALTER TABLE `craft_smartmap_addresses`
	ADD CONSTRAINT `craft_smartmap_addresses_elementId_fk` FOREIGN KEY (`elementId`) REFERENCES `craft_elements` (`id`) ON DELETE CASCADE,
	ADD CONSTRAINT `craft_smartmap_addresses_fieldId_fk` FOREIGN KEY (`fieldId`) REFERENCES `craft_fields` (`id`) ON DELETE CASCADE;

--
-- Constraints for table `craft_socialposter_posts`
--
ALTER TABLE `craft_socialposter_posts`
	ADD CONSTRAINT `craft_socialposter_posts_elementId_fk` FOREIGN KEY (`elementId`) REFERENCES `craft_elements` (`id`) ON DELETE CASCADE;

--
-- Constraints for table `craft_structureelements`
--
ALTER TABLE `craft_structureelements`
	ADD CONSTRAINT `craft_structureelements_elementId_fk` FOREIGN KEY (`elementId`) REFERENCES `craft_elements` (`id`) ON DELETE CASCADE,
	ADD CONSTRAINT `craft_structureelements_structureId_fk` FOREIGN KEY (`structureId`) REFERENCES `craft_structures` (`id`) ON DELETE CASCADE;

--
-- Constraints for table `craft_taggroups`
--
ALTER TABLE `craft_taggroups`
	ADD CONSTRAINT `craft_taggroups_fieldLayoutId_fk` FOREIGN KEY (`fieldLayoutId`) REFERENCES `craft_fieldlayouts` (`id`) ON DELETE SET NULL;

--
-- Constraints for table `craft_tags`
--
ALTER TABLE `craft_tags`
	ADD CONSTRAINT `craft_tags_groupId_fk` FOREIGN KEY (`groupId`) REFERENCES `craft_taggroups` (`id`) ON DELETE CASCADE,
	ADD CONSTRAINT `craft_tags_id_fk` FOREIGN KEY (`id`) REFERENCES `craft_elements` (`id`) ON DELETE CASCADE;

--
-- Constraints for table `craft_templatecachecriteria`
--
ALTER TABLE `craft_templatecachecriteria`
	ADD CONSTRAINT `craft_templatecachecriteria_cacheId_fk` FOREIGN KEY (`cacheId`) REFERENCES `craft_templatecaches` (`id`) ON DELETE CASCADE;

--
-- Constraints for table `craft_templatecacheelements`
--
ALTER TABLE `craft_templatecacheelements`
	ADD CONSTRAINT `craft_templatecacheelements_cacheId_fk` FOREIGN KEY (`cacheId`) REFERENCES `craft_templatecaches` (`id`) ON DELETE CASCADE,
	ADD CONSTRAINT `craft_templatecacheelements_elementId_fk` FOREIGN KEY (`elementId`) REFERENCES `craft_elements` (`id`) ON DELETE CASCADE;

--
-- Constraints for table `craft_templatecaches`
--
ALTER TABLE `craft_templatecaches`
	ADD CONSTRAINT `craft_templatecaches_locale_fk` FOREIGN KEY (`locale`) REFERENCES `craft_locales` (`locale`) ON DELETE CASCADE ON UPDATE CASCADE;

--
-- Constraints for table `craft_usergroups_users`
--
ALTER TABLE `craft_usergroups_users`
	ADD CONSTRAINT `craft_usergroups_users_groupId_fk` FOREIGN KEY (`groupId`) REFERENCES `craft_usergroups` (`id`) ON DELETE CASCADE,
	ADD CONSTRAINT `craft_usergroups_users_userId_fk` FOREIGN KEY (`userId`) REFERENCES `craft_users` (`id`) ON DELETE CASCADE;

--
-- Constraints for table `craft_userpermissions_usergroups`
--
ALTER TABLE `craft_userpermissions_usergroups`
	ADD CONSTRAINT `craft_userpermissions_usergroups_groupId_fk` FOREIGN KEY (`groupId`) REFERENCES `craft_usergroups` (`id`) ON DELETE CASCADE,
	ADD CONSTRAINT `craft_userpermissions_usergroups_permissionId_fk` FOREIGN KEY (`permissionId`) REFERENCES `craft_userpermissions` (`id`) ON DELETE CASCADE;

--
-- Constraints for table `craft_userpermissions_users`
--
ALTER TABLE `craft_userpermissions_users`
	ADD CONSTRAINT `craft_userpermissions_users_permissionId_fk` FOREIGN KEY (`permissionId`) REFERENCES `craft_userpermissions` (`id`) ON DELETE CASCADE,
	ADD CONSTRAINT `craft_userpermissions_users_userId_fk` FOREIGN KEY (`userId`) REFERENCES `craft_users` (`id`) ON DELETE CASCADE;

--
-- Constraints for table `craft_users`
--
ALTER TABLE `craft_users`
	ADD CONSTRAINT `craft_users_id_fk` FOREIGN KEY (`id`) REFERENCES `craft_elements` (`id`) ON DELETE CASCADE,
	ADD CONSTRAINT `craft_users_preferredLocale_fk` FOREIGN KEY (`preferredLocale`) REFERENCES `craft_locales` (`locale`) ON DELETE SET NULL ON UPDATE CASCADE;

--
-- Constraints for table `craft_widgets`
--
ALTER TABLE `craft_widgets`
	ADD CONSTRAINT `craft_widgets_userId_fk` FOREIGN KEY (`userId`) REFERENCES `craft_users` (`id`) ON DELETE CASCADE;

SET FOREIGN_KEY_CHECKS = 1;
